ISO-10303-21;
HEADER;
FILE_DESCRIPTION(('FreeCAD Model'),'2;1');
FILE_NAME('Open CASCADE Shape Model','2025-04-20T16:12:56',(''),(''),
  'Open CASCADE STEP processor 7.8','FreeCAD','Unknown');
FILE_SCHEMA(('AUTOMOTIVE_DESIGN { 1 0 10303 214 1 1 1 1 }'));
ENDSEC;
DATA;
#1 = APPLICATION_PROTOCOL_DEFINITION('international standard',
  'automotive_design',2000,#2);
#2 = APPLICATION_CONTEXT(
  'core data for automotive mechanical design processes');
#3 = SHAPE_DEFINITION_REPRESENTATION(#4,#10);
#4 = PRODUCT_DEFINITION_SHAPE('','',#5);
#5 = PRODUCT_DEFINITION('design','',#6,#9);
#6 = PRODUCT_DEFINITION_FORMATION('','',#7);
#7 = PRODUCT('Body','Body','',(#8));
#8 = PRODUCT_CONTEXT('',#2,'mechanical');
#9 = PRODUCT_DEFINITION_CONTEXT('part definition',#2,'design');
#10 = ADVANCED_BREP_SHAPE_REPRESENTATION('',(#11,#15),#13082);
#11 = AXIS2_PLACEMENT_3D('',#12,#13,#14);
#12 = CARTESIAN_POINT('',(0.,0.,0.));
#13 = DIRECTION('',(0.,0.,1.));
#14 = DIRECTION('',(1.,0.,-0.));
#15 = MANIFOLD_SOLID_BREP('',#16);
#16 = CLOSED_SHELL('',(#17,#73,#112,#136,#178,#209,#304,#321,#451,#485,
    #501,#525,#549,#584,#630,#643,#697,#729,#753,#777,#795,#826,#857,
    #888,#913,#937,#961,#985,#1009,#1033,#1073,#1097,#1267,#1291,#1340,
    #1531,#1555,#1588,#1606,#1666,#1701,#1770,#1782,#1813,#1837,#1861,
    #1878,#1902,#1920,#1945,#1971,#2027,#2051,#2083,#2100,#2132,#2163,
    #2180,#2211,#2235,#2266,#2290,#2312,#2337,#2361,#2384,#2401,#2432,
    #2456,#2476,#2488,#2505,#2605,#2617,#2629,#2646,#2658,#2670,#2687,
    #2699,#2711,#2742,#2789,#2860,#2872,#2894,#2911,#2928,#2940,#2951,
    #2983,#3015,#3040,#3126,#3144,#3168,#3199,#3231,#3255,#3533,#3545,
    #3576,#3608,#3632,#3657,#3688,#3720,#3744,#3769,#3794,#3819,#5299,
    #5351,#5368,#5380,#5411,#5452,#5478,#5503,#5528,#5553,#5578,#5595,
    #5607,#5708,#5730,#5774,#5829,#5954,#5984,#6033,#6055,#6098,#6170,
    #6187,#6199,#6216,#6228,#6253,#6277,#6318,#6344,#6375,#6399,#6423,
    #6447,#6472,#6496,#6513,#6544,#6568,#6592,#6616,#6641,#6665,#6682,
    #6713,#6737,#6761,#6785,#6809,#6833,#6857,#6881,#6905,#6929,#6953,
    #6970,#7001,#7025,#7049,#7074,#7098,#7122,#7147,#7171,#7195,#7220,
    #7244,#7268,#7293,#7317,#7341,#7358,#7389,#7413,#7437,#7461,#7486,
    #7510,#7527,#7558,#7582,#7607,#7631,#7655,#7679,#7696,#7727,#7751,
    #7777,#7803,#7829,#7855,#7881,#7907,#7933,#7959,#7983,#8007,#8031,
    #8055,#8079,#8105,#8131,#8157,#8174,#8207,#8233,#8259,#8285,#8311,
    #8337,#8363,#8389,#8415,#8441,#8467,#8493,#8517,#8543,#8569,#8595,
    #8621,#8647,#8673,#8699,#8725,#8751,#8777,#8803,#8829,#8855,#8881,
    #8907,#8933,#8959,#8985,#9009,#9035,#9061,#9087,#9113,#9139,#9158,
    #9189,#9213,#9239,#9265,#9291,#9317,#9343,#9369,#9395,#9421,#9445,
    #9469,#9493,#9517,#9541,#9567,#9593,#9619,#9645,#9662,#9693,#9719,
    #9745,#9771,#9797,#9823,#9849,#9875,#9901,#9927,#9953,#9979,#10005,
    #10029,#10046,#10079,#10105,#10131,#10157,#10183,#10209,#10235,
    #10261,#10287,#10313,#10339,#10365,#10391,#10417,#10443,#10462,
    #10493,#10517,#10541,#10565,#10589,#10613,#10637,#10661,#10685,
    #10709,#10733,#10750,#10792,#10818,#10852,#10881,#10906,#10943,
    #10963,#10983,#11003,#11033,#11079,#11111,#11157,#11207,#11239,
    #11265,#11277,#11292,#11307,#11327,#11351,#11366,#11381,#11408,
    #11454,#11482,#11669,#11791,#11811,#11829,#11841,#11866,#11891,
    #11916,#11949,#11973,#11997,#12021,#12047,#12073,#12099,#12125,
    #12144,#12177,#12203,#12229,#12255,#12281,#12305,#12329,#12353,
    #12379,#12405,#12424,#12457,#12483,#12509,#12535,#12561,#12587,
    #12613,#12639,#12665,#12691,#12717,#12736,#12771,#12791,#12826,
    #12843,#12862,#12882,#12913,#12937,#12954,#12979,#13010,#13034,
    #13051,#13062,#13071));
#17 = ADVANCED_FACE('',(#18),#68,.F.);
#18 = FACE_BOUND('',#19,.F.);
#19 = EDGE_LOOP('',(#20,#30,#38,#46,#54,#62));
#20 = ORIENTED_EDGE('',*,*,#21,.T.);
#21 = EDGE_CURVE('',#22,#24,#26,.T.);
#22 = VERTEX_POINT('',#23);
#23 = CARTESIAN_POINT('',(2.1,9.75,45.));
#24 = VERTEX_POINT('',#25);
#25 = CARTESIAN_POINT('',(2.1,9.75,38.));
#26 = LINE('',#27,#28);
#27 = CARTESIAN_POINT('',(2.1,9.75,88.));
#28 = VECTOR('',#29,1.);
#29 = DIRECTION('',(-0.,-0.,-1.));
#30 = ORIENTED_EDGE('',*,*,#31,.T.);
#31 = EDGE_CURVE('',#24,#32,#34,.T.);
#32 = VERTEX_POINT('',#33);
#33 = CARTESIAN_POINT('',(2.1,10.5,38.));
#34 = LINE('',#35,#36);
#35 = CARTESIAN_POINT('',(2.1,5.25,38.));
#36 = VECTOR('',#37,1.);
#37 = DIRECTION('',(0.,1.,0.));
#38 = ORIENTED_EDGE('',*,*,#39,.T.);
#39 = EDGE_CURVE('',#32,#40,#42,.T.);
#40 = VERTEX_POINT('',#41);
#41 = CARTESIAN_POINT('',(2.1,10.5,6.));
#42 = LINE('',#43,#44);
#43 = CARTESIAN_POINT('',(2.1,10.5,99.));
#44 = VECTOR('',#45,1.);
#45 = DIRECTION('',(-0.,-0.,-1.));
#46 = ORIENTED_EDGE('',*,*,#47,.F.);
#47 = EDGE_CURVE('',#48,#40,#50,.T.);
#48 = VERTEX_POINT('',#49);
#49 = CARTESIAN_POINT('',(2.1,8.05,6.));
#50 = LINE('',#51,#52);
#51 = CARTESIAN_POINT('',(2.1,5.25,6.));
#52 = VECTOR('',#53,1.);
#53 = DIRECTION('',(0.,1.,0.));
#54 = ORIENTED_EDGE('',*,*,#55,.F.);
#55 = EDGE_CURVE('',#56,#48,#58,.T.);
#56 = VERTEX_POINT('',#57);
#57 = CARTESIAN_POINT('',(2.1,8.05,45.));
#58 = LINE('',#59,#60);
#59 = CARTESIAN_POINT('',(2.1,8.05,99.));
#60 = VECTOR('',#61,1.);
#61 = DIRECTION('',(-0.,-0.,-1.));
#62 = ORIENTED_EDGE('',*,*,#63,.T.);
#63 = EDGE_CURVE('',#56,#22,#64,.T.);
#64 = LINE('',#65,#66);
#65 = CARTESIAN_POINT('',(2.1,8.05,45.));
#66 = VECTOR('',#67,1.);
#67 = DIRECTION('',(0.,1.,0.));
#68 = PLANE('',#69);
#69 = AXIS2_PLACEMENT_3D('',#70,#71,#72);
#70 = CARTESIAN_POINT('',(2.1,10.5,99.));
#71 = DIRECTION('',(-1.,0.,0.));
#72 = DIRECTION('',(0.,-1.,0.));
#73 = ADVANCED_FACE('',(#74),#107,.T.);
#74 = FACE_BOUND('',#75,.T.);
#75 = EDGE_LOOP('',(#76,#86,#92,#93,#101));
#76 = ORIENTED_EDGE('',*,*,#77,.F.);
#77 = EDGE_CURVE('',#78,#80,#82,.T.);
#78 = VERTEX_POINT('',#79);
#79 = CARTESIAN_POINT('',(1.1,9.75,48.));
#80 = VERTEX_POINT('',#81);
#81 = CARTESIAN_POINT('',(1.E-15,9.75,48.));
#82 = LINE('',#83,#84);
#83 = CARTESIAN_POINT('',(1.05,9.75,48.));
#84 = VECTOR('',#85,1.);
#85 = DIRECTION('',(-1.,0.,0.));
#86 = ORIENTED_EDGE('',*,*,#87,.F.);
#87 = EDGE_CURVE('',#22,#78,#88,.T.);
#88 = LINE('',#89,#90);
#89 = CARTESIAN_POINT('',(-4.6,9.75,65.1));
#90 = VECTOR('',#91,1.);
#91 = DIRECTION('',(-0.316227766017,0.,0.948683298051));
#92 = ORIENTED_EDGE('',*,*,#21,.T.);
#93 = ORIENTED_EDGE('',*,*,#94,.F.);
#94 = EDGE_CURVE('',#95,#24,#97,.T.);
#95 = VERTEX_POINT('',#96);
#96 = CARTESIAN_POINT('',(1.E-15,9.75,38.));
#97 = LINE('',#98,#99);
#98 = CARTESIAN_POINT('',(1.05,9.75,38.));
#99 = VECTOR('',#100,1.);
#100 = DIRECTION('',(1.,0.,0.));
#101 = ORIENTED_EDGE('',*,*,#102,.F.);
#102 = EDGE_CURVE('',#80,#95,#103,.T.);
#103 = LINE('',#104,#105);
#104 = CARTESIAN_POINT('',(5.2E-16,9.75,88.));
#105 = VECTOR('',#106,1.);
#106 = DIRECTION('',(-0.,-0.,-1.));
#107 = PLANE('',#108);
#108 = AXIS2_PLACEMENT_3D('',#109,#110,#111);
#109 = CARTESIAN_POINT('',(2.1,9.75,88.));
#110 = DIRECTION('',(0.,1.,0.));
#111 = DIRECTION('',(-1.,0.,0.));
#112 = ADVANCED_FACE('',(#113),#131,.F.);
#113 = FACE_BOUND('',#114,.T.);
#114 = EDGE_LOOP('',(#115,#123,#124,#125));
#115 = ORIENTED_EDGE('',*,*,#116,.F.);
#116 = EDGE_CURVE('',#56,#117,#119,.T.);
#117 = VERTEX_POINT('',#118);
#118 = CARTESIAN_POINT('',(1.1,8.05,48.));
#119 = LINE('',#120,#121);
#120 = CARTESIAN_POINT('',(1.6,8.05,46.5));
#121 = VECTOR('',#122,1.);
#122 = DIRECTION('',(-0.316227766017,0.,0.948683298051));
#123 = ORIENTED_EDGE('',*,*,#63,.T.);
#124 = ORIENTED_EDGE('',*,*,#87,.T.);
#125 = ORIENTED_EDGE('',*,*,#126,.F.);
#126 = EDGE_CURVE('',#117,#78,#127,.T.);
#127 = LINE('',#128,#129);
#128 = CARTESIAN_POINT('',(1.1,8.05,48.));
#129 = VECTOR('',#130,1.);
#130 = DIRECTION('',(0.,1.,0.));
#131 = PLANE('',#132);
#132 = AXIS2_PLACEMENT_3D('',#133,#134,#135);
#133 = CARTESIAN_POINT('',(1.6,8.05,46.5));
#134 = DIRECTION('',(-0.948683298051,0.,-0.316227766017));
#135 = DIRECTION('',(-0.,-1.,-0.));
#136 = ADVANCED_FACE('',(#137),#173,.T.);
#137 = FACE_BOUND('',#138,.T.);
#138 = EDGE_LOOP('',(#139,#147,#156,#164,#171,#172));
#139 = ORIENTED_EDGE('',*,*,#140,.F.);
#140 = EDGE_CURVE('',#141,#32,#143,.T.);
#141 = VERTEX_POINT('',#142);
#142 = CARTESIAN_POINT('',(-4.E-15,10.5,38.));
#143 = LINE('',#144,#145);
#144 = CARTESIAN_POINT('',(1.05,10.5,38.));
#145 = VECTOR('',#146,1.);
#146 = DIRECTION('',(1.,0.,0.));
#147 = ORIENTED_EDGE('',*,*,#148,.T.);
#148 = EDGE_CURVE('',#141,#149,#151,.T.);
#149 = VERTEX_POINT('',#150);
#150 = CARTESIAN_POINT('',(-10.06230589874,3.,38.));
#151 = CIRCLE('',#152,10.5);
#152 = AXIS2_PLACEMENT_3D('',#153,#154,#155);
#153 = CARTESIAN_POINT('',(0.,0.,38.));
#154 = DIRECTION('',(0.,0.,1.));
#155 = DIRECTION('',(1.,0.,0.));
#156 = ORIENTED_EDGE('',*,*,#157,.F.);
#157 = EDGE_CURVE('',#158,#149,#160,.T.);
#158 = VERTEX_POINT('',#159);
#159 = CARTESIAN_POINT('',(-9.27698765764,3.,38.));
#160 = LINE('',#161,#162);
#161 = CARTESIAN_POINT('',(-5.031152949375,3.,38.));
#162 = VECTOR('',#163,1.);
#163 = DIRECTION('',(-1.,0.,0.));
#164 = ORIENTED_EDGE('',*,*,#165,.F.);
#165 = EDGE_CURVE('',#95,#158,#166,.T.);
#166 = CIRCLE('',#167,9.75);
#167 = AXIS2_PLACEMENT_3D('',#168,#169,#170);
#168 = CARTESIAN_POINT('',(0.,0.,38.));
#169 = DIRECTION('',(0.,0.,1.));
#170 = DIRECTION('',(1.,0.,0.));
#171 = ORIENTED_EDGE('',*,*,#94,.T.);
#172 = ORIENTED_EDGE('',*,*,#31,.T.);
#173 = PLANE('',#174);
#174 = AXIS2_PLACEMENT_3D('',#175,#176,#177);
#175 = CARTESIAN_POINT('',(-3.6E-16,-6.E-17,38.));
#176 = DIRECTION('',(0.,0.,1.));
#177 = DIRECTION('',(1.,0.,0.));
#178 = ADVANCED_FACE('',(#179),#204,.F.);
#179 = FACE_BOUND('',#180,.F.);
#180 = EDGE_LOOP('',(#181,#191,#197,#198));
#181 = ORIENTED_EDGE('',*,*,#182,.F.);
#182 = EDGE_CURVE('',#183,#185,#187,.T.);
#183 = VERTEX_POINT('',#184);
#184 = CARTESIAN_POINT('',(15.6,8.05,45.));
#185 = VERTEX_POINT('',#186);
#186 = CARTESIAN_POINT('',(15.6,8.05,6.));
#187 = LINE('',#188,#189);
#188 = CARTESIAN_POINT('',(15.6,8.05,99.));
#189 = VECTOR('',#190,1.);
#190 = DIRECTION('',(-0.,-0.,-1.));
#191 = ORIENTED_EDGE('',*,*,#192,.T.);
#192 = EDGE_CURVE('',#183,#56,#193,.T.);
#193 = LINE('',#194,#195);
#194 = CARTESIAN_POINT('',(15.6,8.05,45.));
#195 = VECTOR('',#196,1.);
#196 = DIRECTION('',(-1.,0.,0.));
#197 = ORIENTED_EDGE('',*,*,#55,.T.);
#198 = ORIENTED_EDGE('',*,*,#199,.F.);
#199 = EDGE_CURVE('',#185,#48,#200,.T.);
#200 = LINE('',#201,#202);
#201 = CARTESIAN_POINT('',(6.55,8.05,6.));
#202 = VECTOR('',#203,1.);
#203 = DIRECTION('',(-1.,0.,0.));
#204 = PLANE('',#205);
#205 = AXIS2_PLACEMENT_3D('',#206,#207,#208);
#206 = CARTESIAN_POINT('',(2.1,8.05,99.));
#207 = DIRECTION('',(0.,-1.,0.));
#208 = DIRECTION('',(1.,0.,0.));
#209 = ADVANCED_FACE('',(#210),#299,.F.);
#210 = FACE_BOUND('',#211,.F.);
#211 = EDGE_LOOP('',(#212,#222,#230,#238,#246,#252,#253,#261,#269,#277,
    #285,#293));
#212 = ORIENTED_EDGE('',*,*,#213,.F.);
#213 = EDGE_CURVE('',#214,#216,#218,.T.);
#214 = VERTEX_POINT('',#215);
#215 = CARTESIAN_POINT('',(15.6,10.5,69.));
#216 = VERTEX_POINT('',#217);
#217 = CARTESIAN_POINT('',(15.6,10.5,63.3));
#218 = LINE('',#219,#220);
#219 = CARTESIAN_POINT('',(15.6,10.5,99.));
#220 = VECTOR('',#221,1.);
#221 = DIRECTION('',(-0.,-0.,-1.));
#222 = ORIENTED_EDGE('',*,*,#223,.T.);
#223 = EDGE_CURVE('',#214,#224,#226,.T.);
#224 = VERTEX_POINT('',#225);
#225 = CARTESIAN_POINT('',(20.,10.5,69.));
#226 = LINE('',#227,#228);
#227 = CARTESIAN_POINT('',(16.5,10.5,69.));
#228 = VECTOR('',#229,1.);
#229 = DIRECTION('',(1.,0.,0.));
#230 = ORIENTED_EDGE('',*,*,#231,.T.);
#231 = EDGE_CURVE('',#224,#232,#234,.T.);
#232 = VERTEX_POINT('',#233);
#233 = CARTESIAN_POINT('',(20.,10.5,6.));
#234 = LINE('',#235,#236);
#235 = CARTESIAN_POINT('',(20.,10.5,99.));
#236 = VECTOR('',#237,1.);
#237 = DIRECTION('',(-0.,-0.,-1.));
#238 = ORIENTED_EDGE('',*,*,#239,.F.);
#239 = EDGE_CURVE('',#240,#232,#242,.T.);
#240 = VERTEX_POINT('',#241);
#241 = CARTESIAN_POINT('',(15.6,10.5,6.));
#242 = LINE('',#243,#244);
#243 = CARTESIAN_POINT('',(15.5,10.5,6.));
#244 = VECTOR('',#245,1.);
#245 = DIRECTION('',(1.,0.,0.));
#246 = ORIENTED_EDGE('',*,*,#247,.F.);
#247 = EDGE_CURVE('',#40,#240,#248,.T.);
#248 = LINE('',#249,#250);
#249 = CARTESIAN_POINT('',(15.5,10.5,6.));
#250 = VECTOR('',#251,1.);
#251 = DIRECTION('',(1.,0.,0.));
#252 = ORIENTED_EDGE('',*,*,#39,.F.);
#253 = ORIENTED_EDGE('',*,*,#254,.F.);
#254 = EDGE_CURVE('',#255,#32,#257,.T.);
#255 = VERTEX_POINT('',#256);
#256 = CARTESIAN_POINT('',(2.1,10.5,48.));
#257 = LINE('',#258,#259);
#258 = CARTESIAN_POINT('',(2.1,10.5,99.));
#259 = VECTOR('',#260,1.);
#260 = DIRECTION('',(-0.,-0.,-1.));
#261 = ORIENTED_EDGE('',*,*,#262,.F.);
#262 = EDGE_CURVE('',#263,#255,#265,.T.);
#263 = VERTEX_POINT('',#264);
#264 = CARTESIAN_POINT('',(3.5,10.5,48.));
#265 = LINE('',#266,#267);
#266 = CARTESIAN_POINT('',(1.4E-16,10.5,48.));
#267 = VECTOR('',#268,1.);
#268 = DIRECTION('',(-1.,0.,0.));
#269 = ORIENTED_EDGE('',*,*,#270,.F.);
#270 = EDGE_CURVE('',#271,#263,#273,.T.);
#271 = VERTEX_POINT('',#272);
#272 = CARTESIAN_POINT('',(3.5,10.5,7.4));
#273 = LINE('',#274,#275);
#274 = CARTESIAN_POINT('',(3.5,10.5,7.4));
#275 = VECTOR('',#276,1.);
#276 = DIRECTION('',(0.,0.,1.));
#277 = ORIENTED_EDGE('',*,*,#278,.F.);
#278 = EDGE_CURVE('',#279,#271,#281,.T.);
#279 = VERTEX_POINT('',#280);
#280 = CARTESIAN_POINT('',(18.5,10.5,7.4));
#281 = LINE('',#282,#283);
#282 = CARTESIAN_POINT('',(18.5,10.5,7.4));
#283 = VECTOR('',#284,1.);
#284 = DIRECTION('',(-1.,0.,0.));
#285 = ORIENTED_EDGE('',*,*,#286,.F.);
#286 = EDGE_CURVE('',#287,#279,#289,.T.);
#287 = VERTEX_POINT('',#288);
#288 = CARTESIAN_POINT('',(18.5,10.5,63.3));
#289 = LINE('',#290,#291);
#290 = CARTESIAN_POINT('',(18.5,10.5,63.3));
#291 = VECTOR('',#292,1.);
#292 = DIRECTION('',(0.,0.,-1.));
#293 = ORIENTED_EDGE('',*,*,#294,.F.);
#294 = EDGE_CURVE('',#216,#287,#295,.T.);
#295 = LINE('',#296,#297);
#296 = CARTESIAN_POINT('',(3.5,10.5,63.3));
#297 = VECTOR('',#298,1.);
#298 = DIRECTION('',(1.,0.,0.));
#299 = PLANE('',#300);
#300 = AXIS2_PLACEMENT_3D('',#301,#302,#303);
#301 = CARTESIAN_POINT('',(20.,10.5,99.));
#302 = DIRECTION('',(0.,1.,0.));
#303 = DIRECTION('',(-1.,0.,0.));
#304 = ADVANCED_FACE('',(#305),#316,.T.);
#305 = FACE_BOUND('',#306,.T.);
#306 = EDGE_LOOP('',(#307,#313,#314,#315));
#307 = ORIENTED_EDGE('',*,*,#308,.T.);
#308 = EDGE_CURVE('',#185,#240,#309,.T.);
#309 = LINE('',#310,#311);
#310 = CARTESIAN_POINT('',(15.6,6.020683727387,6.));
#311 = VECTOR('',#312,1.);
#312 = DIRECTION('',(0.,1.,0.));
#313 = ORIENTED_EDGE('',*,*,#247,.F.);
#314 = ORIENTED_EDGE('',*,*,#47,.F.);
#315 = ORIENTED_EDGE('',*,*,#199,.F.);
#316 = PLANE('',#317);
#317 = AXIS2_PLACEMENT_3D('',#318,#319,#320);
#318 = CARTESIAN_POINT('',(11.,-5.E-16,6.));
#319 = DIRECTION('',(0.,0.,1.));
#320 = DIRECTION('',(1.,0.,0.));
#321 = ADVANCED_FACE('',(#322),#446,.T.);
#322 = FACE_BOUND('',#323,.T.);
#323 = EDGE_LOOP('',(#324,#325,#334,#342,#350,#358,#366,#374,#383,#391,
    #399,#407,#415,#423,#431,#439,#445));
#324 = ORIENTED_EDGE('',*,*,#77,.T.);
#325 = ORIENTED_EDGE('',*,*,#326,.T.);
#326 = EDGE_CURVE('',#80,#327,#329,.T.);
#327 = VERTEX_POINT('',#328);
#328 = CARTESIAN_POINT('',(-2.473863375371,9.430933145771,48.));
#329 = CIRCLE('',#330,9.75);
#330 = AXIS2_PLACEMENT_3D('',#331,#332,#333);
#331 = CARTESIAN_POINT('',(0.,0.,48.));
#332 = DIRECTION('',(0.,0.,1.));
#333 = DIRECTION('',(1.,0.,0.));
#334 = ORIENTED_EDGE('',*,*,#335,.T.);
#335 = EDGE_CURVE('',#327,#336,#338,.T.);
#336 = VERTEX_POINT('',#337);
#337 = CARTESIAN_POINT('',(-2.473863375371,8.05,48.));
#338 = LINE('',#339,#340);
#339 = CARTESIAN_POINT('',(-2.473863375371,4.025,48.));
#340 = VECTOR('',#341,1.);
#341 = DIRECTION('',(0.,-1.,0.));
#342 = ORIENTED_EDGE('',*,*,#343,.T.);
#343 = EDGE_CURVE('',#336,#344,#346,.T.);
#344 = VERTEX_POINT('',#345);
#345 = CARTESIAN_POINT('',(-3.673863375371,8.05,48.));
#346 = LINE('',#347,#348);
#347 = CARTESIAN_POINT('',(-1.836931687685,8.05,48.));
#348 = VECTOR('',#349,1.);
#349 = DIRECTION('',(-1.,0.,0.));
#350 = ORIENTED_EDGE('',*,*,#351,.T.);
#351 = EDGE_CURVE('',#344,#352,#354,.T.);
#352 = VERTEX_POINT('',#353);
#353 = CARTESIAN_POINT('',(-3.673863375371,6.75,48.));
#354 = LINE('',#355,#356);
#355 = CARTESIAN_POINT('',(-3.673863375371,3.375,48.));
#356 = VECTOR('',#357,1.);
#357 = DIRECTION('',(0.,-1.,0.));
#358 = ORIENTED_EDGE('',*,*,#359,.T.);
#359 = EDGE_CURVE('',#352,#360,#362,.T.);
#360 = VERTEX_POINT('',#361);
#361 = CARTESIAN_POINT('',(-2.473863375371,6.75,48.));
#362 = LINE('',#363,#364);
#363 = CARTESIAN_POINT('',(-1.236931687685,6.75,48.));
#364 = VECTOR('',#365,1.);
#365 = DIRECTION('',(1.,0.,0.));
#366 = ORIENTED_EDGE('',*,*,#367,.T.);
#367 = EDGE_CURVE('',#360,#368,#370,.T.);
#368 = VERTEX_POINT('',#369);
#369 = CARTESIAN_POINT('',(-2.473863375371,4.8,48.));
#370 = LINE('',#371,#372);
#371 = CARTESIAN_POINT('',(-2.473863375371,2.4,48.));
#372 = VECTOR('',#373,1.);
#373 = DIRECTION('',(0.,-1.,0.));
#374 = ORIENTED_EDGE('',*,*,#375,.T.);
#375 = EDGE_CURVE('',#368,#376,#378,.T.);
#376 = VERTEX_POINT('',#377);
#377 = CARTESIAN_POINT('',(2.473863375371,4.8,48.));
#378 = CIRCLE('',#379,5.4);
#379 = AXIS2_PLACEMENT_3D('',#380,#381,#382);
#380 = CARTESIAN_POINT('',(0.,0.,48.));
#381 = DIRECTION('',(0.,0.,-1.));
#382 = DIRECTION('',(1.,0.,0.));
#383 = ORIENTED_EDGE('',*,*,#384,.T.);
#384 = EDGE_CURVE('',#376,#385,#387,.T.);
#385 = VERTEX_POINT('',#386);
#386 = CARTESIAN_POINT('',(14.086931985787,4.8,48.));
#387 = LINE('',#388,#389);
#388 = CARTESIAN_POINT('',(7.043465992894,4.8,48.));
#389 = VECTOR('',#390,1.);
#390 = DIRECTION('',(1.,0.,0.));
#391 = ORIENTED_EDGE('',*,*,#392,.F.);
#392 = EDGE_CURVE('',#393,#385,#395,.T.);
#393 = VERTEX_POINT('',#394);
#394 = CARTESIAN_POINT('',(15.05,5.95,48.));
#395 = LINE('',#396,#397);
#396 = CARTESIAN_POINT('',(10.002095351282,-7.770547910888E-02,48.));
#397 = VECTOR('',#398,1.);
#398 = DIRECTION('',(-0.642045342809,-0.766666666667,0.));
#399 = ORIENTED_EDGE('',*,*,#400,.T.);
#400 = EDGE_CURVE('',#393,#401,#403,.T.);
#401 = VERTEX_POINT('',#402);
#402 = CARTESIAN_POINT('',(15.05,6.75,48.));
#403 = LINE('',#404,#405);
#404 = CARTESIAN_POINT('',(15.05,3.375,48.));
#405 = VECTOR('',#406,1.);
#406 = DIRECTION('',(0.,1.,0.));
#407 = ORIENTED_EDGE('',*,*,#408,.T.);
#408 = EDGE_CURVE('',#401,#409,#411,.T.);
#409 = VERTEX_POINT('',#410);
#410 = CARTESIAN_POINT('',(15.6,6.75,48.));
#411 = LINE('',#412,#413);
#412 = CARTESIAN_POINT('',(7.8,6.75,48.));
#413 = VECTOR('',#414,1.);
#414 = DIRECTION('',(1.,0.,0.));
#415 = ORIENTED_EDGE('',*,*,#416,.T.);
#416 = EDGE_CURVE('',#409,#417,#419,.T.);
#417 = VERTEX_POINT('',#418);
#418 = CARTESIAN_POINT('',(15.6,7.05,48.));
#419 = LINE('',#420,#421);
#420 = CARTESIAN_POINT('',(15.6,5.25,48.));
#421 = VECTOR('',#422,1.);
#422 = DIRECTION('',(0.,1.,0.));
#423 = ORIENTED_EDGE('',*,*,#424,.T.);
#424 = EDGE_CURVE('',#417,#425,#427,.T.);
#425 = VERTEX_POINT('',#426);
#426 = CARTESIAN_POINT('',(2.1,7.05,48.));
#427 = LINE('',#428,#429);
#428 = CARTESIAN_POINT('',(15.6,7.05,48.));
#429 = VECTOR('',#430,1.);
#430 = DIRECTION('',(-1.,0.,0.));
#431 = ORIENTED_EDGE('',*,*,#432,.T.);
#432 = EDGE_CURVE('',#425,#433,#435,.T.);
#433 = VERTEX_POINT('',#434);
#434 = CARTESIAN_POINT('',(1.1,7.05,48.));
#435 = LINE('',#436,#437);
#436 = CARTESIAN_POINT('',(7.8,7.05,48.));
#437 = VECTOR('',#438,1.);
#438 = DIRECTION('',(-1.,-2.E-17,0.));
#439 = ORIENTED_EDGE('',*,*,#440,.T.);
#440 = EDGE_CURVE('',#433,#117,#441,.T.);
#441 = LINE('',#442,#443);
#442 = CARTESIAN_POINT('',(1.1,7.05,48.));
#443 = VECTOR('',#444,1.);
#444 = DIRECTION('',(0.,1.,0.));
#445 = ORIENTED_EDGE('',*,*,#126,.T.);
#446 = PLANE('',#447);
#447 = AXIS2_PLACEMENT_3D('',#448,#449,#450);
#448 = CARTESIAN_POINT('',(-3.6E-16,-6.E-17,48.));
#449 = DIRECTION('',(0.,0.,1.));
#450 = DIRECTION('',(1.,0.,0.));
#451 = ADVANCED_FACE('',(#452),#480,.T.);
#452 = FACE_BOUND('',#453,.T.);
#453 = EDGE_LOOP('',(#454,#465,#471,#472,#473,#474));
#454 = ORIENTED_EDGE('',*,*,#455,.F.);
#455 = EDGE_CURVE('',#456,#458,#460,.T.);
#456 = VERTEX_POINT('',#457);
#457 = CARTESIAN_POINT('',(-2.473863375371,9.430933145771,88.));
#458 = VERTEX_POINT('',#459);
#459 = CARTESIAN_POINT('',(-9.27698765764,3.,88.));
#460 = CIRCLE('',#461,9.75);
#461 = AXIS2_PLACEMENT_3D('',#462,#463,#464);
#462 = CARTESIAN_POINT('',(0.,0.,88.));
#463 = DIRECTION('',(0.,0.,1.));
#464 = DIRECTION('',(1.,0.,0.));
#465 = ORIENTED_EDGE('',*,*,#466,.F.);
#466 = EDGE_CURVE('',#327,#456,#467,.T.);
#467 = LINE('',#468,#469);
#468 = CARTESIAN_POINT('',(-2.473863375371,9.430933145771,88.));
#469 = VECTOR('',#470,1.);
#470 = DIRECTION('',(0.,0.,1.));
#471 = ORIENTED_EDGE('',*,*,#326,.F.);
#472 = ORIENTED_EDGE('',*,*,#102,.T.);
#473 = ORIENTED_EDGE('',*,*,#165,.T.);
#474 = ORIENTED_EDGE('',*,*,#475,.F.);
#475 = EDGE_CURVE('',#458,#158,#476,.T.);
#476 = LINE('',#477,#478);
#477 = CARTESIAN_POINT('',(-9.27698765764,3.,88.));
#478 = VECTOR('',#479,1.);
#479 = DIRECTION('',(-0.,-0.,-1.));
#480 = CYLINDRICAL_SURFACE('',#481,9.75);
#481 = AXIS2_PLACEMENT_3D('',#482,#483,#484);
#482 = CARTESIAN_POINT('',(0.,0.,88.));
#483 = DIRECTION('',(0.,0.,1.));
#484 = DIRECTION('',(1.,0.,0.));
#485 = ADVANCED_FACE('',(#486),#496,.F.);
#486 = FACE_BOUND('',#487,.T.);
#487 = EDGE_LOOP('',(#488,#494,#495));
#488 = ORIENTED_EDGE('',*,*,#489,.F.);
#489 = EDGE_CURVE('',#56,#433,#490,.T.);
#490 = LINE('',#491,#492);
#491 = CARTESIAN_POINT('',(2.213636363636,8.163636363636,44.659090909091
    ));
#492 = VECTOR('',#493,1.);
#493 = DIRECTION('',(-0.301511344578,-0.301511344578,0.904534033733));
#494 = ORIENTED_EDGE('',*,*,#116,.T.);
#495 = ORIENTED_EDGE('',*,*,#440,.F.);
#496 = PLANE('',#497);
#497 = AXIS2_PLACEMENT_3D('',#498,#499,#500);
#498 = CARTESIAN_POINT('',(1.6,7.05,46.5));
#499 = DIRECTION('',(-0.948683298051,0.,-0.316227766017));
#500 = DIRECTION('',(-0.,-1.,-0.));
#501 = ADVANCED_FACE('',(#502),#520,.F.);
#502 = FACE_BOUND('',#503,.F.);
#503 = EDGE_LOOP('',(#504,#512,#513,#514));
#504 = ORIENTED_EDGE('',*,*,#505,.F.);
#505 = EDGE_CURVE('',#255,#506,#508,.T.);
#506 = VERTEX_POINT('',#507);
#507 = CARTESIAN_POINT('',(1.E-15,10.5,48.));
#508 = LINE('',#509,#510);
#509 = CARTESIAN_POINT('',(1.4E-16,10.5,48.));
#510 = VECTOR('',#511,1.);
#511 = DIRECTION('',(-1.,0.,0.));
#512 = ORIENTED_EDGE('',*,*,#254,.T.);
#513 = ORIENTED_EDGE('',*,*,#140,.F.);
#514 = ORIENTED_EDGE('',*,*,#515,.F.);
#515 = EDGE_CURVE('',#506,#141,#516,.T.);
#516 = LINE('',#517,#518);
#517 = CARTESIAN_POINT('',(-4.01E-15,10.5,88.));
#518 = VECTOR('',#519,1.);
#519 = DIRECTION('',(-0.,-0.,-1.));
#520 = PLANE('',#521);
#521 = AXIS2_PLACEMENT_3D('',#522,#523,#524);
#522 = CARTESIAN_POINT('',(2.1,10.5,88.));
#523 = DIRECTION('',(0.,1.,0.));
#524 = DIRECTION('',(-1.,0.,0.));
#525 = ADVANCED_FACE('',(#526),#544,.F.);
#526 = FACE_BOUND('',#527,.F.);
#527 = EDGE_LOOP('',(#528,#536,#542,#543));
#528 = ORIENTED_EDGE('',*,*,#529,.F.);
#529 = EDGE_CURVE('',#530,#458,#532,.T.);
#530 = VERTEX_POINT('',#531);
#531 = CARTESIAN_POINT('',(-10.06230589874,3.,88.));
#532 = LINE('',#533,#534);
#533 = CARTESIAN_POINT('',(-10.06230589874,3.,88.));
#534 = VECTOR('',#535,1.);
#535 = DIRECTION('',(1.,0.,0.));
#536 = ORIENTED_EDGE('',*,*,#537,.T.);
#537 = EDGE_CURVE('',#530,#149,#538,.T.);
#538 = LINE('',#539,#540);
#539 = CARTESIAN_POINT('',(-10.06230589874,3.,88.));
#540 = VECTOR('',#541,1.);
#541 = DIRECTION('',(-0.,-0.,-1.));
#542 = ORIENTED_EDGE('',*,*,#157,.F.);
#543 = ORIENTED_EDGE('',*,*,#475,.F.);
#544 = PLANE('',#545);
#545 = AXIS2_PLACEMENT_3D('',#546,#547,#548);
#546 = CARTESIAN_POINT('',(-10.06230589874,3.,88.));
#547 = DIRECTION('',(0.,-1.,0.));
#548 = DIRECTION('',(1.,0.,0.));
#549 = ADVANCED_FACE('',(#550),#579,.F.);
#550 = FACE_BOUND('',#551,.F.);
#551 = EDGE_LOOP('',(#552,#561,#569,#576,#577,#578));
#552 = ORIENTED_EDGE('',*,*,#553,.F.);
#553 = EDGE_CURVE('',#554,#530,#556,.T.);
#554 = VERTEX_POINT('',#555);
#555 = CARTESIAN_POINT('',(-2.473863375371,10.204410811017,88.));
#556 = CIRCLE('',#557,10.5);
#557 = AXIS2_PLACEMENT_3D('',#558,#559,#560);
#558 = CARTESIAN_POINT('',(0.,0.,88.));
#559 = DIRECTION('',(0.,0.,1.));
#560 = DIRECTION('',(1.,0.,0.));
#561 = ORIENTED_EDGE('',*,*,#562,.T.);
#562 = EDGE_CURVE('',#554,#563,#565,.T.);
#563 = VERTEX_POINT('',#564);
#564 = CARTESIAN_POINT('',(-2.473863375371,10.204410811017,48.));
#565 = LINE('',#566,#567);
#566 = CARTESIAN_POINT('',(-2.473863375371,10.204410811017,99.));
#567 = VECTOR('',#568,1.);
#568 = DIRECTION('',(-0.,-0.,-1.));
#569 = ORIENTED_EDGE('',*,*,#570,.F.);
#570 = EDGE_CURVE('',#506,#563,#571,.T.);
#571 = CIRCLE('',#572,10.5);
#572 = AXIS2_PLACEMENT_3D('',#573,#574,#575);
#573 = CARTESIAN_POINT('',(0.,0.,48.));
#574 = DIRECTION('',(0.,0.,1.));
#575 = DIRECTION('',(1.,0.,0.));
#576 = ORIENTED_EDGE('',*,*,#515,.T.);
#577 = ORIENTED_EDGE('',*,*,#148,.T.);
#578 = ORIENTED_EDGE('',*,*,#537,.F.);
#579 = CYLINDRICAL_SURFACE('',#580,10.5);
#580 = AXIS2_PLACEMENT_3D('',#581,#582,#583);
#581 = CARTESIAN_POINT('',(0.,0.,88.));
#582 = DIRECTION('',(0.,0.,1.));
#583 = DIRECTION('',(1.,0.,0.));
#584 = ADVANCED_FACE('',(#585),#625,.T.);
#585 = FACE_BOUND('',#586,.T.);
#586 = EDGE_LOOP('',(#587,#588,#596,#604,#612,#618,#619));
#587 = ORIENTED_EDGE('',*,*,#416,.F.);
#588 = ORIENTED_EDGE('',*,*,#589,.F.);
#589 = EDGE_CURVE('',#590,#409,#592,.T.);
#590 = VERTEX_POINT('',#591);
#591 = CARTESIAN_POINT('',(15.6,6.75,69.));
#592 = LINE('',#593,#594);
#593 = CARTESIAN_POINT('',(15.6,6.75,99.));
#594 = VECTOR('',#595,1.);
#595 = DIRECTION('',(-0.,-0.,-1.));
#596 = ORIENTED_EDGE('',*,*,#597,.T.);
#597 = EDGE_CURVE('',#590,#598,#600,.T.);
#598 = VERTEX_POINT('',#599);
#599 = CARTESIAN_POINT('',(15.6,6.020683727387,69.));
#600 = LINE('',#601,#602);
#601 = CARTESIAN_POINT('',(15.6,3.010341863694,69.));
#602 = VECTOR('',#603,1.);
#603 = DIRECTION('',(0.,-1.,0.));
#604 = ORIENTED_EDGE('',*,*,#605,.T.);
#605 = EDGE_CURVE('',#598,#606,#608,.T.);
#606 = VERTEX_POINT('',#607);
#607 = CARTESIAN_POINT('',(15.6,6.020683727387,6.));
#608 = LINE('',#609,#610);
#609 = CARTESIAN_POINT('',(15.6,6.020683727387,99.));
#610 = VECTOR('',#611,1.);
#611 = DIRECTION('',(-0.,-0.,-1.));
#612 = ORIENTED_EDGE('',*,*,#613,.F.);
#613 = EDGE_CURVE('',#185,#606,#614,.T.);
#614 = LINE('',#615,#616);
#615 = CARTESIAN_POINT('',(15.6,3.010341863694,6.));
#616 = VECTOR('',#617,1.);
#617 = DIRECTION('',(0.,-1.,0.));
#618 = ORIENTED_EDGE('',*,*,#182,.F.);
#619 = ORIENTED_EDGE('',*,*,#620,.F.);
#620 = EDGE_CURVE('',#417,#183,#621,.T.);
#621 = LINE('',#622,#623);
#622 = CARTESIAN_POINT('',(15.6,-0.401465813631,70.354397440892));
#623 = VECTOR('',#624,1.);
#624 = DIRECTION('',(0.,0.316227766017,-0.948683298051));
#625 = PLANE('',#626);
#626 = AXIS2_PLACEMENT_3D('',#627,#628,#629);
#627 = CARTESIAN_POINT('',(15.6,6.020683727387,99.));
#628 = DIRECTION('',(1.,0.,0.));
#629 = DIRECTION('',(0.,1.,0.));
#630 = ADVANCED_FACE('',(#631),#638,.F.);
#631 = FACE_BOUND('',#632,.F.);
#632 = EDGE_LOOP('',(#633,#634,#635,#636,#637));
#633 = ORIENTED_EDGE('',*,*,#489,.F.);
#634 = ORIENTED_EDGE('',*,*,#192,.F.);
#635 = ORIENTED_EDGE('',*,*,#620,.F.);
#636 = ORIENTED_EDGE('',*,*,#424,.T.);
#637 = ORIENTED_EDGE('',*,*,#432,.T.);
#638 = PLANE('',#639);
#639 = AXIS2_PLACEMENT_3D('',#640,#641,#642);
#640 = CARTESIAN_POINT('',(15.6,7.55,46.5));
#641 = DIRECTION('',(1.E-17,-0.948683298051,-0.316227766017));
#642 = DIRECTION('',(-1.,-1.048683298051E-17,-1.622776601684E-19));
#643 = ADVANCED_FACE('',(#644),#692,.F.);
#644 = FACE_BOUND('',#645,.F.);
#645 = EDGE_LOOP('',(#646,#656,#664,#670,#671,#679,#685,#686));
#646 = ORIENTED_EDGE('',*,*,#647,.F.);
#647 = EDGE_CURVE('',#648,#650,#652,.T.);
#648 = VERTEX_POINT('',#649);
#649 = CARTESIAN_POINT('',(9.,10.5,88.));
#650 = VERTEX_POINT('',#651);
#651 = CARTESIAN_POINT('',(2.1,10.5,88.));
#652 = LINE('',#653,#654);
#653 = CARTESIAN_POINT('',(-7.9E-16,10.5,88.));
#654 = VECTOR('',#655,1.);
#655 = DIRECTION('',(-1.,0.,0.));
#656 = ORIENTED_EDGE('',*,*,#657,.T.);
#657 = EDGE_CURVE('',#648,#658,#660,.T.);
#658 = VERTEX_POINT('',#659);
#659 = CARTESIAN_POINT('',(9.,10.5,69.));
#660 = LINE('',#661,#662);
#661 = CARTESIAN_POINT('',(9.,10.5,88.));
#662 = VECTOR('',#663,1.);
#663 = DIRECTION('',(-0.,-0.,-1.));
#664 = ORIENTED_EDGE('',*,*,#665,.T.);
#665 = EDGE_CURVE('',#658,#214,#666,.T.);
#666 = LINE('',#667,#668);
#667 = CARTESIAN_POINT('',(16.5,10.5,69.));
#668 = VECTOR('',#669,1.);
#669 = DIRECTION('',(1.,0.,0.));
#670 = ORIENTED_EDGE('',*,*,#213,.T.);
#671 = ORIENTED_EDGE('',*,*,#672,.F.);
#672 = EDGE_CURVE('',#673,#216,#675,.T.);
#673 = VERTEX_POINT('',#674);
#674 = CARTESIAN_POINT('',(3.5,10.5,63.3));
#675 = LINE('',#676,#677);
#676 = CARTESIAN_POINT('',(3.5,10.5,63.3));
#677 = VECTOR('',#678,1.);
#678 = DIRECTION('',(1.,0.,0.));
#679 = ORIENTED_EDGE('',*,*,#680,.F.);
#680 = EDGE_CURVE('',#263,#673,#681,.T.);
#681 = LINE('',#682,#683);
#682 = CARTESIAN_POINT('',(3.5,10.5,7.4));
#683 = VECTOR('',#684,1.);
#684 = DIRECTION('',(0.,0.,1.));
#685 = ORIENTED_EDGE('',*,*,#262,.T.);
#686 = ORIENTED_EDGE('',*,*,#687,.F.);
#687 = EDGE_CURVE('',#650,#255,#688,.T.);
#688 = LINE('',#689,#690);
#689 = CARTESIAN_POINT('',(2.1,10.5,99.));
#690 = VECTOR('',#691,1.);
#691 = DIRECTION('',(-0.,-0.,-1.));
#692 = PLANE('',#693);
#693 = AXIS2_PLACEMENT_3D('',#694,#695,#696);
#694 = CARTESIAN_POINT('',(20.,10.5,99.));
#695 = DIRECTION('',(0.,1.,0.));
#696 = DIRECTION('',(-1.,0.,0.));
#697 = ADVANCED_FACE('',(#698),#724,.F.);
#698 = FACE_BOUND('',#699,.F.);
#699 = EDGE_LOOP('',(#700,#710,#716,#717,#718));
#700 = ORIENTED_EDGE('',*,*,#701,.F.);
#701 = EDGE_CURVE('',#702,#704,#706,.T.);
#702 = VERTEX_POINT('',#703);
#703 = CARTESIAN_POINT('',(3.5,11.225,63.3));
#704 = VERTEX_POINT('',#705);
#705 = CARTESIAN_POINT('',(18.5,11.225,63.3));
#706 = LINE('',#707,#708);
#707 = CARTESIAN_POINT('',(3.5,11.225,63.3));
#708 = VECTOR('',#709,1.);
#709 = DIRECTION('',(1.,0.,0.));
#710 = ORIENTED_EDGE('',*,*,#711,.T.);
#711 = EDGE_CURVE('',#702,#673,#712,.T.);
#712 = LINE('',#713,#714);
#713 = CARTESIAN_POINT('',(3.5,11.5,63.3));
#714 = VECTOR('',#715,1.);
#715 = DIRECTION('',(0.,-1.,2.2E-16));
#716 = ORIENTED_EDGE('',*,*,#672,.T.);
#717 = ORIENTED_EDGE('',*,*,#294,.T.);
#718 = ORIENTED_EDGE('',*,*,#719,.F.);
#719 = EDGE_CURVE('',#704,#287,#720,.T.);
#720 = LINE('',#721,#722);
#721 = CARTESIAN_POINT('',(18.5,11.5,63.3));
#722 = VECTOR('',#723,1.);
#723 = DIRECTION('',(0.,-1.,2.2E-16));
#724 = PLANE('',#725);
#725 = AXIS2_PLACEMENT_3D('',#726,#727,#728);
#726 = CARTESIAN_POINT('',(3.5,11.5,63.3));
#727 = DIRECTION('',(0.,2.2E-16,1.));
#728 = DIRECTION('',(1.,0.,0.));
#729 = ADVANCED_FACE('',(#730),#748,.F.);
#730 = FACE_BOUND('',#731,.F.);
#731 = EDGE_LOOP('',(#732,#740,#741,#742));
#732 = ORIENTED_EDGE('',*,*,#733,.F.);
#733 = EDGE_CURVE('',#704,#734,#736,.T.);
#734 = VERTEX_POINT('',#735);
#735 = CARTESIAN_POINT('',(18.5,11.225,7.4));
#736 = LINE('',#737,#738);
#737 = CARTESIAN_POINT('',(18.5,11.225,63.3));
#738 = VECTOR('',#739,1.);
#739 = DIRECTION('',(0.,0.,-1.));
#740 = ORIENTED_EDGE('',*,*,#719,.T.);
#741 = ORIENTED_EDGE('',*,*,#286,.T.);
#742 = ORIENTED_EDGE('',*,*,#743,.F.);
#743 = EDGE_CURVE('',#734,#279,#744,.T.);
#744 = LINE('',#745,#746);
#745 = CARTESIAN_POINT('',(18.5,11.5,7.4));
#746 = VECTOR('',#747,1.);
#747 = DIRECTION('',(0.,-1.,2.2E-16));
#748 = PLANE('',#749);
#749 = AXIS2_PLACEMENT_3D('',#750,#751,#752);
#750 = CARTESIAN_POINT('',(18.5,11.5,63.3));
#751 = DIRECTION('',(1.,0.,0.));
#752 = DIRECTION('',(0.,-2.2E-16,-1.));
#753 = ADVANCED_FACE('',(#754),#772,.F.);
#754 = FACE_BOUND('',#755,.F.);
#755 = EDGE_LOOP('',(#756,#764,#765,#766));
#756 = ORIENTED_EDGE('',*,*,#757,.F.);
#757 = EDGE_CURVE('',#734,#758,#760,.T.);
#758 = VERTEX_POINT('',#759);
#759 = CARTESIAN_POINT('',(3.5,11.225,7.4));
#760 = LINE('',#761,#762);
#761 = CARTESIAN_POINT('',(18.5,11.225,7.4));
#762 = VECTOR('',#763,1.);
#763 = DIRECTION('',(-1.,0.,0.));
#764 = ORIENTED_EDGE('',*,*,#743,.T.);
#765 = ORIENTED_EDGE('',*,*,#278,.T.);
#766 = ORIENTED_EDGE('',*,*,#767,.F.);
#767 = EDGE_CURVE('',#758,#271,#768,.T.);
#768 = LINE('',#769,#770);
#769 = CARTESIAN_POINT('',(3.5,11.5,7.4));
#770 = VECTOR('',#771,1.);
#771 = DIRECTION('',(0.,-1.,2.2E-16));
#772 = PLANE('',#773);
#773 = AXIS2_PLACEMENT_3D('',#774,#775,#776);
#774 = CARTESIAN_POINT('',(18.5,11.5,7.4));
#775 = DIRECTION('',(-0.,-2.2E-16,-1.));
#776 = DIRECTION('',(-1.,0.,0.));
#777 = ADVANCED_FACE('',(#778),#790,.F.);
#778 = FACE_BOUND('',#779,.F.);
#779 = EDGE_LOOP('',(#780,#786,#787,#788,#789));
#780 = ORIENTED_EDGE('',*,*,#781,.F.);
#781 = EDGE_CURVE('',#758,#702,#782,.T.);
#782 = LINE('',#783,#784);
#783 = CARTESIAN_POINT('',(3.5,11.225,7.4));
#784 = VECTOR('',#785,1.);
#785 = DIRECTION('',(0.,0.,1.));
#786 = ORIENTED_EDGE('',*,*,#767,.T.);
#787 = ORIENTED_EDGE('',*,*,#270,.T.);
#788 = ORIENTED_EDGE('',*,*,#680,.T.);
#789 = ORIENTED_EDGE('',*,*,#711,.F.);
#790 = PLANE('',#791);
#791 = AXIS2_PLACEMENT_3D('',#792,#793,#794);
#792 = CARTESIAN_POINT('',(3.5,11.5,7.4));
#793 = DIRECTION('',(-1.,0.,0.));
#794 = DIRECTION('',(0.,2.2E-16,1.));
#795 = ADVANCED_FACE('',(#796),#821,.T.);
#796 = FACE_BOUND('',#797,.T.);
#797 = EDGE_LOOP('',(#798,#799,#807,#815));
#798 = ORIENTED_EDGE('',*,*,#239,.F.);
#799 = ORIENTED_EDGE('',*,*,#800,.T.);
#800 = EDGE_CURVE('',#240,#801,#803,.T.);
#801 = VERTEX_POINT('',#802);
#802 = CARTESIAN_POINT('',(15.6,10.5,1.));
#803 = LINE('',#804,#805);
#804 = CARTESIAN_POINT('',(15.6,10.5,6.));
#805 = VECTOR('',#806,1.);
#806 = DIRECTION('',(-0.,-0.,-1.));
#807 = ORIENTED_EDGE('',*,*,#808,.F.);
#808 = EDGE_CURVE('',#809,#801,#811,.T.);
#809 = VERTEX_POINT('',#810);
#810 = CARTESIAN_POINT('',(20.,10.5,1.));
#811 = LINE('',#812,#813);
#812 = CARTESIAN_POINT('',(13.3,10.5,1.));
#813 = VECTOR('',#814,1.);
#814 = DIRECTION('',(-1.,0.,0.));
#815 = ORIENTED_EDGE('',*,*,#816,.F.);
#816 = EDGE_CURVE('',#232,#809,#817,.T.);
#817 = LINE('',#818,#819);
#818 = CARTESIAN_POINT('',(20.,10.5,6.));
#819 = VECTOR('',#820,1.);
#820 = DIRECTION('',(-0.,-0.,-1.));
#821 = PLANE('',#822);
#822 = AXIS2_PLACEMENT_3D('',#823,#824,#825);
#823 = CARTESIAN_POINT('',(15.6,10.5,6.));
#824 = DIRECTION('',(0.,-1.,0.));
#825 = DIRECTION('',(1.,0.,0.));
#826 = ADVANCED_FACE('',(#827),#852,.F.);
#827 = FACE_BOUND('',#828,.F.);
#828 = EDGE_LOOP('',(#829,#830,#838,#846));
#829 = ORIENTED_EDGE('',*,*,#231,.F.);
#830 = ORIENTED_EDGE('',*,*,#831,.T.);
#831 = EDGE_CURVE('',#224,#832,#834,.T.);
#832 = VERTEX_POINT('',#833);
#833 = CARTESIAN_POINT('',(20.,8.287087810503,69.));
#834 = LINE('',#835,#836);
#835 = CARTESIAN_POINT('',(20.,4.143543905252,69.));
#836 = VECTOR('',#837,1.);
#837 = DIRECTION('',(0.,-1.,0.));
#838 = ORIENTED_EDGE('',*,*,#839,.T.);
#839 = EDGE_CURVE('',#832,#840,#842,.T.);
#840 = VERTEX_POINT('',#841);
#841 = CARTESIAN_POINT('',(20.,8.287087810503,6.));
#842 = LINE('',#843,#844);
#843 = CARTESIAN_POINT('',(20.,8.287087810503,99.));
#844 = VECTOR('',#845,1.);
#845 = DIRECTION('',(-0.,-0.,-1.));
#846 = ORIENTED_EDGE('',*,*,#847,.F.);
#847 = EDGE_CURVE('',#232,#840,#848,.T.);
#848 = LINE('',#849,#850);
#849 = CARTESIAN_POINT('',(20.,4.143543905252,6.));
#850 = VECTOR('',#851,1.);
#851 = DIRECTION('',(0.,-1.,0.));
#852 = PLANE('',#853);
#853 = AXIS2_PLACEMENT_3D('',#854,#855,#856);
#854 = CARTESIAN_POINT('',(20.,8.287087810503,99.));
#855 = DIRECTION('',(1.,0.,0.));
#856 = DIRECTION('',(0.,1.,0.));
#857 = ADVANCED_FACE('',(#858),#883,.F.);
#858 = FACE_BOUND('',#859,.F.);
#859 = EDGE_LOOP('',(#860,#870,#876,#877));
#860 = ORIENTED_EDGE('',*,*,#861,.F.);
#861 = EDGE_CURVE('',#862,#864,#866,.T.);
#862 = VERTEX_POINT('',#863);
#863 = CARTESIAN_POINT('',(20.,10.5,88.));
#864 = VERTEX_POINT('',#865);
#865 = CARTESIAN_POINT('',(15.6,10.5,88.));
#866 = LINE('',#867,#868);
#867 = CARTESIAN_POINT('',(-7.9E-16,10.5,88.));
#868 = VECTOR('',#869,1.);
#869 = DIRECTION('',(-1.,0.,0.));
#870 = ORIENTED_EDGE('',*,*,#871,.T.);
#871 = EDGE_CURVE('',#862,#224,#872,.T.);
#872 = LINE('',#873,#874);
#873 = CARTESIAN_POINT('',(20.,10.5,99.));
#874 = VECTOR('',#875,1.);
#875 = DIRECTION('',(-0.,-0.,-1.));
#876 = ORIENTED_EDGE('',*,*,#223,.F.);
#877 = ORIENTED_EDGE('',*,*,#878,.F.);
#878 = EDGE_CURVE('',#864,#214,#879,.T.);
#879 = LINE('',#880,#881);
#880 = CARTESIAN_POINT('',(15.6,10.5,99.));
#881 = VECTOR('',#882,1.);
#882 = DIRECTION('',(-0.,-0.,-1.));
#883 = PLANE('',#884);
#884 = AXIS2_PLACEMENT_3D('',#885,#886,#887);
#885 = CARTESIAN_POINT('',(20.,10.5,99.));
#886 = DIRECTION('',(0.,1.,0.));
#887 = DIRECTION('',(-1.,0.,0.));
#888 = ADVANCED_FACE('',(#889),#908,.T.);
#889 = FACE_BOUND('',#890,.T.);
#890 = EDGE_LOOP('',(#891,#892,#900,#906,#907));
#891 = ORIENTED_EDGE('',*,*,#613,.T.);
#892 = ORIENTED_EDGE('',*,*,#893,.T.);
#893 = EDGE_CURVE('',#606,#894,#896,.T.);
#894 = VERTEX_POINT('',#895);
#895 = CARTESIAN_POINT('',(15.6,6.020683727387,1.));
#896 = LINE('',#897,#898);
#897 = CARTESIAN_POINT('',(15.6,6.020683727387,6.));
#898 = VECTOR('',#899,1.);
#899 = DIRECTION('',(-0.,-0.,-1.));
#900 = ORIENTED_EDGE('',*,*,#901,.F.);
#901 = EDGE_CURVE('',#801,#894,#902,.T.);
#902 = LINE('',#903,#904);
#903 = CARTESIAN_POINT('',(15.6,3.010341863694,1.));
#904 = VECTOR('',#905,1.);
#905 = DIRECTION('',(0.,-1.,0.));
#906 = ORIENTED_EDGE('',*,*,#800,.F.);
#907 = ORIENTED_EDGE('',*,*,#308,.F.);
#908 = PLANE('',#909);
#909 = AXIS2_PLACEMENT_3D('',#910,#911,#912);
#910 = CARTESIAN_POINT('',(15.6,6.020683727387,6.));
#911 = DIRECTION('',(1.,0.,0.));
#912 = DIRECTION('',(0.,1.,0.));
#913 = ADVANCED_FACE('',(#914),#932,.T.);
#914 = FACE_BOUND('',#915,.T.);
#915 = EDGE_LOOP('',(#916,#917,#925,#931));
#916 = ORIENTED_EDGE('',*,*,#466,.T.);
#917 = ORIENTED_EDGE('',*,*,#918,.T.);
#918 = EDGE_CURVE('',#456,#919,#921,.T.);
#919 = VERTEX_POINT('',#920);
#920 = CARTESIAN_POINT('',(-2.473863375371,8.05,88.));
#921 = LINE('',#922,#923);
#922 = CARTESIAN_POINT('',(-2.473863375371,4.025,88.));
#923 = VECTOR('',#924,1.);
#924 = DIRECTION('',(0.,-1.,0.));
#925 = ORIENTED_EDGE('',*,*,#926,.T.);
#926 = EDGE_CURVE('',#919,#336,#927,.T.);
#927 = LINE('',#928,#929);
#928 = CARTESIAN_POINT('',(-2.473863375371,8.05,99.));
#929 = VECTOR('',#930,1.);
#930 = DIRECTION('',(-0.,-0.,-1.));
#931 = ORIENTED_EDGE('',*,*,#335,.F.);
#932 = PLANE('',#933);
#933 = AXIS2_PLACEMENT_3D('',#934,#935,#936);
#934 = CARTESIAN_POINT('',(-2.473863375371,8.05,99.));
#935 = DIRECTION('',(1.,0.,0.));
#936 = DIRECTION('',(0.,1.,0.));
#937 = ADVANCED_FACE('',(#938),#956,.T.);
#938 = FACE_BOUND('',#939,.T.);
#939 = EDGE_LOOP('',(#940,#948,#954,#955));
#940 = ORIENTED_EDGE('',*,*,#941,.T.);
#941 = EDGE_CURVE('',#919,#942,#944,.T.);
#942 = VERTEX_POINT('',#943);
#943 = CARTESIAN_POINT('',(-3.673863375371,8.05,88.));
#944 = LINE('',#945,#946);
#945 = CARTESIAN_POINT('',(-1.836931687685,8.05,88.));
#946 = VECTOR('',#947,1.);
#947 = DIRECTION('',(-1.,0.,0.));
#948 = ORIENTED_EDGE('',*,*,#949,.T.);
#949 = EDGE_CURVE('',#942,#344,#950,.T.);
#950 = LINE('',#951,#952);
#951 = CARTESIAN_POINT('',(-3.673863375371,8.05,99.));
#952 = VECTOR('',#953,1.);
#953 = DIRECTION('',(-0.,-0.,-1.));
#954 = ORIENTED_EDGE('',*,*,#343,.F.);
#955 = ORIENTED_EDGE('',*,*,#926,.F.);
#956 = PLANE('',#957);
#957 = AXIS2_PLACEMENT_3D('',#958,#959,#960);
#958 = CARTESIAN_POINT('',(-3.673863375371,8.05,99.));
#959 = DIRECTION('',(0.,-1.,0.));
#960 = DIRECTION('',(1.,0.,0.));
#961 = ADVANCED_FACE('',(#962),#980,.T.);
#962 = FACE_BOUND('',#963,.T.);
#963 = EDGE_LOOP('',(#964,#972,#978,#979));
#964 = ORIENTED_EDGE('',*,*,#965,.T.);
#965 = EDGE_CURVE('',#942,#966,#968,.T.);
#966 = VERTEX_POINT('',#967);
#967 = CARTESIAN_POINT('',(-3.673863375371,6.75,88.));
#968 = LINE('',#969,#970);
#969 = CARTESIAN_POINT('',(-3.673863375371,3.375,88.));
#970 = VECTOR('',#971,1.);
#971 = DIRECTION('',(0.,-1.,0.));
#972 = ORIENTED_EDGE('',*,*,#973,.T.);
#973 = EDGE_CURVE('',#966,#352,#974,.T.);
#974 = LINE('',#975,#976);
#975 = CARTESIAN_POINT('',(-3.673863375371,6.75,99.));
#976 = VECTOR('',#977,1.);
#977 = DIRECTION('',(-0.,-0.,-1.));
#978 = ORIENTED_EDGE('',*,*,#351,.F.);
#979 = ORIENTED_EDGE('',*,*,#949,.F.);
#980 = PLANE('',#981);
#981 = AXIS2_PLACEMENT_3D('',#982,#983,#984);
#982 = CARTESIAN_POINT('',(-3.673863375371,6.75,99.));
#983 = DIRECTION('',(1.,0.,0.));
#984 = DIRECTION('',(0.,1.,0.));
#985 = ADVANCED_FACE('',(#986),#1004,.T.);
#986 = FACE_BOUND('',#987,.T.);
#987 = EDGE_LOOP('',(#988,#996,#1002,#1003));
#988 = ORIENTED_EDGE('',*,*,#989,.T.);
#989 = EDGE_CURVE('',#966,#990,#992,.T.);
#990 = VERTEX_POINT('',#991);
#991 = CARTESIAN_POINT('',(-2.473863375371,6.75,88.));
#992 = LINE('',#993,#994);
#993 = CARTESIAN_POINT('',(-1.236931687685,6.75,88.));
#994 = VECTOR('',#995,1.);
#995 = DIRECTION('',(1.,0.,0.));
#996 = ORIENTED_EDGE('',*,*,#997,.T.);
#997 = EDGE_CURVE('',#990,#360,#998,.T.);
#998 = LINE('',#999,#1000);
#999 = CARTESIAN_POINT('',(-2.473863375371,6.75,99.));
#1000 = VECTOR('',#1001,1.);
#1001 = DIRECTION('',(-0.,-0.,-1.));
#1002 = ORIENTED_EDGE('',*,*,#359,.F.);
#1003 = ORIENTED_EDGE('',*,*,#973,.F.);
#1004 = PLANE('',#1005);
#1005 = AXIS2_PLACEMENT_3D('',#1006,#1007,#1008);
#1006 = CARTESIAN_POINT('',(-2.473863375371,6.75,99.));
#1007 = DIRECTION('',(0.,1.,0.));
#1008 = DIRECTION('',(-1.,0.,0.));
#1009 = ADVANCED_FACE('',(#1010),#1028,.T.);
#1010 = FACE_BOUND('',#1011,.T.);
#1011 = EDGE_LOOP('',(#1012,#1020,#1026,#1027));
#1012 = ORIENTED_EDGE('',*,*,#1013,.F.);
#1013 = EDGE_CURVE('',#1014,#401,#1016,.T.);
#1014 = VERTEX_POINT('',#1015);
#1015 = CARTESIAN_POINT('',(15.05,6.75,69.));
#1016 = LINE('',#1017,#1018);
#1017 = CARTESIAN_POINT('',(15.05,6.75,99.));
#1018 = VECTOR('',#1019,1.);
#1019 = DIRECTION('',(-0.,-0.,-1.));
#1020 = ORIENTED_EDGE('',*,*,#1021,.T.);
#1021 = EDGE_CURVE('',#1014,#590,#1022,.T.);
#1022 = LINE('',#1023,#1024);
#1023 = CARTESIAN_POINT('',(13.3,6.75,69.));
#1024 = VECTOR('',#1025,1.);
#1025 = DIRECTION('',(1.,0.,0.));
#1026 = ORIENTED_EDGE('',*,*,#589,.T.);
#1027 = ORIENTED_EDGE('',*,*,#408,.F.);
#1028 = PLANE('',#1029);
#1029 = AXIS2_PLACEMENT_3D('',#1030,#1031,#1032);
#1030 = CARTESIAN_POINT('',(15.6,6.75,99.));
#1031 = DIRECTION('',(0.,1.,0.));
#1032 = DIRECTION('',(-1.,0.,0.));
#1033 = ADVANCED_FACE('',(#1034),#1068,.T.);
#1034 = FACE_BOUND('',#1035,.T.);
#1035 = EDGE_LOOP('',(#1036,#1044,#1052,#1060,#1066,#1067));
#1036 = ORIENTED_EDGE('',*,*,#1037,.T.);
#1037 = EDGE_CURVE('',#990,#1038,#1040,.T.);
#1038 = VERTEX_POINT('',#1039);
#1039 = CARTESIAN_POINT('',(-2.473863375371,5.,88.));
#1040 = LINE('',#1041,#1042);
#1041 = CARTESIAN_POINT('',(-2.473863375371,2.4,88.));
#1042 = VECTOR('',#1043,1.);
#1043 = DIRECTION('',(0.,-1.,0.));
#1044 = ORIENTED_EDGE('',*,*,#1045,.T.);
#1045 = EDGE_CURVE('',#1038,#1046,#1048,.T.);
#1046 = VERTEX_POINT('',#1047);
#1047 = CARTESIAN_POINT('',(-2.473863375371,5.,79.));
#1048 = LINE('',#1049,#1050);
#1049 = CARTESIAN_POINT('',(-2.473863375371,5.,99.));
#1050 = VECTOR('',#1051,1.);
#1051 = DIRECTION('',(0.,0.,-1.));
#1052 = ORIENTED_EDGE('',*,*,#1053,.F.);
#1053 = EDGE_CURVE('',#1054,#1046,#1056,.T.);
#1054 = VERTEX_POINT('',#1055);
#1055 = CARTESIAN_POINT('',(-2.473863375371,4.8,79.));
#1056 = LINE('',#1057,#1058);
#1057 = CARTESIAN_POINT('',(-2.473863375371,2.4,79.));
#1058 = VECTOR('',#1059,1.);
#1059 = DIRECTION('',(0.,1.,0.));
#1060 = ORIENTED_EDGE('',*,*,#1061,.T.);
#1061 = EDGE_CURVE('',#1054,#368,#1062,.T.);
#1062 = LINE('',#1063,#1064);
#1063 = CARTESIAN_POINT('',(-2.473863375371,4.8,99.));
#1064 = VECTOR('',#1065,1.);
#1065 = DIRECTION('',(-0.,-0.,-1.));
#1066 = ORIENTED_EDGE('',*,*,#367,.F.);
#1067 = ORIENTED_EDGE('',*,*,#997,.F.);
#1068 = PLANE('',#1069);
#1069 = AXIS2_PLACEMENT_3D('',#1070,#1071,#1072);
#1070 = CARTESIAN_POINT('',(-2.473863375371,4.8,99.));
#1071 = DIRECTION('',(1.,0.,0.));
#1072 = DIRECTION('',(0.,1.,0.));
#1073 = ADVANCED_FACE('',(#1074),#1092,.T.);
#1074 = FACE_BOUND('',#1075,.T.);
#1075 = EDGE_LOOP('',(#1076,#1084,#1090,#1091));
#1076 = ORIENTED_EDGE('',*,*,#1077,.F.);
#1077 = EDGE_CURVE('',#1078,#393,#1080,.T.);
#1078 = VERTEX_POINT('',#1079);
#1079 = CARTESIAN_POINT('',(15.05,5.95,69.));
#1080 = LINE('',#1081,#1082);
#1081 = CARTESIAN_POINT('',(15.05,5.95,99.));
#1082 = VECTOR('',#1083,1.);
#1083 = DIRECTION('',(-0.,-0.,-1.));
#1084 = ORIENTED_EDGE('',*,*,#1085,.T.);
#1085 = EDGE_CURVE('',#1078,#1014,#1086,.T.);
#1086 = LINE('',#1087,#1088);
#1087 = CARTESIAN_POINT('',(15.05,3.375,69.));
#1088 = VECTOR('',#1089,1.);
#1089 = DIRECTION('',(0.,1.,0.));
#1090 = ORIENTED_EDGE('',*,*,#1013,.T.);
#1091 = ORIENTED_EDGE('',*,*,#400,.F.);
#1092 = PLANE('',#1093);
#1093 = AXIS2_PLACEMENT_3D('',#1094,#1095,#1096);
#1094 = CARTESIAN_POINT('',(15.05,6.75,99.));
#1095 = DIRECTION('',(-1.,0.,0.));
#1096 = DIRECTION('',(0.,-1.,0.));
#1097 = ADVANCED_FACE('',(#1098),#1262,.F.);
#1098 = FACE_BOUND('',#1099,.F.);
#1099 = EDGE_LOOP('',(#1100,#1110,#1117,#1118,#1127,#1135,#1144,#1153,
    #1161,#1170,#1178,#1187,#1196,#1204,#1213,#1221,#1228,#1229,#1230,
    #1238,#1247,#1255));
#1100 = ORIENTED_EDGE('',*,*,#1101,.F.);
#1101 = EDGE_CURVE('',#1102,#1104,#1106,.T.);
#1102 = VERTEX_POINT('',#1103);
#1103 = CARTESIAN_POINT('',(5.4,0.,45.));
#1104 = VERTEX_POINT('',#1105);
#1105 = CARTESIAN_POINT('',(5.4,0.,46.));
#1106 = LINE('',#1107,#1108);
#1107 = CARTESIAN_POINT('',(5.4,0.,45.));
#1108 = VECTOR('',#1109,1.);
#1109 = DIRECTION('',(0.,0.,1.));
#1110 = ORIENTED_EDGE('',*,*,#1111,.F.);
#1111 = EDGE_CURVE('',#1102,#1102,#1112,.T.);
#1112 = CIRCLE('',#1113,5.4);
#1113 = AXIS2_PLACEMENT_3D('',#1114,#1115,#1116);
#1114 = CARTESIAN_POINT('',(0.,0.,45.));
#1115 = DIRECTION('',(0.,0.,-1.));
#1116 = DIRECTION('',(1.,0.,0.));
#1117 = ORIENTED_EDGE('',*,*,#1101,.T.);
#1118 = ORIENTED_EDGE('',*,*,#1119,.T.);
#1119 = EDGE_CURVE('',#1104,#1120,#1122,.T.);
#1120 = VERTEX_POINT('',#1121);
#1121 = CARTESIAN_POINT('',(5.296933074903,-1.05,46.));
#1122 = CIRCLE('',#1123,5.4);
#1123 = AXIS2_PLACEMENT_3D('',#1124,#1125,#1126);
#1124 = CARTESIAN_POINT('',(0.,0.,46.));
#1125 = DIRECTION('',(0.,0.,-1.));
#1126 = DIRECTION('',(1.,0.,0.));
#1127 = ORIENTED_EDGE('',*,*,#1128,.F.);
#1128 = EDGE_CURVE('',#1129,#1120,#1131,.T.);
#1129 = VERTEX_POINT('',#1130);
#1130 = CARTESIAN_POINT('',(5.296933074903,-1.05,79.));
#1131 = LINE('',#1132,#1133);
#1132 = CARTESIAN_POINT('',(5.296933074903,-1.05,45.));
#1133 = VECTOR('',#1134,1.);
#1134 = DIRECTION('',(0.,0.,-1.));
#1135 = ORIENTED_EDGE('',*,*,#1136,.T.);
#1136 = EDGE_CURVE('',#1129,#1137,#1139,.T.);
#1137 = VERTEX_POINT('',#1138);
#1138 = CARTESIAN_POINT('',(2.039607805437,-5.,79.));
#1139 = CIRCLE('',#1140,5.4);
#1140 = AXIS2_PLACEMENT_3D('',#1141,#1142,#1143);
#1141 = CARTESIAN_POINT('',(0.,0.,79.));
#1142 = DIRECTION('',(0.,0.,-1.));
#1143 = DIRECTION('',(1.,0.,0.));
#1144 = ORIENTED_EDGE('',*,*,#1145,.T.);
#1145 = EDGE_CURVE('',#1137,#1146,#1148,.T.);
#1146 = VERTEX_POINT('',#1147);
#1147 = CARTESIAN_POINT('',(1.55,-5.172765217947,79.));
#1148 = CIRCLE('',#1149,5.4);
#1149 = AXIS2_PLACEMENT_3D('',#1150,#1151,#1152);
#1150 = CARTESIAN_POINT('',(0.,0.,79.));
#1151 = DIRECTION('',(0.,0.,-1.));
#1152 = DIRECTION('',(1.,0.,0.));
#1153 = ORIENTED_EDGE('',*,*,#1154,.T.);
#1154 = EDGE_CURVE('',#1146,#1155,#1157,.T.);
#1155 = VERTEX_POINT('',#1156);
#1156 = CARTESIAN_POINT('',(1.55,-5.172765217947,46.));
#1157 = LINE('',#1158,#1159);
#1158 = CARTESIAN_POINT('',(1.55,-5.172765217947,45.));
#1159 = VECTOR('',#1160,1.);
#1160 = DIRECTION('',(0.,0.,-1.));
#1161 = ORIENTED_EDGE('',*,*,#1162,.T.);
#1162 = EDGE_CURVE('',#1155,#1163,#1165,.T.);
#1163 = VERTEX_POINT('',#1164);
#1164 = CARTESIAN_POINT('',(-1.55,-5.172765217947,46.));
#1165 = CIRCLE('',#1166,5.4);
#1166 = AXIS2_PLACEMENT_3D('',#1167,#1168,#1169);
#1167 = CARTESIAN_POINT('',(0.,0.,46.));
#1168 = DIRECTION('',(0.,0.,-1.));
#1169 = DIRECTION('',(1.,0.,0.));
#1170 = ORIENTED_EDGE('',*,*,#1171,.F.);
#1171 = EDGE_CURVE('',#1172,#1163,#1174,.T.);
#1172 = VERTEX_POINT('',#1173);
#1173 = CARTESIAN_POINT('',(-1.55,-5.172765217947,79.));
#1174 = LINE('',#1175,#1176);
#1175 = CARTESIAN_POINT('',(-1.55,-5.172765217947,45.));
#1176 = VECTOR('',#1177,1.);
#1177 = DIRECTION('',(0.,0.,-1.));
#1178 = ORIENTED_EDGE('',*,*,#1179,.T.);
#1179 = EDGE_CURVE('',#1172,#1180,#1182,.T.);
#1180 = VERTEX_POINT('',#1181);
#1181 = CARTESIAN_POINT('',(-2.039607805437,-5.,79.));
#1182 = CIRCLE('',#1183,5.4);
#1183 = AXIS2_PLACEMENT_3D('',#1184,#1185,#1186);
#1184 = CARTESIAN_POINT('',(0.,0.,79.));
#1185 = DIRECTION('',(0.,0.,-1.));
#1186 = DIRECTION('',(1.,0.,0.));
#1187 = ORIENTED_EDGE('',*,*,#1188,.T.);
#1188 = EDGE_CURVE('',#1180,#1189,#1191,.T.);
#1189 = VERTEX_POINT('',#1190);
#1190 = CARTESIAN_POINT('',(-5.296933074903,-1.05,79.));
#1191 = CIRCLE('',#1192,5.4);
#1192 = AXIS2_PLACEMENT_3D('',#1193,#1194,#1195);
#1193 = CARTESIAN_POINT('',(0.,0.,79.));
#1194 = DIRECTION('',(0.,0.,-1.));
#1195 = DIRECTION('',(1.,0.,0.));
#1196 = ORIENTED_EDGE('',*,*,#1197,.T.);
#1197 = EDGE_CURVE('',#1189,#1198,#1200,.T.);
#1198 = VERTEX_POINT('',#1199);
#1199 = CARTESIAN_POINT('',(-5.296933074903,-1.05,46.));
#1200 = LINE('',#1201,#1202);
#1201 = CARTESIAN_POINT('',(-5.296933074903,-1.05,45.));
#1202 = VECTOR('',#1203,1.);
#1203 = DIRECTION('',(0.,0.,-1.));
#1204 = ORIENTED_EDGE('',*,*,#1205,.T.);
#1205 = EDGE_CURVE('',#1198,#1206,#1208,.T.);
#1206 = VERTEX_POINT('',#1207);
#1207 = CARTESIAN_POINT('',(-5.296933074903,1.05,46.));
#1208 = CIRCLE('',#1209,5.4);
#1209 = AXIS2_PLACEMENT_3D('',#1210,#1211,#1212);
#1210 = CARTESIAN_POINT('',(0.,0.,46.));
#1211 = DIRECTION('',(0.,0.,-1.));
#1212 = DIRECTION('',(1.,0.,0.));
#1213 = ORIENTED_EDGE('',*,*,#1214,.F.);
#1214 = EDGE_CURVE('',#1215,#1206,#1217,.T.);
#1215 = VERTEX_POINT('',#1216);
#1216 = CARTESIAN_POINT('',(-5.296933074903,1.05,79.));
#1217 = LINE('',#1218,#1219);
#1218 = CARTESIAN_POINT('',(-5.296933074903,1.05,45.));
#1219 = VECTOR('',#1220,1.);
#1220 = DIRECTION('',(0.,0.,-1.));
#1221 = ORIENTED_EDGE('',*,*,#1222,.T.);
#1222 = EDGE_CURVE('',#1215,#1054,#1223,.T.);
#1223 = CIRCLE('',#1224,5.4);
#1224 = AXIS2_PLACEMENT_3D('',#1225,#1226,#1227);
#1225 = CARTESIAN_POINT('',(0.,0.,79.));
#1226 = DIRECTION('',(0.,0.,-1.));
#1227 = DIRECTION('',(1.,0.,0.));
#1228 = ORIENTED_EDGE('',*,*,#1061,.T.);
#1229 = ORIENTED_EDGE('',*,*,#375,.T.);
#1230 = ORIENTED_EDGE('',*,*,#1231,.F.);
#1231 = EDGE_CURVE('',#1232,#376,#1234,.T.);
#1232 = VERTEX_POINT('',#1233);
#1233 = CARTESIAN_POINT('',(2.473863375371,4.8,79.));
#1234 = LINE('',#1235,#1236);
#1235 = CARTESIAN_POINT('',(2.473863375371,4.8,45.));
#1236 = VECTOR('',#1237,1.);
#1237 = DIRECTION('',(0.,0.,-1.));
#1238 = ORIENTED_EDGE('',*,*,#1239,.T.);
#1239 = EDGE_CURVE('',#1232,#1240,#1242,.T.);
#1240 = VERTEX_POINT('',#1241);
#1241 = CARTESIAN_POINT('',(5.296933074903,1.05,79.));
#1242 = CIRCLE('',#1243,5.4);
#1243 = AXIS2_PLACEMENT_3D('',#1244,#1245,#1246);
#1244 = CARTESIAN_POINT('',(0.,0.,79.));
#1245 = DIRECTION('',(0.,0.,-1.));
#1246 = DIRECTION('',(1.,0.,0.));
#1247 = ORIENTED_EDGE('',*,*,#1248,.T.);
#1248 = EDGE_CURVE('',#1240,#1249,#1251,.T.);
#1249 = VERTEX_POINT('',#1250);
#1250 = CARTESIAN_POINT('',(5.296933074903,1.05,46.));
#1251 = LINE('',#1252,#1253);
#1252 = CARTESIAN_POINT('',(5.296933074903,1.05,45.));
#1253 = VECTOR('',#1254,1.);
#1254 = DIRECTION('',(0.,0.,-1.));
#1255 = ORIENTED_EDGE('',*,*,#1256,.T.);
#1256 = EDGE_CURVE('',#1249,#1104,#1257,.T.);
#1257 = CIRCLE('',#1258,5.4);
#1258 = AXIS2_PLACEMENT_3D('',#1259,#1260,#1261);
#1259 = CARTESIAN_POINT('',(0.,0.,46.));
#1260 = DIRECTION('',(0.,0.,-1.));
#1261 = DIRECTION('',(1.,0.,0.));
#1262 = CYLINDRICAL_SURFACE('',#1263,5.4);
#1263 = AXIS2_PLACEMENT_3D('',#1264,#1265,#1266);
#1264 = CARTESIAN_POINT('',(0.,0.,45.));
#1265 = DIRECTION('',(0.,0.,-1.));
#1266 = DIRECTION('',(1.,0.,0.));
#1267 = ADVANCED_FACE('',(#1268),#1286,.F.);
#1268 = FACE_BOUND('',#1269,.F.);
#1269 = EDGE_LOOP('',(#1270,#1271,#1279,#1285));
#1270 = ORIENTED_EDGE('',*,*,#1077,.F.);
#1271 = ORIENTED_EDGE('',*,*,#1272,.T.);
#1272 = EDGE_CURVE('',#1078,#1273,#1275,.T.);
#1273 = VERTEX_POINT('',#1274);
#1274 = CARTESIAN_POINT('',(14.086931985787,4.8,69.));
#1275 = LINE('',#1276,#1277);
#1276 = CARTESIAN_POINT('',(12.269317573504,2.629585716401,69.));
#1277 = VECTOR('',#1278,1.);
#1278 = DIRECTION('',(-0.642045342809,-0.766666666667,0.));
#1279 = ORIENTED_EDGE('',*,*,#1280,.T.);
#1280 = EDGE_CURVE('',#1273,#385,#1281,.T.);
#1281 = LINE('',#1282,#1283);
#1282 = CARTESIAN_POINT('',(14.086931985787,4.8,99.));
#1283 = VECTOR('',#1284,1.);
#1284 = DIRECTION('',(-0.,-0.,-1.));
#1285 = ORIENTED_EDGE('',*,*,#392,.F.);
#1286 = PLANE('',#1287);
#1287 = AXIS2_PLACEMENT_3D('',#1288,#1289,#1290);
#1288 = CARTESIAN_POINT('',(14.086931985787,4.8,99.));
#1289 = DIRECTION('',(0.766666666667,-0.642045342809,0.));
#1290 = DIRECTION('',(0.642045342809,0.766666666667,0.));
#1291 = ADVANCED_FACE('',(#1292),#1335,.T.);
#1292 = FACE_BOUND('',#1293,.T.);
#1293 = EDGE_LOOP('',(#1294,#1304,#1312,#1320,#1326,#1327,#1328,#1329));
#1294 = ORIENTED_EDGE('',*,*,#1295,.T.);
#1295 = EDGE_CURVE('',#1296,#1298,#1300,.T.);
#1296 = VERTEX_POINT('',#1297);
#1297 = CARTESIAN_POINT('',(6.,4.8,79.));
#1298 = VERTEX_POINT('',#1299);
#1299 = CARTESIAN_POINT('',(6.,4.8,88.));
#1300 = LINE('',#1301,#1302);
#1301 = CARTESIAN_POINT('',(6.,4.8,99.));
#1302 = VECTOR('',#1303,1.);
#1303 = DIRECTION('',(0.,0.,1.));
#1304 = ORIENTED_EDGE('',*,*,#1305,.T.);
#1305 = EDGE_CURVE('',#1298,#1306,#1308,.T.);
#1306 = VERTEX_POINT('',#1307);
#1307 = CARTESIAN_POINT('',(9.,4.8,88.));
#1308 = LINE('',#1309,#1310);
#1309 = CARTESIAN_POINT('',(7.043465992894,4.8,88.));
#1310 = VECTOR('',#1311,1.);
#1311 = DIRECTION('',(1.,0.,0.));
#1312 = ORIENTED_EDGE('',*,*,#1313,.F.);
#1313 = EDGE_CURVE('',#1314,#1306,#1316,.T.);
#1314 = VERTEX_POINT('',#1315);
#1315 = CARTESIAN_POINT('',(9.,4.8,69.));
#1316 = LINE('',#1317,#1318);
#1317 = CARTESIAN_POINT('',(9.,4.8,93.5));
#1318 = VECTOR('',#1319,1.);
#1319 = DIRECTION('',(0.,0.,1.));
#1320 = ORIENTED_EDGE('',*,*,#1321,.T.);
#1321 = EDGE_CURVE('',#1314,#1273,#1322,.T.);
#1322 = LINE('',#1323,#1324);
#1323 = CARTESIAN_POINT('',(12.543465992894,4.8,69.));
#1324 = VECTOR('',#1325,1.);
#1325 = DIRECTION('',(1.,0.,0.));
#1326 = ORIENTED_EDGE('',*,*,#1280,.T.);
#1327 = ORIENTED_EDGE('',*,*,#384,.F.);
#1328 = ORIENTED_EDGE('',*,*,#1231,.F.);
#1329 = ORIENTED_EDGE('',*,*,#1330,.F.);
#1330 = EDGE_CURVE('',#1296,#1232,#1331,.T.);
#1331 = LINE('',#1332,#1333);
#1332 = CARTESIAN_POINT('',(7.043465992894,4.8,79.));
#1333 = VECTOR('',#1334,1.);
#1334 = DIRECTION('',(-1.,0.,0.));
#1335 = PLANE('',#1336);
#1336 = AXIS2_PLACEMENT_3D('',#1337,#1338,#1339);
#1337 = CARTESIAN_POINT('',(14.086931985787,4.8,99.));
#1338 = DIRECTION('',(0.,1.,0.));
#1339 = DIRECTION('',(-1.,0.,0.));
#1340 = ADVANCED_FACE('',(#1341),#1526,.T.);
#1341 = FACE_BOUND('',#1342,.T.);
#1342 = EDGE_LOOP('',(#1343,#1353,#1361,#1367,#1368,#1376,#1384,#1392,
    #1400,#1408,#1416,#1425,#1433,#1441,#1449,#1458,#1466,#1474,#1482,
    #1490,#1498,#1506,#1512,#1513,#1514,#1515,#1516,#1517,#1518,#1519));
#1343 = ORIENTED_EDGE('',*,*,#1344,.F.);
#1344 = EDGE_CURVE('',#1345,#1347,#1349,.T.);
#1345 = VERTEX_POINT('',#1346);
#1346 = CARTESIAN_POINT('',(9.,-10.5,88.));
#1347 = VERTEX_POINT('',#1348);
#1348 = CARTESIAN_POINT('',(-2.E-15,-10.5,88.));
#1349 = LINE('',#1350,#1351);
#1350 = CARTESIAN_POINT('',(-8.9E-16,-10.5,88.));
#1351 = VECTOR('',#1352,1.);
#1352 = DIRECTION('',(-1.,0.,0.));
#1353 = ORIENTED_EDGE('',*,*,#1354,.F.);
#1354 = EDGE_CURVE('',#1355,#1345,#1357,.T.);
#1355 = VERTEX_POINT('',#1356);
#1356 = CARTESIAN_POINT('',(9.,-0.6,88.));
#1357 = LINE('',#1358,#1359);
#1358 = CARTESIAN_POINT('',(9.,10.5,88.));
#1359 = VECTOR('',#1360,1.);
#1360 = DIRECTION('',(0.,-1.,0.));
#1361 = ORIENTED_EDGE('',*,*,#1362,.F.);
#1362 = EDGE_CURVE('',#1306,#1355,#1363,.T.);
#1363 = LINE('',#1364,#1365);
#1364 = CARTESIAN_POINT('',(9.,10.5,88.));
#1365 = VECTOR('',#1366,1.);
#1366 = DIRECTION('',(0.,-1.,0.));
#1367 = ORIENTED_EDGE('',*,*,#1305,.F.);
#1368 = ORIENTED_EDGE('',*,*,#1369,.T.);
#1369 = EDGE_CURVE('',#1298,#1370,#1372,.T.);
#1370 = VERTEX_POINT('',#1371);
#1371 = CARTESIAN_POINT('',(6.,1.05,88.));
#1372 = LINE('',#1373,#1374);
#1373 = CARTESIAN_POINT('',(6.,-2.5,88.));
#1374 = VECTOR('',#1375,1.);
#1375 = DIRECTION('',(0.,-1.,0.));
#1376 = ORIENTED_EDGE('',*,*,#1377,.T.);
#1377 = EDGE_CURVE('',#1370,#1378,#1380,.T.);
#1378 = VERTEX_POINT('',#1379);
#1379 = CARTESIAN_POINT('',(7.4,1.05,88.));
#1380 = LINE('',#1381,#1382);
#1381 = CARTESIAN_POINT('',(3.7,1.05,88.));
#1382 = VECTOR('',#1383,1.);
#1383 = DIRECTION('',(1.,0.,0.));
#1384 = ORIENTED_EDGE('',*,*,#1385,.T.);
#1385 = EDGE_CURVE('',#1378,#1386,#1388,.T.);
#1386 = VERTEX_POINT('',#1387);
#1387 = CARTESIAN_POINT('',(7.4,-1.05,88.));
#1388 = LINE('',#1389,#1390);
#1389 = CARTESIAN_POINT('',(7.4,-0.525,88.));
#1390 = VECTOR('',#1391,1.);
#1391 = DIRECTION('',(0.,-1.,0.));
#1392 = ORIENTED_EDGE('',*,*,#1393,.T.);
#1393 = EDGE_CURVE('',#1386,#1394,#1396,.T.);
#1394 = VERTEX_POINT('',#1395);
#1395 = CARTESIAN_POINT('',(6.,-1.05,88.));
#1396 = LINE('',#1397,#1398);
#1397 = CARTESIAN_POINT('',(0.775,-1.05,88.));
#1398 = VECTOR('',#1399,1.);
#1399 = DIRECTION('',(-1.,0.,0.));
#1400 = ORIENTED_EDGE('',*,*,#1401,.T.);
#1401 = EDGE_CURVE('',#1394,#1402,#1404,.T.);
#1402 = VERTEX_POINT('',#1403);
#1403 = CARTESIAN_POINT('',(6.,-5.,88.));
#1404 = LINE('',#1405,#1406);
#1405 = CARTESIAN_POINT('',(6.,-2.5,88.));
#1406 = VECTOR('',#1407,1.);
#1407 = DIRECTION('',(0.,-1.,0.));
#1408 = ORIENTED_EDGE('',*,*,#1409,.T.);
#1409 = EDGE_CURVE('',#1402,#1410,#1412,.T.);
#1410 = VERTEX_POINT('',#1411);
#1411 = CARTESIAN_POINT('',(2.039607805437,-5.,88.));
#1412 = LINE('',#1413,#1414);
#1413 = CARTESIAN_POINT('',(-3.,-5.,88.));
#1414 = VECTOR('',#1415,1.);
#1415 = DIRECTION('',(-1.,0.,0.));
#1416 = ORIENTED_EDGE('',*,*,#1417,.F.);
#1417 = EDGE_CURVE('',#1418,#1410,#1420,.T.);
#1418 = VERTEX_POINT('',#1419);
#1419 = CARTESIAN_POINT('',(1.55,-5.172765217947,88.));
#1420 = CIRCLE('',#1421,5.4);
#1421 = AXIS2_PLACEMENT_3D('',#1422,#1423,#1424);
#1422 = CARTESIAN_POINT('',(0.,0.,88.));
#1423 = DIRECTION('',(0.,0.,1.));
#1424 = DIRECTION('',(1.,0.,0.));
#1425 = ORIENTED_EDGE('',*,*,#1426,.T.);
#1426 = EDGE_CURVE('',#1418,#1427,#1429,.T.);
#1427 = VERTEX_POINT('',#1428);
#1428 = CARTESIAN_POINT('',(1.55,-7.4,88.));
#1429 = LINE('',#1430,#1431);
#1430 = CARTESIAN_POINT('',(1.55,-3.7,88.));
#1431 = VECTOR('',#1432,1.);
#1432 = DIRECTION('',(0.,-1.,0.));
#1433 = ORIENTED_EDGE('',*,*,#1434,.T.);
#1434 = EDGE_CURVE('',#1427,#1435,#1437,.T.);
#1435 = VERTEX_POINT('',#1436);
#1436 = CARTESIAN_POINT('',(-1.55,-7.4,88.));
#1437 = LINE('',#1438,#1439);
#1438 = CARTESIAN_POINT('',(-0.775,-7.4,88.));
#1439 = VECTOR('',#1440,1.);
#1440 = DIRECTION('',(-1.,0.,0.));
#1441 = ORIENTED_EDGE('',*,*,#1442,.T.);
#1442 = EDGE_CURVE('',#1435,#1443,#1445,.T.);
#1443 = VERTEX_POINT('',#1444);
#1444 = CARTESIAN_POINT('',(-1.55,-5.172765217947,88.));
#1445 = LINE('',#1446,#1447);
#1446 = CARTESIAN_POINT('',(-1.55,-0.525,88.));
#1447 = VECTOR('',#1448,1.);
#1448 = DIRECTION('',(0.,1.,0.));
#1449 = ORIENTED_EDGE('',*,*,#1450,.F.);
#1450 = EDGE_CURVE('',#1451,#1443,#1453,.T.);
#1451 = VERTEX_POINT('',#1452);
#1452 = CARTESIAN_POINT('',(-2.039607805437,-5.,88.));
#1453 = CIRCLE('',#1454,5.4);
#1454 = AXIS2_PLACEMENT_3D('',#1455,#1456,#1457);
#1455 = CARTESIAN_POINT('',(0.,0.,88.));
#1456 = DIRECTION('',(0.,0.,1.));
#1457 = DIRECTION('',(1.,0.,0.));
#1458 = ORIENTED_EDGE('',*,*,#1459,.T.);
#1459 = EDGE_CURVE('',#1451,#1460,#1462,.T.);
#1460 = VERTEX_POINT('',#1461);
#1461 = CARTESIAN_POINT('',(-6.,-5.,88.));
#1462 = LINE('',#1463,#1464);
#1463 = CARTESIAN_POINT('',(-3.,-5.,88.));
#1464 = VECTOR('',#1465,1.);
#1465 = DIRECTION('',(-1.,0.,0.));
#1466 = ORIENTED_EDGE('',*,*,#1467,.T.);
#1467 = EDGE_CURVE('',#1460,#1468,#1470,.T.);
#1468 = VERTEX_POINT('',#1469);
#1469 = CARTESIAN_POINT('',(-6.,-1.05,88.));
#1470 = LINE('',#1471,#1472);
#1471 = CARTESIAN_POINT('',(-6.,2.5,88.));
#1472 = VECTOR('',#1473,1.);
#1473 = DIRECTION('',(0.,1.,0.));
#1474 = ORIENTED_EDGE('',*,*,#1475,.T.);
#1475 = EDGE_CURVE('',#1468,#1476,#1478,.T.);
#1476 = VERTEX_POINT('',#1477);
#1477 = CARTESIAN_POINT('',(-7.4,-1.05,88.));
#1478 = LINE('',#1479,#1480);
#1479 = CARTESIAN_POINT('',(-3.7,-1.05,88.));
#1480 = VECTOR('',#1481,1.);
#1481 = DIRECTION('',(-1.,0.,0.));
#1482 = ORIENTED_EDGE('',*,*,#1483,.T.);
#1483 = EDGE_CURVE('',#1476,#1484,#1486,.T.);
#1484 = VERTEX_POINT('',#1485);
#1485 = CARTESIAN_POINT('',(-7.4,1.05,88.));
#1486 = LINE('',#1487,#1488);
#1487 = CARTESIAN_POINT('',(-7.4,0.525,88.));
#1488 = VECTOR('',#1489,1.);
#1489 = DIRECTION('',(0.,1.,0.));
#1490 = ORIENTED_EDGE('',*,*,#1491,.T.);
#1491 = EDGE_CURVE('',#1484,#1492,#1494,.T.);
#1492 = VERTEX_POINT('',#1493);
#1493 = CARTESIAN_POINT('',(-6.,1.05,88.));
#1494 = LINE('',#1495,#1496);
#1495 = CARTESIAN_POINT('',(3.7,1.05,88.));
#1496 = VECTOR('',#1497,1.);
#1497 = DIRECTION('',(1.,0.,0.));
#1498 = ORIENTED_EDGE('',*,*,#1499,.T.);
#1499 = EDGE_CURVE('',#1492,#1500,#1502,.T.);
#1500 = VERTEX_POINT('',#1501);
#1501 = CARTESIAN_POINT('',(-6.,5.,88.));
#1502 = LINE('',#1503,#1504);
#1503 = CARTESIAN_POINT('',(-6.,2.5,88.));
#1504 = VECTOR('',#1505,1.);
#1505 = DIRECTION('',(0.,1.,0.));
#1506 = ORIENTED_EDGE('',*,*,#1507,.T.);
#1507 = EDGE_CURVE('',#1500,#1038,#1508,.T.);
#1508 = LINE('',#1509,#1510);
#1509 = CARTESIAN_POINT('',(3.,5.,88.));
#1510 = VECTOR('',#1511,1.);
#1511 = DIRECTION('',(1.,0.,0.));
#1512 = ORIENTED_EDGE('',*,*,#1037,.F.);
#1513 = ORIENTED_EDGE('',*,*,#989,.F.);
#1514 = ORIENTED_EDGE('',*,*,#965,.F.);
#1515 = ORIENTED_EDGE('',*,*,#941,.F.);
#1516 = ORIENTED_EDGE('',*,*,#918,.F.);
#1517 = ORIENTED_EDGE('',*,*,#455,.T.);
#1518 = ORIENTED_EDGE('',*,*,#529,.F.);
#1519 = ORIENTED_EDGE('',*,*,#1520,.T.);
#1520 = EDGE_CURVE('',#530,#1347,#1521,.T.);
#1521 = CIRCLE('',#1522,10.5);
#1522 = AXIS2_PLACEMENT_3D('',#1523,#1524,#1525);
#1523 = CARTESIAN_POINT('',(0.,0.,88.));
#1524 = DIRECTION('',(0.,0.,1.));
#1525 = DIRECTION('',(1.,0.,0.));
#1526 = PLANE('',#1527);
#1527 = AXIS2_PLACEMENT_3D('',#1528,#1529,#1530);
#1528 = CARTESIAN_POINT('',(1.3E-16,-3.E-17,88.));
#1529 = DIRECTION('',(0.,0.,1.));
#1530 = DIRECTION('',(1.,0.,0.));
#1531 = ADVANCED_FACE('',(#1532),#1550,.T.);
#1532 = FACE_BOUND('',#1533,.T.);
#1533 = EDGE_LOOP('',(#1534,#1542,#1548,#1549));
#1534 = ORIENTED_EDGE('',*,*,#1535,.T.);
#1535 = EDGE_CURVE('',#650,#1536,#1538,.T.);
#1536 = VERTEX_POINT('',#1537);
#1537 = CARTESIAN_POINT('',(-2.E-15,10.5,88.));
#1538 = LINE('',#1539,#1540);
#1539 = CARTESIAN_POINT('',(-7.9E-16,10.5,88.));
#1540 = VECTOR('',#1541,1.);
#1541 = DIRECTION('',(-1.,0.,0.));
#1542 = ORIENTED_EDGE('',*,*,#1543,.T.);
#1543 = EDGE_CURVE('',#1536,#506,#1544,.T.);
#1544 = LINE('',#1545,#1546);
#1545 = CARTESIAN_POINT('',(6.4E-16,10.5,99.));
#1546 = VECTOR('',#1547,1.);
#1547 = DIRECTION('',(-0.,-0.,-1.));
#1548 = ORIENTED_EDGE('',*,*,#505,.F.);
#1549 = ORIENTED_EDGE('',*,*,#687,.F.);
#1550 = PLANE('',#1551);
#1551 = AXIS2_PLACEMENT_3D('',#1552,#1553,#1554);
#1552 = CARTESIAN_POINT('',(6.4E-16,10.5,99.));
#1553 = DIRECTION('',(0.,-1.,0.));
#1554 = DIRECTION('',(1.,0.,0.));
#1555 = ADVANCED_FACE('',(#1556),#1583,.F.);
#1556 = FACE_BOUND('',#1557,.F.);
#1557 = EDGE_LOOP('',(#1558,#1569,#1575,#1576,#1577));
#1558 = ORIENTED_EDGE('',*,*,#1559,.F.);
#1559 = EDGE_CURVE('',#1560,#1562,#1564,.T.);
#1560 = VERTEX_POINT('',#1561);
#1561 = CARTESIAN_POINT('',(-2.473863375371,10.204410811017,99.));
#1562 = VERTEX_POINT('',#1563);
#1563 = CARTESIAN_POINT('',(-2.E-15,-10.5,99.));
#1564 = CIRCLE('',#1565,10.5);
#1565 = AXIS2_PLACEMENT_3D('',#1566,#1567,#1568);
#1566 = CARTESIAN_POINT('',(0.,0.,99.));
#1567 = DIRECTION('',(0.,0.,1.));
#1568 = DIRECTION('',(1.,0.,0.));
#1569 = ORIENTED_EDGE('',*,*,#1570,.T.);
#1570 = EDGE_CURVE('',#1560,#554,#1571,.T.);
#1571 = LINE('',#1572,#1573);
#1572 = CARTESIAN_POINT('',(-2.473863375371,10.204410811017,99.));
#1573 = VECTOR('',#1574,1.);
#1574 = DIRECTION('',(-0.,-0.,-1.));
#1575 = ORIENTED_EDGE('',*,*,#553,.T.);
#1576 = ORIENTED_EDGE('',*,*,#1520,.T.);
#1577 = ORIENTED_EDGE('',*,*,#1578,.F.);
#1578 = EDGE_CURVE('',#1562,#1347,#1579,.T.);
#1579 = LINE('',#1580,#1581);
#1580 = CARTESIAN_POINT('',(-1.91E-15,-10.5,99.));
#1581 = VECTOR('',#1582,1.);
#1582 = DIRECTION('',(-0.,-0.,-1.));
#1583 = CYLINDRICAL_SURFACE('',#1584,10.5);
#1584 = AXIS2_PLACEMENT_3D('',#1585,#1586,#1587);
#1585 = CARTESIAN_POINT('',(0.,0.,99.));
#1586 = DIRECTION('',(0.,0.,1.));
#1587 = DIRECTION('',(1.,0.,0.));
#1588 = ADVANCED_FACE('',(#1589),#1601,.F.);
#1589 = FACE_BOUND('',#1590,.F.);
#1590 = EDGE_LOOP('',(#1591,#1598,#1599,#1600));
#1591 = ORIENTED_EDGE('',*,*,#1592,.F.);
#1592 = EDGE_CURVE('',#1536,#554,#1593,.T.);
#1593 = CIRCLE('',#1594,10.5);
#1594 = AXIS2_PLACEMENT_3D('',#1595,#1596,#1597);
#1595 = CARTESIAN_POINT('',(0.,0.,88.));
#1596 = DIRECTION('',(0.,0.,1.));
#1597 = DIRECTION('',(1.,0.,0.));
#1598 = ORIENTED_EDGE('',*,*,#1543,.T.);
#1599 = ORIENTED_EDGE('',*,*,#570,.T.);
#1600 = ORIENTED_EDGE('',*,*,#562,.F.);
#1601 = CYLINDRICAL_SURFACE('',#1602,10.5);
#1602 = AXIS2_PLACEMENT_3D('',#1603,#1604,#1605);
#1603 = CARTESIAN_POINT('',(0.,0.,99.));
#1604 = DIRECTION('',(0.,0.,1.));
#1605 = DIRECTION('',(1.,0.,0.));
#1606 = ADVANCED_FACE('',(#1607),#1661,.T.);
#1607 = FACE_BOUND('',#1608,.T.);
#1608 = EDGE_LOOP('',(#1609,#1619,#1626,#1627,#1628,#1629,#1630,#1631,
    #1639,#1647,#1655));
#1609 = ORIENTED_EDGE('',*,*,#1610,.F.);
#1610 = EDGE_CURVE('',#1611,#1613,#1615,.T.);
#1611 = VERTEX_POINT('',#1612);
#1612 = CARTESIAN_POINT('',(22.000000305268,-10.5,69.));
#1613 = VERTEX_POINT('',#1614);
#1614 = CARTESIAN_POINT('',(9.,-10.5,69.));
#1615 = LINE('',#1616,#1617);
#1616 = CARTESIAN_POINT('',(10.,-10.5,69.));
#1617 = VECTOR('',#1618,1.);
#1618 = DIRECTION('',(-1.,-1.4E-16,0.));
#1619 = ORIENTED_EDGE('',*,*,#1620,.F.);
#1620 = EDGE_CURVE('',#598,#1611,#1621,.T.);
#1621 = CIRCLE('',#1622,9.5);
#1622 = AXIS2_PLACEMENT_3D('',#1623,#1624,#1625);
#1623 = CARTESIAN_POINT('',(22.,-1.,69.));
#1624 = DIRECTION('',(0.,0.,1.));
#1625 = DIRECTION('',(1.,0.,0.));
#1626 = ORIENTED_EDGE('',*,*,#597,.F.);
#1627 = ORIENTED_EDGE('',*,*,#1021,.F.);
#1628 = ORIENTED_EDGE('',*,*,#1085,.F.);
#1629 = ORIENTED_EDGE('',*,*,#1272,.T.);
#1630 = ORIENTED_EDGE('',*,*,#1321,.F.);
#1631 = ORIENTED_EDGE('',*,*,#1632,.F.);
#1632 = EDGE_CURVE('',#1633,#1314,#1635,.T.);
#1633 = VERTEX_POINT('',#1634);
#1634 = CARTESIAN_POINT('',(9.,-0.6,69.));
#1635 = LINE('',#1636,#1637);
#1636 = CARTESIAN_POINT('',(9.,5.25,69.));
#1637 = VECTOR('',#1638,1.);
#1638 = DIRECTION('',(0.,1.,0.));
#1639 = ORIENTED_EDGE('',*,*,#1640,.T.);
#1640 = EDGE_CURVE('',#1633,#1641,#1643,.T.);
#1641 = VERTEX_POINT('',#1642);
#1642 = CARTESIAN_POINT('',(10.2,-0.6,69.));
#1643 = LINE('',#1644,#1645);
#1644 = CARTESIAN_POINT('',(9.,-0.6,69.));
#1645 = VECTOR('',#1646,1.);
#1646 = DIRECTION('',(1.,0.,0.));
#1647 = ORIENTED_EDGE('',*,*,#1648,.T.);
#1648 = EDGE_CURVE('',#1641,#1649,#1651,.T.);
#1649 = VERTEX_POINT('',#1650);
#1650 = CARTESIAN_POINT('',(10.2,-2.1,69.));
#1651 = LINE('',#1652,#1653);
#1652 = CARTESIAN_POINT('',(10.2,-0.6,69.));
#1653 = VECTOR('',#1654,1.);
#1654 = DIRECTION('',(0.,-1.,0.));
#1655 = ORIENTED_EDGE('',*,*,#1656,.T.);
#1656 = EDGE_CURVE('',#1649,#1613,#1657,.T.);
#1657 = LINE('',#1658,#1659);
#1658 = CARTESIAN_POINT('',(10.2,-2.1,69.));
#1659 = VECTOR('',#1660,1.);
#1660 = DIRECTION('',(-0.141421356237,-0.989949493661,0.));
#1661 = PLANE('',#1662);
#1662 = AXIS2_PLACEMENT_3D('',#1663,#1664,#1665);
#1663 = CARTESIAN_POINT('',(11.,-5.E-16,69.));
#1664 = DIRECTION('',(0.,0.,1.));
#1665 = DIRECTION('',(1.,0.,0.));
#1666 = ADVANCED_FACE('',(#1667),#1696,.F.);
#1667 = FACE_BOUND('',#1668,.F.);
#1668 = EDGE_LOOP('',(#1669,#1679,#1686,#1687,#1688,#1689));
#1669 = ORIENTED_EDGE('',*,*,#1670,.F.);
#1670 = EDGE_CURVE('',#1671,#1673,#1675,.T.);
#1671 = VERTEX_POINT('',#1672);
#1672 = CARTESIAN_POINT('',(31.5,-1.,69.));
#1673 = VERTEX_POINT('',#1674);
#1674 = CARTESIAN_POINT('',(31.5,-1.,1.));
#1675 = LINE('',#1676,#1677);
#1676 = CARTESIAN_POINT('',(31.5,-1.,99.));
#1677 = VECTOR('',#1678,1.);
#1678 = DIRECTION('',(-0.,-0.,-1.));
#1679 = ORIENTED_EDGE('',*,*,#1680,.F.);
#1680 = EDGE_CURVE('',#1611,#1671,#1681,.T.);
#1681 = CIRCLE('',#1682,9.5);
#1682 = AXIS2_PLACEMENT_3D('',#1683,#1684,#1685);
#1683 = CARTESIAN_POINT('',(22.,-1.,69.));
#1684 = DIRECTION('',(0.,0.,1.));
#1685 = DIRECTION('',(1.,0.,0.));
#1686 = ORIENTED_EDGE('',*,*,#1620,.F.);
#1687 = ORIENTED_EDGE('',*,*,#605,.T.);
#1688 = ORIENTED_EDGE('',*,*,#893,.T.);
#1689 = ORIENTED_EDGE('',*,*,#1690,.T.);
#1690 = EDGE_CURVE('',#894,#1673,#1691,.T.);
#1691 = CIRCLE('',#1692,9.5);
#1692 = AXIS2_PLACEMENT_3D('',#1693,#1694,#1695);
#1693 = CARTESIAN_POINT('',(22.,-1.,1.));
#1694 = DIRECTION('',(0.,0.,1.));
#1695 = DIRECTION('',(1.,0.,0.));
#1696 = CYLINDRICAL_SURFACE('',#1697,9.5);
#1697 = AXIS2_PLACEMENT_3D('',#1698,#1699,#1700);
#1698 = CARTESIAN_POINT('',(22.,-1.,99.));
#1699 = DIRECTION('',(0.,0.,1.));
#1700 = DIRECTION('',(1.,0.,0.));
#1701 = ADVANCED_FACE('',(#1702),#1765,.F.);
#1702 = FACE_BOUND('',#1703,.F.);
#1703 = EDGE_LOOP('',(#1704,#1714,#1720,#1726,#1727,#1735,#1743,#1751,
    #1759));
#1704 = ORIENTED_EDGE('',*,*,#1705,.F.);
#1705 = EDGE_CURVE('',#1706,#1708,#1710,.T.);
#1706 = VERTEX_POINT('',#1707);
#1707 = CARTESIAN_POINT('',(15.6,10.5,99.));
#1708 = VERTEX_POINT('',#1709);
#1709 = CARTESIAN_POINT('',(2.1,10.5,99.));
#1710 = LINE('',#1711,#1712);
#1711 = CARTESIAN_POINT('',(20.,10.5,99.));
#1712 = VECTOR('',#1713,1.);
#1713 = DIRECTION('',(-1.,0.,0.));
#1714 = ORIENTED_EDGE('',*,*,#1715,.T.);
#1715 = EDGE_CURVE('',#1706,#864,#1716,.T.);
#1716 = LINE('',#1717,#1718);
#1717 = CARTESIAN_POINT('',(15.6,10.5,99.));
#1718 = VECTOR('',#1719,1.);
#1719 = DIRECTION('',(-0.,-0.,-1.));
#1720 = ORIENTED_EDGE('',*,*,#1721,.T.);
#1721 = EDGE_CURVE('',#864,#648,#1722,.T.);
#1722 = LINE('',#1723,#1724);
#1723 = CARTESIAN_POINT('',(-7.9E-16,10.5,88.));
#1724 = VECTOR('',#1725,1.);
#1725 = DIRECTION('',(-1.,0.,0.));
#1726 = ORIENTED_EDGE('',*,*,#647,.T.);
#1727 = ORIENTED_EDGE('',*,*,#1728,.F.);
#1728 = EDGE_CURVE('',#1729,#650,#1731,.T.);
#1729 = VERTEX_POINT('',#1730);
#1730 = CARTESIAN_POINT('',(2.1,10.5,95.));
#1731 = LINE('',#1732,#1733);
#1732 = CARTESIAN_POINT('',(2.1,10.5,99.));
#1733 = VECTOR('',#1734,1.);
#1734 = DIRECTION('',(-0.,-0.,-1.));
#1735 = ORIENTED_EDGE('',*,*,#1736,.T.);
#1736 = EDGE_CURVE('',#1729,#1737,#1739,.T.);
#1737 = VERTEX_POINT('',#1738);
#1738 = CARTESIAN_POINT('',(3.5,10.5,95.));
#1739 = LINE('',#1740,#1741);
#1740 = CARTESIAN_POINT('',(2.,10.5,95.));
#1741 = VECTOR('',#1742,1.);
#1742 = DIRECTION('',(1.,0.,0.));
#1743 = ORIENTED_EDGE('',*,*,#1744,.T.);
#1744 = EDGE_CURVE('',#1737,#1745,#1747,.T.);
#1745 = VERTEX_POINT('',#1746);
#1746 = CARTESIAN_POINT('',(3.5,10.5,97.));
#1747 = LINE('',#1748,#1749);
#1748 = CARTESIAN_POINT('',(3.5,10.5,95.));
#1749 = VECTOR('',#1750,1.);
#1750 = DIRECTION('',(0.,0.,1.));
#1751 = ORIENTED_EDGE('',*,*,#1752,.T.);
#1752 = EDGE_CURVE('',#1745,#1753,#1755,.T.);
#1753 = VERTEX_POINT('',#1754);
#1754 = CARTESIAN_POINT('',(2.1,10.5,97.));
#1755 = LINE('',#1756,#1757);
#1756 = CARTESIAN_POINT('',(3.5,10.5,97.));
#1757 = VECTOR('',#1758,1.);
#1758 = DIRECTION('',(-1.,0.,0.));
#1759 = ORIENTED_EDGE('',*,*,#1760,.F.);
#1760 = EDGE_CURVE('',#1708,#1753,#1761,.T.);
#1761 = LINE('',#1762,#1763);
#1762 = CARTESIAN_POINT('',(2.1,10.5,99.));
#1763 = VECTOR('',#1764,1.);
#1764 = DIRECTION('',(-0.,-0.,-1.));
#1765 = PLANE('',#1766);
#1766 = AXIS2_PLACEMENT_3D('',#1767,#1768,#1769);
#1767 = CARTESIAN_POINT('',(20.,10.5,99.));
#1768 = DIRECTION('',(0.,1.,0.));
#1769 = DIRECTION('',(-1.,0.,0.));
#1770 = ADVANCED_FACE('',(#1771),#1777,.F.);
#1771 = FACE_BOUND('',#1772,.F.);
#1772 = EDGE_LOOP('',(#1773,#1774,#1775,#1776));
#1773 = ORIENTED_EDGE('',*,*,#1721,.F.);
#1774 = ORIENTED_EDGE('',*,*,#878,.T.);
#1775 = ORIENTED_EDGE('',*,*,#665,.F.);
#1776 = ORIENTED_EDGE('',*,*,#657,.F.);
#1777 = PLANE('',#1778);
#1778 = AXIS2_PLACEMENT_3D('',#1779,#1780,#1781);
#1779 = CARTESIAN_POINT('',(20.,10.5,99.));
#1780 = DIRECTION('',(0.,1.,0.));
#1781 = DIRECTION('',(-1.,0.,0.));
#1782 = ADVANCED_FACE('',(#1783),#1808,.F.);
#1783 = FACE_BOUND('',#1784,.F.);
#1784 = EDGE_LOOP('',(#1785,#1795,#1801,#1802));
#1785 = ORIENTED_EDGE('',*,*,#1786,.F.);
#1786 = EDGE_CURVE('',#1787,#1789,#1791,.T.);
#1787 = VERTEX_POINT('',#1788);
#1788 = CARTESIAN_POINT('',(3.5,11.5,63.3));
#1789 = VERTEX_POINT('',#1790);
#1790 = CARTESIAN_POINT('',(18.5,11.5,63.3));
#1791 = LINE('',#1792,#1793);
#1792 = CARTESIAN_POINT('',(3.5,11.5,63.3));
#1793 = VECTOR('',#1794,1.);
#1794 = DIRECTION('',(1.,0.,0.));
#1795 = ORIENTED_EDGE('',*,*,#1796,.T.);
#1796 = EDGE_CURVE('',#1787,#702,#1797,.T.);
#1797 = LINE('',#1798,#1799);
#1798 = CARTESIAN_POINT('',(3.5,11.5,63.3));
#1799 = VECTOR('',#1800,1.);
#1800 = DIRECTION('',(0.,-1.,2.2E-16));
#1801 = ORIENTED_EDGE('',*,*,#701,.T.);
#1802 = ORIENTED_EDGE('',*,*,#1803,.F.);
#1803 = EDGE_CURVE('',#1789,#704,#1804,.T.);
#1804 = LINE('',#1805,#1806);
#1805 = CARTESIAN_POINT('',(18.5,11.5,63.3));
#1806 = VECTOR('',#1807,1.);
#1807 = DIRECTION('',(0.,-1.,2.2E-16));
#1808 = PLANE('',#1809);
#1809 = AXIS2_PLACEMENT_3D('',#1810,#1811,#1812);
#1810 = CARTESIAN_POINT('',(3.5,11.5,63.3));
#1811 = DIRECTION('',(0.,2.2E-16,1.));
#1812 = DIRECTION('',(1.,0.,0.));
#1813 = ADVANCED_FACE('',(#1814),#1832,.F.);
#1814 = FACE_BOUND('',#1815,.F.);
#1815 = EDGE_LOOP('',(#1816,#1824,#1825,#1826));
#1816 = ORIENTED_EDGE('',*,*,#1817,.F.);
#1817 = EDGE_CURVE('',#1789,#1818,#1820,.T.);
#1818 = VERTEX_POINT('',#1819);
#1819 = CARTESIAN_POINT('',(18.5,11.5,7.4));
#1820 = LINE('',#1821,#1822);
#1821 = CARTESIAN_POINT('',(18.5,11.5,63.3));
#1822 = VECTOR('',#1823,1.);
#1823 = DIRECTION('',(0.,0.,-1.));
#1824 = ORIENTED_EDGE('',*,*,#1803,.T.);
#1825 = ORIENTED_EDGE('',*,*,#733,.T.);
#1826 = ORIENTED_EDGE('',*,*,#1827,.F.);
#1827 = EDGE_CURVE('',#1818,#734,#1828,.T.);
#1828 = LINE('',#1829,#1830);
#1829 = CARTESIAN_POINT('',(18.5,11.5,7.4));
#1830 = VECTOR('',#1831,1.);
#1831 = DIRECTION('',(0.,-1.,2.2E-16));
#1832 = PLANE('',#1833);
#1833 = AXIS2_PLACEMENT_3D('',#1834,#1835,#1836);
#1834 = CARTESIAN_POINT('',(18.5,11.5,63.3));
#1835 = DIRECTION('',(1.,0.,0.));
#1836 = DIRECTION('',(0.,-2.2E-16,-1.));
#1837 = ADVANCED_FACE('',(#1838),#1856,.F.);
#1838 = FACE_BOUND('',#1839,.F.);
#1839 = EDGE_LOOP('',(#1840,#1848,#1849,#1850));
#1840 = ORIENTED_EDGE('',*,*,#1841,.F.);
#1841 = EDGE_CURVE('',#1818,#1842,#1844,.T.);
#1842 = VERTEX_POINT('',#1843);
#1843 = CARTESIAN_POINT('',(3.5,11.5,7.4));
#1844 = LINE('',#1845,#1846);
#1845 = CARTESIAN_POINT('',(18.5,11.5,7.4));
#1846 = VECTOR('',#1847,1.);
#1847 = DIRECTION('',(-1.,0.,0.));
#1848 = ORIENTED_EDGE('',*,*,#1827,.T.);
#1849 = ORIENTED_EDGE('',*,*,#757,.T.);
#1850 = ORIENTED_EDGE('',*,*,#1851,.F.);
#1851 = EDGE_CURVE('',#1842,#758,#1852,.T.);
#1852 = LINE('',#1853,#1854);
#1853 = CARTESIAN_POINT('',(3.5,11.5,7.4));
#1854 = VECTOR('',#1855,1.);
#1855 = DIRECTION('',(0.,-1.,2.2E-16));
#1856 = PLANE('',#1857);
#1857 = AXIS2_PLACEMENT_3D('',#1858,#1859,#1860);
#1858 = CARTESIAN_POINT('',(18.5,11.5,7.4));
#1859 = DIRECTION('',(-0.,-2.2E-16,-1.));
#1860 = DIRECTION('',(-1.,0.,0.));
#1861 = ADVANCED_FACE('',(#1862),#1873,.F.);
#1862 = FACE_BOUND('',#1863,.F.);
#1863 = EDGE_LOOP('',(#1864,#1870,#1871,#1872));
#1864 = ORIENTED_EDGE('',*,*,#1865,.F.);
#1865 = EDGE_CURVE('',#1842,#1787,#1866,.T.);
#1866 = LINE('',#1867,#1868);
#1867 = CARTESIAN_POINT('',(3.5,11.5,7.4));
#1868 = VECTOR('',#1869,1.);
#1869 = DIRECTION('',(0.,0.,1.));
#1870 = ORIENTED_EDGE('',*,*,#1851,.T.);
#1871 = ORIENTED_EDGE('',*,*,#781,.T.);
#1872 = ORIENTED_EDGE('',*,*,#1796,.F.);
#1873 = PLANE('',#1874);
#1874 = AXIS2_PLACEMENT_3D('',#1875,#1876,#1877);
#1875 = CARTESIAN_POINT('',(3.5,11.5,7.4));
#1876 = DIRECTION('',(-1.,0.,0.));
#1877 = DIRECTION('',(0.,2.2E-16,1.));
#1878 = ADVANCED_FACE('',(#1879),#1897,.T.);
#1879 = FACE_BOUND('',#1880,.T.);
#1880 = EDGE_LOOP('',(#1881,#1882,#1883,#1891));
#1881 = ORIENTED_EDGE('',*,*,#847,.F.);
#1882 = ORIENTED_EDGE('',*,*,#816,.T.);
#1883 = ORIENTED_EDGE('',*,*,#1884,.F.);
#1884 = EDGE_CURVE('',#1885,#809,#1887,.T.);
#1885 = VERTEX_POINT('',#1886);
#1886 = CARTESIAN_POINT('',(20.,8.287087810503,1.));
#1887 = LINE('',#1888,#1889);
#1888 = CARTESIAN_POINT('',(20.,5.25,1.));
#1889 = VECTOR('',#1890,1.);
#1890 = DIRECTION('',(0.,1.,0.));
#1891 = ORIENTED_EDGE('',*,*,#1892,.F.);
#1892 = EDGE_CURVE('',#840,#1885,#1893,.T.);
#1893 = LINE('',#1894,#1895);
#1894 = CARTESIAN_POINT('',(20.,8.287087810503,6.));
#1895 = VECTOR('',#1896,1.);
#1896 = DIRECTION('',(-0.,-0.,-1.));
#1897 = PLANE('',#1898);
#1898 = AXIS2_PLACEMENT_3D('',#1899,#1900,#1901);
#1899 = CARTESIAN_POINT('',(20.,10.5,6.));
#1900 = DIRECTION('',(-1.,0.,0.));
#1901 = DIRECTION('',(0.,-1.,0.));
#1902 = ADVANCED_FACE('',(#1903),#1915,.T.);
#1903 = FACE_BOUND('',#1904,.T.);
#1904 = EDGE_LOOP('',(#1905,#1906,#1907,#1914));
#1905 = ORIENTED_EDGE('',*,*,#808,.T.);
#1906 = ORIENTED_EDGE('',*,*,#901,.T.);
#1907 = ORIENTED_EDGE('',*,*,#1908,.F.);
#1908 = EDGE_CURVE('',#1885,#894,#1909,.T.);
#1909 = CIRCLE('',#1910,9.5);
#1910 = AXIS2_PLACEMENT_3D('',#1911,#1912,#1913);
#1911 = CARTESIAN_POINT('',(22.,-1.,1.));
#1912 = DIRECTION('',(0.,0.,1.));
#1913 = DIRECTION('',(1.,0.,0.));
#1914 = ORIENTED_EDGE('',*,*,#1884,.T.);
#1915 = PLANE('',#1916);
#1916 = AXIS2_PLACEMENT_3D('',#1917,#1918,#1919);
#1917 = CARTESIAN_POINT('',(11.,-5.E-16,1.));
#1918 = DIRECTION('',(0.,0.,1.));
#1919 = DIRECTION('',(1.,0.,0.));
#1920 = ADVANCED_FACE('',(#1921),#1940,.F.);
#1921 = FACE_BOUND('',#1922,.F.);
#1922 = EDGE_LOOP('',(#1923,#1930,#1931,#1938,#1939));
#1923 = ORIENTED_EDGE('',*,*,#1924,.F.);
#1924 = EDGE_CURVE('',#1671,#832,#1925,.T.);
#1925 = CIRCLE('',#1926,9.5);
#1926 = AXIS2_PLACEMENT_3D('',#1927,#1928,#1929);
#1927 = CARTESIAN_POINT('',(22.,-1.,69.));
#1928 = DIRECTION('',(0.,0.,1.));
#1929 = DIRECTION('',(1.,0.,0.));
#1930 = ORIENTED_EDGE('',*,*,#1670,.T.);
#1931 = ORIENTED_EDGE('',*,*,#1932,.T.);
#1932 = EDGE_CURVE('',#1673,#1885,#1933,.T.);
#1933 = CIRCLE('',#1934,9.5);
#1934 = AXIS2_PLACEMENT_3D('',#1935,#1936,#1937);
#1935 = CARTESIAN_POINT('',(22.,-1.,1.));
#1936 = DIRECTION('',(0.,0.,1.));
#1937 = DIRECTION('',(1.,0.,0.));
#1938 = ORIENTED_EDGE('',*,*,#1892,.F.);
#1939 = ORIENTED_EDGE('',*,*,#839,.F.);
#1940 = CYLINDRICAL_SURFACE('',#1941,9.5);
#1941 = AXIS2_PLACEMENT_3D('',#1942,#1943,#1944);
#1942 = CARTESIAN_POINT('',(22.,-1.,99.));
#1943 = DIRECTION('',(0.,0.,1.));
#1944 = DIRECTION('',(1.,0.,0.));
#1945 = ADVANCED_FACE('',(#1946),#1966,.T.);
#1946 = FACE_BOUND('',#1947,.T.);
#1947 = EDGE_LOOP('',(#1948,#1949,#1958,#1964,#1965));
#1948 = ORIENTED_EDGE('',*,*,#1680,.F.);
#1949 = ORIENTED_EDGE('',*,*,#1950,.T.);
#1950 = EDGE_CURVE('',#1611,#1951,#1953,.T.);
#1951 = VERTEX_POINT('',#1952);
#1952 = CARTESIAN_POINT('',(22.,10.5,69.));
#1953 = CIRCLE('',#1954,10.5);
#1954 = AXIS2_PLACEMENT_3D('',#1955,#1956,#1957);
#1955 = CARTESIAN_POINT('',(22.,0.,69.));
#1956 = DIRECTION('',(0.,0.,1.));
#1957 = DIRECTION('',(1.,0.,0.));
#1958 = ORIENTED_EDGE('',*,*,#1959,.F.);
#1959 = EDGE_CURVE('',#224,#1951,#1960,.T.);
#1960 = LINE('',#1961,#1962);
#1961 = CARTESIAN_POINT('',(16.5,10.5,69.));
#1962 = VECTOR('',#1963,1.);
#1963 = DIRECTION('',(1.,0.,0.));
#1964 = ORIENTED_EDGE('',*,*,#831,.T.);
#1965 = ORIENTED_EDGE('',*,*,#1924,.F.);
#1966 = PLANE('',#1967);
#1967 = AXIS2_PLACEMENT_3D('',#1968,#1969,#1970);
#1968 = CARTESIAN_POINT('',(11.,-5.E-16,69.));
#1969 = DIRECTION('',(0.,0.,1.));
#1970 = DIRECTION('',(1.,0.,0.));
#1971 = ADVANCED_FACE('',(#1972),#2022,.F.);
#1972 = FACE_BOUND('',#1973,.F.);
#1973 = EDGE_LOOP('',(#1974,#1982,#1990,#1998,#2006,#2014,#2020,#2021));
#1974 = ORIENTED_EDGE('',*,*,#1975,.F.);
#1975 = EDGE_CURVE('',#1976,#1706,#1978,.T.);
#1976 = VERTEX_POINT('',#1977);
#1977 = CARTESIAN_POINT('',(20.,10.5,99.));
#1978 = LINE('',#1979,#1980);
#1979 = CARTESIAN_POINT('',(20.,10.5,99.));
#1980 = VECTOR('',#1981,1.);
#1981 = DIRECTION('',(-1.,0.,0.));
#1982 = ORIENTED_EDGE('',*,*,#1983,.T.);
#1983 = EDGE_CURVE('',#1976,#1984,#1986,.T.);
#1984 = VERTEX_POINT('',#1985);
#1985 = CARTESIAN_POINT('',(20.,10.5,97.));
#1986 = LINE('',#1987,#1988);
#1987 = CARTESIAN_POINT('',(20.,10.5,99.));
#1988 = VECTOR('',#1989,1.);
#1989 = DIRECTION('',(-0.,-0.,-1.));
#1990 = ORIENTED_EDGE('',*,*,#1991,.T.);
#1991 = EDGE_CURVE('',#1984,#1992,#1994,.T.);
#1992 = VERTEX_POINT('',#1993);
#1993 = CARTESIAN_POINT('',(18.49999999999,10.5,97.));
#1994 = LINE('',#1995,#1996);
#1995 = CARTESIAN_POINT('',(20.,10.5,97.));
#1996 = VECTOR('',#1997,1.);
#1997 = DIRECTION('',(-1.,0.,0.));
#1998 = ORIENTED_EDGE('',*,*,#1999,.T.);
#1999 = EDGE_CURVE('',#1992,#2000,#2002,.T.);
#2000 = VERTEX_POINT('',#2001);
#2001 = CARTESIAN_POINT('',(18.49999999999,10.5,95.));
#2002 = LINE('',#2003,#2004);
#2003 = CARTESIAN_POINT('',(18.49999999999,10.5,97.));
#2004 = VECTOR('',#2005,1.);
#2005 = DIRECTION('',(0.,0.,-1.));
#2006 = ORIENTED_EDGE('',*,*,#2007,.T.);
#2007 = EDGE_CURVE('',#2000,#2008,#2010,.T.);
#2008 = VERTEX_POINT('',#2009);
#2009 = CARTESIAN_POINT('',(20.,10.5,95.));
#2010 = LINE('',#2011,#2012);
#2011 = CARTESIAN_POINT('',(18.49999999999,10.5,95.));
#2012 = VECTOR('',#2013,1.);
#2013 = DIRECTION('',(1.,0.,0.));
#2014 = ORIENTED_EDGE('',*,*,#2015,.T.);
#2015 = EDGE_CURVE('',#2008,#862,#2016,.T.);
#2016 = LINE('',#2017,#2018);
#2017 = CARTESIAN_POINT('',(20.,10.5,99.));
#2018 = VECTOR('',#2019,1.);
#2019 = DIRECTION('',(-0.,-0.,-1.));
#2020 = ORIENTED_EDGE('',*,*,#861,.T.);
#2021 = ORIENTED_EDGE('',*,*,#1715,.F.);
#2022 = PLANE('',#2023);
#2023 = AXIS2_PLACEMENT_3D('',#2024,#2025,#2026);
#2024 = CARTESIAN_POINT('',(20.,10.5,99.));
#2025 = DIRECTION('',(0.,1.,0.));
#2026 = DIRECTION('',(-1.,0.,0.));
#2027 = ADVANCED_FACE('',(#2028),#2046,.F.);
#2028 = FACE_BOUND('',#2029,.F.);
#2029 = EDGE_LOOP('',(#2030,#2038,#2044,#2045));
#2030 = ORIENTED_EDGE('',*,*,#2031,.F.);
#2031 = EDGE_CURVE('',#2032,#862,#2034,.T.);
#2032 = VERTEX_POINT('',#2033);
#2033 = CARTESIAN_POINT('',(22.,10.5,88.));
#2034 = LINE('',#2035,#2036);
#2035 = CARTESIAN_POINT('',(-7.9E-16,10.5,88.));
#2036 = VECTOR('',#2037,1.);
#2037 = DIRECTION('',(-1.,0.,0.));
#2038 = ORIENTED_EDGE('',*,*,#2039,.T.);
#2039 = EDGE_CURVE('',#2032,#1951,#2040,.T.);
#2040 = LINE('',#2041,#2042);
#2041 = CARTESIAN_POINT('',(22.,10.5,88.));
#2042 = VECTOR('',#2043,1.);
#2043 = DIRECTION('',(-0.,-0.,-1.));
#2044 = ORIENTED_EDGE('',*,*,#1959,.F.);
#2045 = ORIENTED_EDGE('',*,*,#871,.F.);
#2046 = PLANE('',#2047);
#2047 = AXIS2_PLACEMENT_3D('',#2048,#2049,#2050);
#2048 = CARTESIAN_POINT('',(22.,10.5,88.));
#2049 = DIRECTION('',(0.,1.,0.));
#2050 = DIRECTION('',(-1.,0.,0.));
#2051 = ADVANCED_FACE('',(#2052),#2078,.T.);
#2052 = FACE_BOUND('',#2053,.T.);
#2053 = EDGE_LOOP('',(#2054,#2062,#2063,#2064,#2072));
#2054 = ORIENTED_EDGE('',*,*,#2055,.F.);
#2055 = EDGE_CURVE('',#1215,#2056,#2058,.T.);
#2056 = VERTEX_POINT('',#2057);
#2057 = CARTESIAN_POINT('',(-6.,1.05,79.));
#2058 = LINE('',#2059,#2060);
#2059 = CARTESIAN_POINT('',(3.7,1.05,79.));
#2060 = VECTOR('',#2061,1.);
#2061 = DIRECTION('',(-1.,0.,0.));
#2062 = ORIENTED_EDGE('',*,*,#1222,.T.);
#2063 = ORIENTED_EDGE('',*,*,#1053,.T.);
#2064 = ORIENTED_EDGE('',*,*,#2065,.F.);
#2065 = EDGE_CURVE('',#2066,#1046,#2068,.T.);
#2066 = VERTEX_POINT('',#2067);
#2067 = CARTESIAN_POINT('',(-6.,5.,79.));
#2068 = LINE('',#2069,#2070);
#2069 = CARTESIAN_POINT('',(3.,5.,79.));
#2070 = VECTOR('',#2071,1.);
#2071 = DIRECTION('',(1.,0.,0.));
#2072 = ORIENTED_EDGE('',*,*,#2073,.F.);
#2073 = EDGE_CURVE('',#2056,#2066,#2074,.T.);
#2074 = LINE('',#2075,#2076);
#2075 = CARTESIAN_POINT('',(-6.,2.5,79.));
#2076 = VECTOR('',#2077,1.);
#2077 = DIRECTION('',(0.,1.,0.));
#2078 = PLANE('',#2079);
#2079 = AXIS2_PLACEMENT_3D('',#2080,#2081,#2082);
#2080 = CARTESIAN_POINT('',(1.3E-16,-3.E-17,79.));
#2081 = DIRECTION('',(0.,0.,1.));
#2082 = DIRECTION('',(1.,0.,0.));
#2083 = ADVANCED_FACE('',(#2084),#2095,.F.);
#2084 = FACE_BOUND('',#2085,.F.);
#2085 = EDGE_LOOP('',(#2086,#2087,#2088,#2089));
#2086 = ORIENTED_EDGE('',*,*,#1507,.T.);
#2087 = ORIENTED_EDGE('',*,*,#1045,.T.);
#2088 = ORIENTED_EDGE('',*,*,#2065,.F.);
#2089 = ORIENTED_EDGE('',*,*,#2090,.F.);
#2090 = EDGE_CURVE('',#1500,#2066,#2091,.T.);
#2091 = LINE('',#2092,#2093);
#2092 = CARTESIAN_POINT('',(-6.,5.,99.));
#2093 = VECTOR('',#2094,1.);
#2094 = DIRECTION('',(-0.,-0.,-1.));
#2095 = PLANE('',#2096);
#2096 = AXIS2_PLACEMENT_3D('',#2097,#2098,#2099);
#2097 = CARTESIAN_POINT('',(6.,5.,99.));
#2098 = DIRECTION('',(0.,1.,0.));
#2099 = DIRECTION('',(-1.,0.,0.));
#2100 = ADVANCED_FACE('',(#2101),#2127,.T.);
#2101 = FACE_BOUND('',#2102,.T.);
#2102 = EDGE_LOOP('',(#2103,#2111,#2112,#2113,#2121));
#2103 = ORIENTED_EDGE('',*,*,#2104,.F.);
#2104 = EDGE_CURVE('',#1249,#2105,#2107,.T.);
#2105 = VERTEX_POINT('',#2106);
#2106 = CARTESIAN_POINT('',(7.4,1.05,46.));
#2107 = LINE('',#2108,#2109);
#2108 = CARTESIAN_POINT('',(3.7,1.05,46.));
#2109 = VECTOR('',#2110,1.);
#2110 = DIRECTION('',(1.,0.,0.));
#2111 = ORIENTED_EDGE('',*,*,#1256,.T.);
#2112 = ORIENTED_EDGE('',*,*,#1119,.T.);
#2113 = ORIENTED_EDGE('',*,*,#2114,.F.);
#2114 = EDGE_CURVE('',#2115,#1120,#2117,.T.);
#2115 = VERTEX_POINT('',#2116);
#2116 = CARTESIAN_POINT('',(7.4,-1.05,46.));
#2117 = LINE('',#2118,#2119);
#2118 = CARTESIAN_POINT('',(0.775,-1.05,46.));
#2119 = VECTOR('',#2120,1.);
#2120 = DIRECTION('',(-1.,0.,0.));
#2121 = ORIENTED_EDGE('',*,*,#2122,.F.);
#2122 = EDGE_CURVE('',#2105,#2115,#2123,.T.);
#2123 = LINE('',#2124,#2125);
#2124 = CARTESIAN_POINT('',(7.4,-0.525,46.));
#2125 = VECTOR('',#2126,1.);
#2126 = DIRECTION('',(0.,-1.,0.));
#2127 = PLANE('',#2128);
#2128 = AXIS2_PLACEMENT_3D('',#2129,#2130,#2131);
#2129 = CARTESIAN_POINT('',(-3.6E-16,-6.E-17,46.));
#2130 = DIRECTION('',(0.,0.,1.));
#2131 = DIRECTION('',(1.,0.,0.));
#2132 = ADVANCED_FACE('',(#2133),#2158,.F.);
#2133 = FACE_BOUND('',#2134,.F.);
#2134 = EDGE_LOOP('',(#2135,#2136,#2142,#2143,#2144,#2152));
#2135 = ORIENTED_EDGE('',*,*,#1377,.T.);
#2136 = ORIENTED_EDGE('',*,*,#2137,.T.);
#2137 = EDGE_CURVE('',#1378,#2105,#2138,.T.);
#2138 = LINE('',#2139,#2140);
#2139 = CARTESIAN_POINT('',(7.4,1.05,99.));
#2140 = VECTOR('',#2141,1.);
#2141 = DIRECTION('',(-0.,-0.,-1.));
#2142 = ORIENTED_EDGE('',*,*,#2104,.F.);
#2143 = ORIENTED_EDGE('',*,*,#1248,.F.);
#2144 = ORIENTED_EDGE('',*,*,#2145,.F.);
#2145 = EDGE_CURVE('',#2146,#1240,#2148,.T.);
#2146 = VERTEX_POINT('',#2147);
#2147 = CARTESIAN_POINT('',(6.,1.05,79.));
#2148 = LINE('',#2149,#2150);
#2149 = CARTESIAN_POINT('',(3.7,1.05,79.));
#2150 = VECTOR('',#2151,1.);
#2151 = DIRECTION('',(-1.,0.,0.));
#2152 = ORIENTED_EDGE('',*,*,#2153,.T.);
#2153 = EDGE_CURVE('',#2146,#1370,#2154,.T.);
#2154 = LINE('',#2155,#2156);
#2155 = CARTESIAN_POINT('',(6.,1.05,99.));
#2156 = VECTOR('',#2157,1.);
#2157 = DIRECTION('',(0.,0.,1.));
#2158 = PLANE('',#2159);
#2159 = AXIS2_PLACEMENT_3D('',#2160,#2161,#2162);
#2160 = CARTESIAN_POINT('',(7.4,1.05,99.));
#2161 = DIRECTION('',(0.,1.,0.));
#2162 = DIRECTION('',(-1.,0.,0.));
#2163 = ADVANCED_FACE('',(#2164),#2175,.T.);
#2164 = FACE_BOUND('',#2165,.T.);
#2165 = EDGE_LOOP('',(#2166,#2167,#2173,#2174));
#2166 = ORIENTED_EDGE('',*,*,#2145,.F.);
#2167 = ORIENTED_EDGE('',*,*,#2168,.F.);
#2168 = EDGE_CURVE('',#1296,#2146,#2169,.T.);
#2169 = LINE('',#2170,#2171);
#2170 = CARTESIAN_POINT('',(6.,-2.5,79.));
#2171 = VECTOR('',#2172,1.);
#2172 = DIRECTION('',(0.,-1.,0.));
#2173 = ORIENTED_EDGE('',*,*,#1330,.T.);
#2174 = ORIENTED_EDGE('',*,*,#1239,.T.);
#2175 = PLANE('',#2176);
#2176 = AXIS2_PLACEMENT_3D('',#2177,#2178,#2179);
#2177 = CARTESIAN_POINT('',(1.3E-16,-3.E-17,79.));
#2178 = DIRECTION('',(0.,0.,1.));
#2179 = DIRECTION('',(1.,0.,0.));
#2180 = ADVANCED_FACE('',(#2181),#2206,.F.);
#2181 = FACE_BOUND('',#2182,.F.);
#2182 = EDGE_LOOP('',(#2183,#2184,#2190,#2191,#2192,#2200));
#2183 = ORIENTED_EDGE('',*,*,#1491,.T.);
#2184 = ORIENTED_EDGE('',*,*,#2185,.T.);
#2185 = EDGE_CURVE('',#1492,#2056,#2186,.T.);
#2186 = LINE('',#2187,#2188);
#2187 = CARTESIAN_POINT('',(-6.,1.05,99.));
#2188 = VECTOR('',#2189,1.);
#2189 = DIRECTION('',(0.,0.,-1.));
#2190 = ORIENTED_EDGE('',*,*,#2055,.F.);
#2191 = ORIENTED_EDGE('',*,*,#1214,.T.);
#2192 = ORIENTED_EDGE('',*,*,#2193,.F.);
#2193 = EDGE_CURVE('',#2194,#1206,#2196,.T.);
#2194 = VERTEX_POINT('',#2195);
#2195 = CARTESIAN_POINT('',(-7.4,1.05,46.));
#2196 = LINE('',#2197,#2198);
#2197 = CARTESIAN_POINT('',(3.7,1.05,46.));
#2198 = VECTOR('',#2199,1.);
#2199 = DIRECTION('',(1.,0.,0.));
#2200 = ORIENTED_EDGE('',*,*,#2201,.F.);
#2201 = EDGE_CURVE('',#1484,#2194,#2202,.T.);
#2202 = LINE('',#2203,#2204);
#2203 = CARTESIAN_POINT('',(-7.4,1.05,99.));
#2204 = VECTOR('',#2205,1.);
#2205 = DIRECTION('',(-0.,-0.,-1.));
#2206 = PLANE('',#2207);
#2207 = AXIS2_PLACEMENT_3D('',#2208,#2209,#2210);
#2208 = CARTESIAN_POINT('',(7.4,1.05,99.));
#2209 = DIRECTION('',(0.,1.,0.));
#2210 = DIRECTION('',(-1.,0.,0.));
#2211 = ADVANCED_FACE('',(#2212),#2230,.T.);
#2212 = FACE_BOUND('',#2213,.T.);
#2213 = EDGE_LOOP('',(#2214,#2222,#2223,#2224));
#2214 = ORIENTED_EDGE('',*,*,#2215,.F.);
#2215 = EDGE_CURVE('',#1198,#2216,#2218,.T.);
#2216 = VERTEX_POINT('',#2217);
#2217 = CARTESIAN_POINT('',(-7.4,-1.05,46.));
#2218 = LINE('',#2219,#2220);
#2219 = CARTESIAN_POINT('',(-3.7,-1.05,46.));
#2220 = VECTOR('',#2221,1.);
#2221 = DIRECTION('',(-1.,0.,0.));
#2222 = ORIENTED_EDGE('',*,*,#1205,.T.);
#2223 = ORIENTED_EDGE('',*,*,#2193,.F.);
#2224 = ORIENTED_EDGE('',*,*,#2225,.F.);
#2225 = EDGE_CURVE('',#2216,#2194,#2226,.T.);
#2226 = LINE('',#2227,#2228);
#2227 = CARTESIAN_POINT('',(-7.4,0.525,46.));
#2228 = VECTOR('',#2229,1.);
#2229 = DIRECTION('',(0.,1.,0.));
#2230 = PLANE('',#2231);
#2231 = AXIS2_PLACEMENT_3D('',#2232,#2233,#2234);
#2232 = CARTESIAN_POINT('',(-3.6E-16,-6.E-17,46.));
#2233 = DIRECTION('',(0.,0.,1.));
#2234 = DIRECTION('',(1.,0.,0.));
#2235 = ADVANCED_FACE('',(#2236),#2261,.F.);
#2236 = FACE_BOUND('',#2237,.F.);
#2237 = EDGE_LOOP('',(#2238,#2239,#2245,#2246,#2247,#2255));
#2238 = ORIENTED_EDGE('',*,*,#1475,.T.);
#2239 = ORIENTED_EDGE('',*,*,#2240,.T.);
#2240 = EDGE_CURVE('',#1476,#2216,#2241,.T.);
#2241 = LINE('',#2242,#2243);
#2242 = CARTESIAN_POINT('',(-7.4,-1.05,99.));
#2243 = VECTOR('',#2244,1.);
#2244 = DIRECTION('',(-0.,-0.,-1.));
#2245 = ORIENTED_EDGE('',*,*,#2215,.F.);
#2246 = ORIENTED_EDGE('',*,*,#1197,.F.);
#2247 = ORIENTED_EDGE('',*,*,#2248,.F.);
#2248 = EDGE_CURVE('',#2249,#1189,#2251,.T.);
#2249 = VERTEX_POINT('',#2250);
#2250 = CARTESIAN_POINT('',(-6.,-1.05,79.));
#2251 = LINE('',#2252,#2253);
#2252 = CARTESIAN_POINT('',(-3.7,-1.05,79.));
#2253 = VECTOR('',#2254,1.);
#2254 = DIRECTION('',(1.,0.,0.));
#2255 = ORIENTED_EDGE('',*,*,#2256,.T.);
#2256 = EDGE_CURVE('',#2249,#1468,#2257,.T.);
#2257 = LINE('',#2258,#2259);
#2258 = CARTESIAN_POINT('',(-6.,-1.05,99.));
#2259 = VECTOR('',#2260,1.);
#2260 = DIRECTION('',(0.,0.,1.));
#2261 = PLANE('',#2262);
#2262 = AXIS2_PLACEMENT_3D('',#2263,#2264,#2265);
#2263 = CARTESIAN_POINT('',(-7.4,-1.05,99.));
#2264 = DIRECTION('',(0.,-1.,0.));
#2265 = DIRECTION('',(1.,0.,0.));
#2266 = ADVANCED_FACE('',(#2267),#2285,.T.);
#2267 = FACE_BOUND('',#2268,.T.);
#2268 = EDGE_LOOP('',(#2269,#2277,#2278,#2279));
#2269 = ORIENTED_EDGE('',*,*,#2270,.F.);
#2270 = EDGE_CURVE('',#1180,#2271,#2273,.T.);
#2271 = VERTEX_POINT('',#2272);
#2272 = CARTESIAN_POINT('',(-6.,-5.,79.));
#2273 = LINE('',#2274,#2275);
#2274 = CARTESIAN_POINT('',(-3.,-5.,79.));
#2275 = VECTOR('',#2276,1.);
#2276 = DIRECTION('',(-1.,0.,0.));
#2277 = ORIENTED_EDGE('',*,*,#1188,.T.);
#2278 = ORIENTED_EDGE('',*,*,#2248,.F.);
#2279 = ORIENTED_EDGE('',*,*,#2280,.F.);
#2280 = EDGE_CURVE('',#2271,#2249,#2281,.T.);
#2281 = LINE('',#2282,#2283);
#2282 = CARTESIAN_POINT('',(-6.,2.5,79.));
#2283 = VECTOR('',#2284,1.);
#2284 = DIRECTION('',(0.,1.,0.));
#2285 = PLANE('',#2286);
#2286 = AXIS2_PLACEMENT_3D('',#2287,#2288,#2289);
#2287 = CARTESIAN_POINT('',(1.3E-16,-3.E-17,79.));
#2288 = DIRECTION('',(0.,0.,1.));
#2289 = DIRECTION('',(1.,0.,0.));
#2290 = ADVANCED_FACE('',(#2291),#2307,.F.);
#2291 = FACE_BOUND('',#2292,.F.);
#2292 = EDGE_LOOP('',(#2293,#2294,#2300,#2301));
#2293 = ORIENTED_EDGE('',*,*,#1450,.F.);
#2294 = ORIENTED_EDGE('',*,*,#2295,.F.);
#2295 = EDGE_CURVE('',#1180,#1451,#2296,.T.);
#2296 = LINE('',#2297,#2298);
#2297 = CARTESIAN_POINT('',(-2.039607805437,-5.,99.));
#2298 = VECTOR('',#2299,1.);
#2299 = DIRECTION('',(0.,0.,1.));
#2300 = ORIENTED_EDGE('',*,*,#1179,.F.);
#2301 = ORIENTED_EDGE('',*,*,#2302,.T.);
#2302 = EDGE_CURVE('',#1172,#1443,#2303,.T.);
#2303 = LINE('',#2304,#2305);
#2304 = CARTESIAN_POINT('',(-1.55,-5.172765217947,99.));
#2305 = VECTOR('',#2306,1.);
#2306 = DIRECTION('',(0.,0.,1.));
#2307 = CYLINDRICAL_SURFACE('',#2308,5.4);
#2308 = AXIS2_PLACEMENT_3D('',#2309,#2310,#2311);
#2309 = CARTESIAN_POINT('',(0.,0.,99.));
#2310 = DIRECTION('',(0.,0.,1.));
#2311 = DIRECTION('',(1.,0.,0.));
#2312 = ADVANCED_FACE('',(#2313),#2332,.F.);
#2313 = FACE_BOUND('',#2314,.F.);
#2314 = EDGE_LOOP('',(#2315,#2316,#2317,#2318,#2326));
#2315 = ORIENTED_EDGE('',*,*,#1442,.T.);
#2316 = ORIENTED_EDGE('',*,*,#2302,.F.);
#2317 = ORIENTED_EDGE('',*,*,#1171,.T.);
#2318 = ORIENTED_EDGE('',*,*,#2319,.F.);
#2319 = EDGE_CURVE('',#2320,#1163,#2322,.T.);
#2320 = VERTEX_POINT('',#2321);
#2321 = CARTESIAN_POINT('',(-1.55,-7.4,46.));
#2322 = LINE('',#2323,#2324);
#2323 = CARTESIAN_POINT('',(-1.55,-0.525,46.));
#2324 = VECTOR('',#2325,1.);
#2325 = DIRECTION('',(0.,1.,0.));
#2326 = ORIENTED_EDGE('',*,*,#2327,.F.);
#2327 = EDGE_CURVE('',#1435,#2320,#2328,.T.);
#2328 = LINE('',#2329,#2330);
#2329 = CARTESIAN_POINT('',(-1.55,-7.4,99.));
#2330 = VECTOR('',#2331,1.);
#2331 = DIRECTION('',(-0.,-0.,-1.));
#2332 = PLANE('',#2333);
#2333 = AXIS2_PLACEMENT_3D('',#2334,#2335,#2336);
#2334 = CARTESIAN_POINT('',(-1.55,-1.05,99.));
#2335 = DIRECTION('',(-1.,0.,0.));
#2336 = DIRECTION('',(0.,-1.,0.));
#2337 = ADVANCED_FACE('',(#2338),#2356,.T.);
#2338 = FACE_BOUND('',#2339,.T.);
#2339 = EDGE_LOOP('',(#2340,#2341,#2342,#2350));
#2340 = ORIENTED_EDGE('',*,*,#1162,.T.);
#2341 = ORIENTED_EDGE('',*,*,#2319,.F.);
#2342 = ORIENTED_EDGE('',*,*,#2343,.F.);
#2343 = EDGE_CURVE('',#2344,#2320,#2346,.T.);
#2344 = VERTEX_POINT('',#2345);
#2345 = CARTESIAN_POINT('',(1.55,-7.4,46.));
#2346 = LINE('',#2347,#2348);
#2347 = CARTESIAN_POINT('',(-0.775,-7.4,46.));
#2348 = VECTOR('',#2349,1.);
#2349 = DIRECTION('',(-1.,0.,0.));
#2350 = ORIENTED_EDGE('',*,*,#2351,.F.);
#2351 = EDGE_CURVE('',#1155,#2344,#2352,.T.);
#2352 = LINE('',#2353,#2354);
#2353 = CARTESIAN_POINT('',(1.55,-3.7,46.));
#2354 = VECTOR('',#2355,1.);
#2355 = DIRECTION('',(0.,-1.,0.));
#2356 = PLANE('',#2357);
#2357 = AXIS2_PLACEMENT_3D('',#2358,#2359,#2360);
#2358 = CARTESIAN_POINT('',(-3.6E-16,-6.E-17,46.));
#2359 = DIRECTION('',(0.,0.,1.));
#2360 = DIRECTION('',(1.,0.,0.));
#2361 = ADVANCED_FACE('',(#2362),#2379,.F.);
#2362 = FACE_BOUND('',#2363,.F.);
#2363 = EDGE_LOOP('',(#2364,#2365,#2371,#2372,#2373));
#2364 = ORIENTED_EDGE('',*,*,#1426,.T.);
#2365 = ORIENTED_EDGE('',*,*,#2366,.T.);
#2366 = EDGE_CURVE('',#1427,#2344,#2367,.T.);
#2367 = LINE('',#2368,#2369);
#2368 = CARTESIAN_POINT('',(1.55,-7.4,99.));
#2369 = VECTOR('',#2370,1.);
#2370 = DIRECTION('',(-0.,-0.,-1.));
#2371 = ORIENTED_EDGE('',*,*,#2351,.F.);
#2372 = ORIENTED_EDGE('',*,*,#1154,.F.);
#2373 = ORIENTED_EDGE('',*,*,#2374,.T.);
#2374 = EDGE_CURVE('',#1146,#1418,#2375,.T.);
#2375 = LINE('',#2376,#2377);
#2376 = CARTESIAN_POINT('',(1.55,-5.172765217947,99.));
#2377 = VECTOR('',#2378,1.);
#2378 = DIRECTION('',(0.,0.,1.));
#2379 = PLANE('',#2380);
#2380 = AXIS2_PLACEMENT_3D('',#2381,#2382,#2383);
#2381 = CARTESIAN_POINT('',(1.55,-7.4,99.));
#2382 = DIRECTION('',(1.,0.,0.));
#2383 = DIRECTION('',(0.,1.,0.));
#2384 = ADVANCED_FACE('',(#2385),#2396,.F.);
#2385 = FACE_BOUND('',#2386,.F.);
#2386 = EDGE_LOOP('',(#2387,#2388,#2394,#2395));
#2387 = ORIENTED_EDGE('',*,*,#1145,.F.);
#2388 = ORIENTED_EDGE('',*,*,#2389,.T.);
#2389 = EDGE_CURVE('',#1137,#1410,#2390,.T.);
#2390 = LINE('',#2391,#2392);
#2391 = CARTESIAN_POINT('',(2.039607805437,-5.,99.));
#2392 = VECTOR('',#2393,1.);
#2393 = DIRECTION('',(0.,0.,1.));
#2394 = ORIENTED_EDGE('',*,*,#1417,.F.);
#2395 = ORIENTED_EDGE('',*,*,#2374,.F.);
#2396 = CYLINDRICAL_SURFACE('',#2397,5.4);
#2397 = AXIS2_PLACEMENT_3D('',#2398,#2399,#2400);
#2398 = CARTESIAN_POINT('',(0.,0.,99.));
#2399 = DIRECTION('',(0.,0.,1.));
#2400 = DIRECTION('',(1.,0.,0.));
#2401 = ADVANCED_FACE('',(#2402),#2427,.T.);
#2402 = FACE_BOUND('',#2403,.T.);
#2403 = EDGE_LOOP('',(#2404,#2412,#2420,#2426));
#2404 = ORIENTED_EDGE('',*,*,#2405,.F.);
#2405 = EDGE_CURVE('',#2406,#1137,#2408,.T.);
#2406 = VERTEX_POINT('',#2407);
#2407 = CARTESIAN_POINT('',(6.,-5.,79.));
#2408 = LINE('',#2409,#2410);
#2409 = CARTESIAN_POINT('',(-3.,-5.,79.));
#2410 = VECTOR('',#2411,1.);
#2411 = DIRECTION('',(-1.,0.,0.));
#2412 = ORIENTED_EDGE('',*,*,#2413,.F.);
#2413 = EDGE_CURVE('',#2414,#2406,#2416,.T.);
#2414 = VERTEX_POINT('',#2415);
#2415 = CARTESIAN_POINT('',(6.,-1.05,79.));
#2416 = LINE('',#2417,#2418);
#2417 = CARTESIAN_POINT('',(6.,-2.5,79.));
#2418 = VECTOR('',#2419,1.);
#2419 = DIRECTION('',(0.,-1.,0.));
#2420 = ORIENTED_EDGE('',*,*,#2421,.F.);
#2421 = EDGE_CURVE('',#1129,#2414,#2422,.T.);
#2422 = LINE('',#2423,#2424);
#2423 = CARTESIAN_POINT('',(0.775,-1.05,79.));
#2424 = VECTOR('',#2425,1.);
#2425 = DIRECTION('',(1.,0.,0.));
#2426 = ORIENTED_EDGE('',*,*,#1136,.T.);
#2427 = PLANE('',#2428);
#2428 = AXIS2_PLACEMENT_3D('',#2429,#2430,#2431);
#2429 = CARTESIAN_POINT('',(1.3E-16,-3.E-17,79.));
#2430 = DIRECTION('',(0.,0.,1.));
#2431 = DIRECTION('',(1.,0.,0.));
#2432 = ADVANCED_FACE('',(#2433),#2451,.F.);
#2433 = FACE_BOUND('',#2434,.F.);
#2434 = EDGE_LOOP('',(#2435,#2436,#2442,#2443,#2444,#2445));
#2435 = ORIENTED_EDGE('',*,*,#1393,.T.);
#2436 = ORIENTED_EDGE('',*,*,#2437,.T.);
#2437 = EDGE_CURVE('',#1394,#2414,#2438,.T.);
#2438 = LINE('',#2439,#2440);
#2439 = CARTESIAN_POINT('',(6.,-1.05,99.));
#2440 = VECTOR('',#2441,1.);
#2441 = DIRECTION('',(0.,0.,-1.));
#2442 = ORIENTED_EDGE('',*,*,#2421,.F.);
#2443 = ORIENTED_EDGE('',*,*,#1128,.T.);
#2444 = ORIENTED_EDGE('',*,*,#2114,.F.);
#2445 = ORIENTED_EDGE('',*,*,#2446,.F.);
#2446 = EDGE_CURVE('',#1386,#2115,#2447,.T.);
#2447 = LINE('',#2448,#2449);
#2448 = CARTESIAN_POINT('',(7.4,-1.05,99.));
#2449 = VECTOR('',#2450,1.);
#2450 = DIRECTION('',(-0.,-0.,-1.));
#2451 = PLANE('',#2452);
#2452 = AXIS2_PLACEMENT_3D('',#2453,#2454,#2455);
#2453 = CARTESIAN_POINT('',(1.55,-1.05,99.));
#2454 = DIRECTION('',(0.,-1.,0.));
#2455 = DIRECTION('',(1.,0.,0.));
#2456 = ADVANCED_FACE('',(#2457,#2468),#2471,.F.);
#2457 = FACE_BOUND('',#2458,.F.);
#2458 = EDGE_LOOP('',(#2459));
#2459 = ORIENTED_EDGE('',*,*,#2460,.F.);
#2460 = EDGE_CURVE('',#2461,#2461,#2463,.T.);
#2461 = VERTEX_POINT('',#2462);
#2462 = CARTESIAN_POINT('',(7.5,0.,45.));
#2463 = CIRCLE('',#2464,7.5);
#2464 = AXIS2_PLACEMENT_3D('',#2465,#2466,#2467);
#2465 = CARTESIAN_POINT('',(0.,0.,45.));
#2466 = DIRECTION('',(0.,0.,-1.));
#2467 = DIRECTION('',(1.,0.,0.));
#2468 = FACE_BOUND('',#2469,.F.);
#2469 = EDGE_LOOP('',(#2470));
#2470 = ORIENTED_EDGE('',*,*,#1111,.T.);
#2471 = PLANE('',#2472);
#2472 = AXIS2_PLACEMENT_3D('',#2473,#2474,#2475);
#2473 = CARTESIAN_POINT('',(-3.6E-16,-6.E-17,45.));
#2474 = DIRECTION('',(0.,0.,1.));
#2475 = DIRECTION('',(1.,0.,0.));
#2476 = ADVANCED_FACE('',(#2477),#2483,.F.);
#2477 = FACE_BOUND('',#2478,.F.);
#2478 = EDGE_LOOP('',(#2479,#2480,#2481,#2482));
#2479 = ORIENTED_EDGE('',*,*,#1369,.T.);
#2480 = ORIENTED_EDGE('',*,*,#2153,.F.);
#2481 = ORIENTED_EDGE('',*,*,#2168,.F.);
#2482 = ORIENTED_EDGE('',*,*,#1295,.T.);
#2483 = PLANE('',#2484);
#2484 = AXIS2_PLACEMENT_3D('',#2485,#2486,#2487);
#2485 = CARTESIAN_POINT('',(6.,-5.,99.));
#2486 = DIRECTION('',(1.,0.,0.));
#2487 = DIRECTION('',(0.,1.,0.));
#2488 = ADVANCED_FACE('',(#2489),#2500,.F.);
#2489 = FACE_BOUND('',#2490,.F.);
#2490 = EDGE_LOOP('',(#2491,#2492,#2493,#2494));
#2491 = ORIENTED_EDGE('',*,*,#1362,.F.);
#2492 = ORIENTED_EDGE('',*,*,#1313,.F.);
#2493 = ORIENTED_EDGE('',*,*,#1632,.F.);
#2494 = ORIENTED_EDGE('',*,*,#2495,.T.);
#2495 = EDGE_CURVE('',#1633,#1355,#2496,.T.);
#2496 = LINE('',#2497,#2498);
#2497 = CARTESIAN_POINT('',(9.,-0.6,69.));
#2498 = VECTOR('',#2499,1.);
#2499 = DIRECTION('',(0.,0.,1.));
#2500 = PLANE('',#2501);
#2501 = AXIS2_PLACEMENT_3D('',#2502,#2503,#2504);
#2502 = CARTESIAN_POINT('',(9.,10.5,88.));
#2503 = DIRECTION('',(-1.,0.,0.));
#2504 = DIRECTION('',(0.,-1.,0.));
#2505 = ADVANCED_FACE('',(#2506,#2532,#2566),#2600,.F.);
#2506 = FACE_BOUND('',#2507,.F.);
#2507 = EDGE_LOOP('',(#2508,#2516,#2517,#2518,#2526));
#2508 = ORIENTED_EDGE('',*,*,#2509,.F.);
#2509 = EDGE_CURVE('',#1562,#2510,#2512,.T.);
#2510 = VERTEX_POINT('',#2511);
#2511 = CARTESIAN_POINT('',(22.,-10.5,99.));
#2512 = LINE('',#2513,#2514);
#2513 = CARTESIAN_POINT('',(-1.9E-15,-10.5,99.));
#2514 = VECTOR('',#2515,1.);
#2515 = DIRECTION('',(1.,0.,0.));
#2516 = ORIENTED_EDGE('',*,*,#1578,.T.);
#2517 = ORIENTED_EDGE('',*,*,#1344,.F.);
#2518 = ORIENTED_EDGE('',*,*,#2519,.F.);
#2519 = EDGE_CURVE('',#2520,#1345,#2522,.T.);
#2520 = VERTEX_POINT('',#2521);
#2521 = CARTESIAN_POINT('',(22.,-10.5,88.));
#2522 = LINE('',#2523,#2524);
#2523 = CARTESIAN_POINT('',(-8.9E-16,-10.5,88.));
#2524 = VECTOR('',#2525,1.);
#2525 = DIRECTION('',(-1.,0.,0.));
#2526 = ORIENTED_EDGE('',*,*,#2527,.F.);
#2527 = EDGE_CURVE('',#2510,#2520,#2528,.T.);
#2528 = LINE('',#2529,#2530);
#2529 = CARTESIAN_POINT('',(22.,-10.5,99.));
#2530 = VECTOR('',#2531,1.);
#2531 = DIRECTION('',(-0.,-0.,-1.));
#2532 = FACE_BOUND('',#2533,.F.);
#2533 = EDGE_LOOP('',(#2534,#2544,#2552,#2560));
#2534 = ORIENTED_EDGE('',*,*,#2535,.T.);
#2535 = EDGE_CURVE('',#2536,#2538,#2540,.T.);
#2536 = VERTEX_POINT('',#2537);
#2537 = CARTESIAN_POINT('',(2.,-10.5,97.));
#2538 = VERTEX_POINT('',#2539);
#2539 = CARTESIAN_POINT('',(3.5,-10.5,97.));
#2540 = LINE('',#2541,#2542);
#2541 = CARTESIAN_POINT('',(2.,-10.5,97.));
#2542 = VECTOR('',#2543,1.);
#2543 = DIRECTION('',(1.,0.,0.));
#2544 = ORIENTED_EDGE('',*,*,#2545,.T.);
#2545 = EDGE_CURVE('',#2538,#2546,#2548,.T.);
#2546 = VERTEX_POINT('',#2547);
#2547 = CARTESIAN_POINT('',(3.5,-10.5,94.999999999903));
#2548 = LINE('',#2549,#2550);
#2549 = CARTESIAN_POINT('',(3.5,-10.5,97.));
#2550 = VECTOR('',#2551,1.);
#2551 = DIRECTION('',(0.,0.,-1.));
#2552 = ORIENTED_EDGE('',*,*,#2553,.T.);
#2553 = EDGE_CURVE('',#2546,#2554,#2556,.T.);
#2554 = VERTEX_POINT('',#2555);
#2555 = CARTESIAN_POINT('',(2.,-10.5,94.999999999903));
#2556 = LINE('',#2557,#2558);
#2557 = CARTESIAN_POINT('',(3.5,-10.5,94.999999999903));
#2558 = VECTOR('',#2559,1.);
#2559 = DIRECTION('',(-1.,0.,0.));
#2560 = ORIENTED_EDGE('',*,*,#2561,.T.);
#2561 = EDGE_CURVE('',#2554,#2536,#2562,.T.);
#2562 = LINE('',#2563,#2564);
#2563 = CARTESIAN_POINT('',(2.,-10.5,94.999999999903));
#2564 = VECTOR('',#2565,1.);
#2565 = DIRECTION('',(0.,0.,1.));
#2566 = FACE_BOUND('',#2567,.F.);
#2567 = EDGE_LOOP('',(#2568,#2578,#2586,#2594));
#2568 = ORIENTED_EDGE('',*,*,#2569,.T.);
#2569 = EDGE_CURVE('',#2570,#2572,#2574,.T.);
#2570 = VERTEX_POINT('',#2571);
#2571 = CARTESIAN_POINT('',(18.5,-10.5,97.));
#2572 = VERTEX_POINT('',#2573);
#2573 = CARTESIAN_POINT('',(20.,-10.5,97.));
#2574 = LINE('',#2575,#2576);
#2575 = CARTESIAN_POINT('',(18.5,-10.5,97.));
#2576 = VECTOR('',#2577,1.);
#2577 = DIRECTION('',(1.,0.,0.));
#2578 = ORIENTED_EDGE('',*,*,#2579,.T.);
#2579 = EDGE_CURVE('',#2572,#2580,#2582,.T.);
#2580 = VERTEX_POINT('',#2581);
#2581 = CARTESIAN_POINT('',(20.,-10.5,95.));
#2582 = LINE('',#2583,#2584);
#2583 = CARTESIAN_POINT('',(20.,-10.5,97.));
#2584 = VECTOR('',#2585,1.);
#2585 = DIRECTION('',(0.,0.,-1.));
#2586 = ORIENTED_EDGE('',*,*,#2587,.T.);
#2587 = EDGE_CURVE('',#2580,#2588,#2590,.T.);
#2588 = VERTEX_POINT('',#2589);
#2589 = CARTESIAN_POINT('',(18.5,-10.5,95.));
#2590 = LINE('',#2591,#2592);
#2591 = CARTESIAN_POINT('',(20.,-10.5,95.));
#2592 = VECTOR('',#2593,1.);
#2593 = DIRECTION('',(-1.,0.,0.));
#2594 = ORIENTED_EDGE('',*,*,#2595,.T.);
#2595 = EDGE_CURVE('',#2588,#2570,#2596,.T.);
#2596 = LINE('',#2597,#2598);
#2597 = CARTESIAN_POINT('',(18.5,-10.5,95.));
#2598 = VECTOR('',#2599,1.);
#2599 = DIRECTION('',(0.,0.,1.));
#2600 = PLANE('',#2601);
#2601 = AXIS2_PLACEMENT_3D('',#2602,#2603,#2604);
#2602 = CARTESIAN_POINT('',(-1.9E-15,-10.5,99.));
#2603 = DIRECTION('',(0.,-1.,0.));
#2604 = DIRECTION('',(1.,0.,0.));
#2605 = ADVANCED_FACE('',(#2606),#2612,.F.);
#2606 = FACE_BOUND('',#2607,.F.);
#2607 = EDGE_LOOP('',(#2608,#2609,#2610,#2611));
#2608 = ORIENTED_EDGE('',*,*,#1499,.T.);
#2609 = ORIENTED_EDGE('',*,*,#2090,.T.);
#2610 = ORIENTED_EDGE('',*,*,#2073,.F.);
#2611 = ORIENTED_EDGE('',*,*,#2185,.F.);
#2612 = PLANE('',#2613);
#2613 = AXIS2_PLACEMENT_3D('',#2614,#2615,#2616);
#2614 = CARTESIAN_POINT('',(-6.,5.,99.));
#2615 = DIRECTION('',(-1.,0.,0.));
#2616 = DIRECTION('',(0.,-1.,0.));
#2617 = ADVANCED_FACE('',(#2618),#2624,.F.);
#2618 = FACE_BOUND('',#2619,.F.);
#2619 = EDGE_LOOP('',(#2620,#2621,#2622,#2623));
#2620 = ORIENTED_EDGE('',*,*,#1483,.T.);
#2621 = ORIENTED_EDGE('',*,*,#2201,.T.);
#2622 = ORIENTED_EDGE('',*,*,#2225,.F.);
#2623 = ORIENTED_EDGE('',*,*,#2240,.F.);
#2624 = PLANE('',#2625);
#2625 = AXIS2_PLACEMENT_3D('',#2626,#2627,#2628);
#2626 = CARTESIAN_POINT('',(-7.4,1.05,99.));
#2627 = DIRECTION('',(-1.,0.,0.));
#2628 = DIRECTION('',(0.,-1.,0.));
#2629 = ADVANCED_FACE('',(#2630),#2641,.F.);
#2630 = FACE_BOUND('',#2631,.F.);
#2631 = EDGE_LOOP('',(#2632,#2633,#2634,#2635));
#2632 = ORIENTED_EDGE('',*,*,#1467,.T.);
#2633 = ORIENTED_EDGE('',*,*,#2256,.F.);
#2634 = ORIENTED_EDGE('',*,*,#2280,.F.);
#2635 = ORIENTED_EDGE('',*,*,#2636,.F.);
#2636 = EDGE_CURVE('',#1460,#2271,#2637,.T.);
#2637 = LINE('',#2638,#2639);
#2638 = CARTESIAN_POINT('',(-6.,-5.,99.));
#2639 = VECTOR('',#2640,1.);
#2640 = DIRECTION('',(-0.,-0.,-1.));
#2641 = PLANE('',#2642);
#2642 = AXIS2_PLACEMENT_3D('',#2643,#2644,#2645);
#2643 = CARTESIAN_POINT('',(-6.,5.,99.));
#2644 = DIRECTION('',(-1.,0.,0.));
#2645 = DIRECTION('',(0.,-1.,0.));
#2646 = ADVANCED_FACE('',(#2647),#2653,.F.);
#2647 = FACE_BOUND('',#2648,.F.);
#2648 = EDGE_LOOP('',(#2649,#2650,#2651,#2652));
#2649 = ORIENTED_EDGE('',*,*,#1459,.T.);
#2650 = ORIENTED_EDGE('',*,*,#2636,.T.);
#2651 = ORIENTED_EDGE('',*,*,#2270,.F.);
#2652 = ORIENTED_EDGE('',*,*,#2295,.T.);
#2653 = PLANE('',#2654);
#2654 = AXIS2_PLACEMENT_3D('',#2655,#2656,#2657);
#2655 = CARTESIAN_POINT('',(-6.,-5.,99.));
#2656 = DIRECTION('',(0.,-1.,0.));
#2657 = DIRECTION('',(1.,0.,0.));
#2658 = ADVANCED_FACE('',(#2659),#2665,.F.);
#2659 = FACE_BOUND('',#2660,.F.);
#2660 = EDGE_LOOP('',(#2661,#2662,#2663,#2664));
#2661 = ORIENTED_EDGE('',*,*,#1434,.T.);
#2662 = ORIENTED_EDGE('',*,*,#2327,.T.);
#2663 = ORIENTED_EDGE('',*,*,#2343,.F.);
#2664 = ORIENTED_EDGE('',*,*,#2366,.F.);
#2665 = PLANE('',#2666);
#2666 = AXIS2_PLACEMENT_3D('',#2667,#2668,#2669);
#2667 = CARTESIAN_POINT('',(-1.55,-7.4,99.));
#2668 = DIRECTION('',(0.,-1.,0.));
#2669 = DIRECTION('',(1.,0.,0.));
#2670 = ADVANCED_FACE('',(#2671),#2682,.F.);
#2671 = FACE_BOUND('',#2672,.F.);
#2672 = EDGE_LOOP('',(#2673,#2674,#2675,#2676));
#2673 = ORIENTED_EDGE('',*,*,#1409,.T.);
#2674 = ORIENTED_EDGE('',*,*,#2389,.F.);
#2675 = ORIENTED_EDGE('',*,*,#2405,.F.);
#2676 = ORIENTED_EDGE('',*,*,#2677,.F.);
#2677 = EDGE_CURVE('',#1402,#2406,#2678,.T.);
#2678 = LINE('',#2679,#2680);
#2679 = CARTESIAN_POINT('',(6.,-5.,99.));
#2680 = VECTOR('',#2681,1.);
#2681 = DIRECTION('',(-0.,-0.,-1.));
#2682 = PLANE('',#2683);
#2683 = AXIS2_PLACEMENT_3D('',#2684,#2685,#2686);
#2684 = CARTESIAN_POINT('',(-6.,-5.,99.));
#2685 = DIRECTION('',(0.,-1.,0.));
#2686 = DIRECTION('',(1.,0.,0.));
#2687 = ADVANCED_FACE('',(#2688),#2694,.F.);
#2688 = FACE_BOUND('',#2689,.F.);
#2689 = EDGE_LOOP('',(#2690,#2691,#2692,#2693));
#2690 = ORIENTED_EDGE('',*,*,#1401,.T.);
#2691 = ORIENTED_EDGE('',*,*,#2677,.T.);
#2692 = ORIENTED_EDGE('',*,*,#2413,.F.);
#2693 = ORIENTED_EDGE('',*,*,#2437,.F.);
#2694 = PLANE('',#2695);
#2695 = AXIS2_PLACEMENT_3D('',#2696,#2697,#2698);
#2696 = CARTESIAN_POINT('',(6.,-5.,99.));
#2697 = DIRECTION('',(1.,0.,0.));
#2698 = DIRECTION('',(0.,1.,0.));
#2699 = ADVANCED_FACE('',(#2700),#2706,.F.);
#2700 = FACE_BOUND('',#2701,.F.);
#2701 = EDGE_LOOP('',(#2702,#2703,#2704,#2705));
#2702 = ORIENTED_EDGE('',*,*,#1385,.T.);
#2703 = ORIENTED_EDGE('',*,*,#2446,.T.);
#2704 = ORIENTED_EDGE('',*,*,#2122,.F.);
#2705 = ORIENTED_EDGE('',*,*,#2137,.F.);
#2706 = PLANE('',#2707);
#2707 = AXIS2_PLACEMENT_3D('',#2708,#2709,#2710);
#2708 = CARTESIAN_POINT('',(7.4,-1.05,99.));
#2709 = DIRECTION('',(1.,0.,0.));
#2710 = DIRECTION('',(0.,1.,0.));
#2711 = ADVANCED_FACE('',(#2712),#2737,.T.);
#2712 = FACE_BOUND('',#2713,.T.);
#2713 = EDGE_LOOP('',(#2714,#2722,#2723,#2731));
#2714 = ORIENTED_EDGE('',*,*,#2715,.F.);
#2715 = EDGE_CURVE('',#1355,#2716,#2718,.T.);
#2716 = VERTEX_POINT('',#2717);
#2717 = CARTESIAN_POINT('',(10.2,-0.6,88.));
#2718 = LINE('',#2719,#2720);
#2719 = CARTESIAN_POINT('',(4.5,-0.6,88.));
#2720 = VECTOR('',#2721,1.);
#2721 = DIRECTION('',(1.,0.,0.));
#2722 = ORIENTED_EDGE('',*,*,#1354,.T.);
#2723 = ORIENTED_EDGE('',*,*,#2724,.F.);
#2724 = EDGE_CURVE('',#2725,#1345,#2727,.T.);
#2725 = VERTEX_POINT('',#2726);
#2726 = CARTESIAN_POINT('',(10.2,-2.1,88.));
#2727 = LINE('',#2728,#2729);
#2728 = CARTESIAN_POINT('',(10.245,-1.785,88.));
#2729 = VECTOR('',#2730,1.);
#2730 = DIRECTION('',(-0.141421356237,-0.989949493661,0.));
#2731 = ORIENTED_EDGE('',*,*,#2732,.F.);
#2732 = EDGE_CURVE('',#2716,#2725,#2733,.T.);
#2733 = LINE('',#2734,#2735);
#2734 = CARTESIAN_POINT('',(10.2,-0.3,88.));
#2735 = VECTOR('',#2736,1.);
#2736 = DIRECTION('',(0.,-1.,0.));
#2737 = PLANE('',#2738);
#2738 = AXIS2_PLACEMENT_3D('',#2739,#2740,#2741);
#2739 = CARTESIAN_POINT('',(1.3E-16,-3.E-17,88.));
#2740 = DIRECTION('',(0.,0.,1.));
#2741 = DIRECTION('',(1.,0.,0.));
#2742 = ADVANCED_FACE('',(#2743),#2784,.T.);
#2743 = FACE_BOUND('',#2744,.T.);
#2744 = EDGE_LOOP('',(#2745,#2753,#2759,#2760,#2761,#2769,#2777,#2783));
#2745 = ORIENTED_EDGE('',*,*,#2746,.F.);
#2746 = EDGE_CURVE('',#2747,#1708,#2749,.T.);
#2747 = VERTEX_POINT('',#2748);
#2748 = CARTESIAN_POINT('',(1.E-15,10.5,99.));
#2749 = LINE('',#2750,#2751);
#2750 = CARTESIAN_POINT('',(6.4E-16,10.5,99.));
#2751 = VECTOR('',#2752,1.);
#2752 = DIRECTION('',(1.,0.,0.));
#2753 = ORIENTED_EDGE('',*,*,#2754,.T.);
#2754 = EDGE_CURVE('',#2747,#1536,#2755,.T.);
#2755 = LINE('',#2756,#2757);
#2756 = CARTESIAN_POINT('',(6.4E-16,10.5,99.));
#2757 = VECTOR('',#2758,1.);
#2758 = DIRECTION('',(-0.,-0.,-1.));
#2759 = ORIENTED_EDGE('',*,*,#1535,.F.);
#2760 = ORIENTED_EDGE('',*,*,#1728,.F.);
#2761 = ORIENTED_EDGE('',*,*,#2762,.F.);
#2762 = EDGE_CURVE('',#2763,#1729,#2765,.T.);
#2763 = VERTEX_POINT('',#2764);
#2764 = CARTESIAN_POINT('',(2.,10.5,95.));
#2765 = LINE('',#2766,#2767);
#2766 = CARTESIAN_POINT('',(2.,10.5,95.));
#2767 = VECTOR('',#2768,1.);
#2768 = DIRECTION('',(1.,0.,0.));
#2769 = ORIENTED_EDGE('',*,*,#2770,.F.);
#2770 = EDGE_CURVE('',#2771,#2763,#2773,.T.);
#2771 = VERTEX_POINT('',#2772);
#2772 = CARTESIAN_POINT('',(2.,10.5,97.));
#2773 = LINE('',#2774,#2775);
#2774 = CARTESIAN_POINT('',(2.,10.5,97.));
#2775 = VECTOR('',#2776,1.);
#2776 = DIRECTION('',(0.,0.,-1.));
#2777 = ORIENTED_EDGE('',*,*,#2778,.F.);
#2778 = EDGE_CURVE('',#1753,#2771,#2779,.T.);
#2779 = LINE('',#2780,#2781);
#2780 = CARTESIAN_POINT('',(3.5,10.5,97.));
#2781 = VECTOR('',#2782,1.);
#2782 = DIRECTION('',(-1.,0.,0.));
#2783 = ORIENTED_EDGE('',*,*,#1760,.F.);
#2784 = PLANE('',#2785);
#2785 = AXIS2_PLACEMENT_3D('',#2786,#2787,#2788);
#2786 = CARTESIAN_POINT('',(6.4E-16,10.5,99.));
#2787 = DIRECTION('',(0.,-1.,0.));
#2788 = DIRECTION('',(1.,0.,0.));
#2789 = ADVANCED_FACE('',(#2790,#2826),#2855,.T.);
#2790 = FACE_BOUND('',#2791,.T.);
#2791 = EDGE_LOOP('',(#2792,#2803,#2811,#2820));
#2792 = ORIENTED_EDGE('',*,*,#2793,.T.);
#2793 = EDGE_CURVE('',#2794,#2796,#2798,.T.);
#2794 = VERTEX_POINT('',#2795);
#2795 = CARTESIAN_POINT('',(22.,-11.5,99.));
#2796 = VERTEX_POINT('',#2797);
#2797 = CARTESIAN_POINT('',(22.,11.5,99.));
#2798 = CIRCLE('',#2799,11.5);
#2799 = AXIS2_PLACEMENT_3D('',#2800,#2801,#2802);
#2800 = CARTESIAN_POINT('',(22.,0.,99.));
#2801 = DIRECTION('',(0.,0.,1.));
#2802 = DIRECTION('',(1.,0.,0.));
#2803 = ORIENTED_EDGE('',*,*,#2804,.T.);
#2804 = EDGE_CURVE('',#2796,#2805,#2807,.T.);
#2805 = VERTEX_POINT('',#2806);
#2806 = CARTESIAN_POINT('',(0.,11.5,99.));
#2807 = LINE('',#2808,#2809);
#2808 = CARTESIAN_POINT('',(22.,11.5,99.));
#2809 = VECTOR('',#2810,1.);
#2810 = DIRECTION('',(-1.,0.,0.));
#2811 = ORIENTED_EDGE('',*,*,#2812,.T.);
#2812 = EDGE_CURVE('',#2805,#2813,#2815,.T.);
#2813 = VERTEX_POINT('',#2814);
#2814 = CARTESIAN_POINT('',(-3.E-15,-11.5,99.));
#2815 = CIRCLE('',#2816,11.5);
#2816 = AXIS2_PLACEMENT_3D('',#2817,#2818,#2819);
#2817 = CARTESIAN_POINT('',(0.,0.,99.));
#2818 = DIRECTION('',(0.,0.,1.));
#2819 = DIRECTION('',(1.,0.,0.));
#2820 = ORIENTED_EDGE('',*,*,#2821,.F.);
#2821 = EDGE_CURVE('',#2794,#2813,#2822,.T.);
#2822 = LINE('',#2823,#2824);
#2823 = CARTESIAN_POINT('',(22.,-11.5,99.));
#2824 = VECTOR('',#2825,1.);
#2825 = DIRECTION('',(-1.,0.,0.));
#2826 = FACE_BOUND('',#2827,.T.);
#2827 = EDGE_LOOP('',(#2828,#2829,#2836,#2837,#2838,#2839,#2847,#2854));
#2828 = ORIENTED_EDGE('',*,*,#1559,.F.);
#2829 = ORIENTED_EDGE('',*,*,#2830,.F.);
#2830 = EDGE_CURVE('',#2747,#1560,#2831,.T.);
#2831 = CIRCLE('',#2832,10.5);
#2832 = AXIS2_PLACEMENT_3D('',#2833,#2834,#2835);
#2833 = CARTESIAN_POINT('',(0.,0.,99.));
#2834 = DIRECTION('',(0.,0.,1.));
#2835 = DIRECTION('',(1.,0.,0.));
#2836 = ORIENTED_EDGE('',*,*,#2746,.T.);
#2837 = ORIENTED_EDGE('',*,*,#1705,.F.);
#2838 = ORIENTED_EDGE('',*,*,#1975,.F.);
#2839 = ORIENTED_EDGE('',*,*,#2840,.T.);
#2840 = EDGE_CURVE('',#1976,#2841,#2843,.T.);
#2841 = VERTEX_POINT('',#2842);
#2842 = CARTESIAN_POINT('',(22.,10.5,99.));
#2843 = LINE('',#2844,#2845);
#2844 = CARTESIAN_POINT('',(-1.7E-15,10.5,99.));
#2845 = VECTOR('',#2846,1.);
#2846 = DIRECTION('',(1.,0.,0.));
#2847 = ORIENTED_EDGE('',*,*,#2848,.F.);
#2848 = EDGE_CURVE('',#2510,#2841,#2849,.T.);
#2849 = CIRCLE('',#2850,10.5);
#2850 = AXIS2_PLACEMENT_3D('',#2851,#2852,#2853);
#2851 = CARTESIAN_POINT('',(22.,0.,99.));
#2852 = DIRECTION('',(0.,0.,1.));
#2853 = DIRECTION('',(1.,0.,0.));
#2854 = ORIENTED_EDGE('',*,*,#2509,.F.);
#2855 = PLANE('',#2856);
#2856 = AXIS2_PLACEMENT_3D('',#2857,#2858,#2859);
#2857 = CARTESIAN_POINT('',(11.,-5.E-16,99.));
#2858 = DIRECTION('',(0.,0.,1.));
#2859 = DIRECTION('',(1.,0.,0.));
#2860 = ADVANCED_FACE('',(#2861),#2867,.F.);
#2861 = FACE_BOUND('',#2862,.F.);
#2862 = EDGE_LOOP('',(#2863,#2864,#2865,#2866));
#2863 = ORIENTED_EDGE('',*,*,#2830,.F.);
#2864 = ORIENTED_EDGE('',*,*,#2754,.T.);
#2865 = ORIENTED_EDGE('',*,*,#1592,.T.);
#2866 = ORIENTED_EDGE('',*,*,#1570,.F.);
#2867 = CYLINDRICAL_SURFACE('',#2868,10.5);
#2868 = AXIS2_PLACEMENT_3D('',#2869,#2870,#2871);
#2869 = CARTESIAN_POINT('',(0.,0.,99.));
#2870 = DIRECTION('',(0.,0.,1.));
#2871 = DIRECTION('',(1.,0.,0.));
#2872 = ADVANCED_FACE('',(#2873),#2889,.F.);
#2873 = FACE_BOUND('',#2874,.F.);
#2874 = EDGE_LOOP('',(#2875,#2876,#2882,#2883));
#2875 = ORIENTED_EDGE('',*,*,#2519,.T.);
#2876 = ORIENTED_EDGE('',*,*,#2877,.T.);
#2877 = EDGE_CURVE('',#1345,#1613,#2878,.T.);
#2878 = LINE('',#2879,#2880);
#2879 = CARTESIAN_POINT('',(9.,-10.5,88.));
#2880 = VECTOR('',#2881,1.);
#2881 = DIRECTION('',(-0.,-0.,-1.));
#2882 = ORIENTED_EDGE('',*,*,#1610,.F.);
#2883 = ORIENTED_EDGE('',*,*,#2884,.F.);
#2884 = EDGE_CURVE('',#2520,#1611,#2885,.T.);
#2885 = LINE('',#2886,#2887);
#2886 = CARTESIAN_POINT('',(22.000000305268,-10.5,88.));
#2887 = VECTOR('',#2888,1.);
#2888 = DIRECTION('',(-0.,-0.,-1.));
#2889 = PLANE('',#2890);
#2890 = AXIS2_PLACEMENT_3D('',#2891,#2892,#2893);
#2891 = CARTESIAN_POINT('',(9.,-10.5,88.));
#2892 = DIRECTION('',(1.4E-16,-1.,0.));
#2893 = DIRECTION('',(1.,1.4E-16,0.));
#2894 = ADVANCED_FACE('',(#2895),#2906,.T.);
#2895 = FACE_BOUND('',#2896,.T.);
#2896 = EDGE_LOOP('',(#2897,#2898,#2904,#2905));
#2897 = ORIENTED_EDGE('',*,*,#1656,.F.);
#2898 = ORIENTED_EDGE('',*,*,#2899,.T.);
#2899 = EDGE_CURVE('',#1649,#2725,#2900,.T.);
#2900 = LINE('',#2901,#2902);
#2901 = CARTESIAN_POINT('',(10.2,-2.1,69.));
#2902 = VECTOR('',#2903,1.);
#2903 = DIRECTION('',(0.,0.,1.));
#2904 = ORIENTED_EDGE('',*,*,#2724,.T.);
#2905 = ORIENTED_EDGE('',*,*,#2877,.T.);
#2906 = PLANE('',#2907);
#2907 = AXIS2_PLACEMENT_3D('',#2908,#2909,#2910);
#2908 = CARTESIAN_POINT('',(10.2,-2.1,69.));
#2909 = DIRECTION('',(0.989949493661,-0.141421356237,0.));
#2910 = DIRECTION('',(-0.141421356237,-0.989949493661,0.));
#2911 = ADVANCED_FACE('',(#2912),#2923,.T.);
#2912 = FACE_BOUND('',#2913,.T.);
#2913 = EDGE_LOOP('',(#2914,#2915,#2921,#2922));
#2914 = ORIENTED_EDGE('',*,*,#1648,.F.);
#2915 = ORIENTED_EDGE('',*,*,#2916,.T.);
#2916 = EDGE_CURVE('',#1641,#2716,#2917,.T.);
#2917 = LINE('',#2918,#2919);
#2918 = CARTESIAN_POINT('',(10.2,-0.6,69.));
#2919 = VECTOR('',#2920,1.);
#2920 = DIRECTION('',(0.,0.,1.));
#2921 = ORIENTED_EDGE('',*,*,#2732,.T.);
#2922 = ORIENTED_EDGE('',*,*,#2899,.F.);
#2923 = PLANE('',#2924);
#2924 = AXIS2_PLACEMENT_3D('',#2925,#2926,#2927);
#2925 = CARTESIAN_POINT('',(10.2,-0.6,69.));
#2926 = DIRECTION('',(1.,0.,0.));
#2927 = DIRECTION('',(0.,-1.,0.));
#2928 = ADVANCED_FACE('',(#2929),#2935,.T.);
#2929 = FACE_BOUND('',#2930,.T.);
#2930 = EDGE_LOOP('',(#2931,#2932,#2933,#2934));
#2931 = ORIENTED_EDGE('',*,*,#1640,.F.);
#2932 = ORIENTED_EDGE('',*,*,#2495,.T.);
#2933 = ORIENTED_EDGE('',*,*,#2715,.T.);
#2934 = ORIENTED_EDGE('',*,*,#2916,.F.);
#2935 = PLANE('',#2936);
#2936 = AXIS2_PLACEMENT_3D('',#2937,#2938,#2939);
#2937 = CARTESIAN_POINT('',(9.,-0.6,69.));
#2938 = DIRECTION('',(0.,1.,0.));
#2939 = DIRECTION('',(1.,0.,0.));
#2940 = ADVANCED_FACE('',(#2941),#2946,.T.);
#2941 = FACE_BOUND('',#2942,.T.);
#2942 = EDGE_LOOP('',(#2943,#2944,#2945));
#2943 = ORIENTED_EDGE('',*,*,#1932,.T.);
#2944 = ORIENTED_EDGE('',*,*,#1908,.T.);
#2945 = ORIENTED_EDGE('',*,*,#1690,.T.);
#2946 = PLANE('',#2947);
#2947 = AXIS2_PLACEMENT_3D('',#2948,#2949,#2950);
#2948 = CARTESIAN_POINT('',(11.,-5.E-16,1.));
#2949 = DIRECTION('',(0.,0.,1.));
#2950 = DIRECTION('',(1.,0.,0.));
#2951 = ADVANCED_FACE('',(#2952),#2978,.F.);
#2952 = FACE_BOUND('',#2953,.F.);
#2953 = EDGE_LOOP('',(#2954,#2962,#2970,#2976,#2977));
#2954 = ORIENTED_EDGE('',*,*,#2955,.T.);
#2955 = EDGE_CURVE('',#1745,#2956,#2958,.T.);
#2956 = VERTEX_POINT('',#2957);
#2957 = CARTESIAN_POINT('',(3.5,10.49,97.));
#2958 = LINE('',#2959,#2960);
#2959 = CARTESIAN_POINT('',(3.5,10.5,97.));
#2960 = VECTOR('',#2961,1.);
#2961 = DIRECTION('',(0.,-1.,2.2E-16));
#2962 = ORIENTED_EDGE('',*,*,#2963,.T.);
#2963 = EDGE_CURVE('',#2956,#2964,#2966,.T.);
#2964 = VERTEX_POINT('',#2965);
#2965 = CARTESIAN_POINT('',(2.,10.49,97.));
#2966 = LINE('',#2967,#2968);
#2967 = CARTESIAN_POINT('',(3.5,10.49,97.));
#2968 = VECTOR('',#2969,1.);
#2969 = DIRECTION('',(-1.,0.,0.));
#2970 = ORIENTED_EDGE('',*,*,#2971,.F.);
#2971 = EDGE_CURVE('',#2771,#2964,#2972,.T.);
#2972 = LINE('',#2973,#2974);
#2973 = CARTESIAN_POINT('',(2.,10.5,97.));
#2974 = VECTOR('',#2975,1.);
#2975 = DIRECTION('',(0.,-1.,2.2E-16));
#2976 = ORIENTED_EDGE('',*,*,#2778,.F.);
#2977 = ORIENTED_EDGE('',*,*,#1752,.F.);
#2978 = PLANE('',#2979);
#2979 = AXIS2_PLACEMENT_3D('',#2980,#2981,#2982);
#2980 = CARTESIAN_POINT('',(3.5,10.5,97.));
#2981 = DIRECTION('',(-0.,-2.2E-16,-1.));
#2982 = DIRECTION('',(-1.,0.,0.));
#2983 = ADVANCED_FACE('',(#2984),#3010,.F.);
#2984 = FACE_BOUND('',#2985,.F.);
#2985 = EDGE_LOOP('',(#2986,#2987,#2988,#2996,#3004));
#2986 = ORIENTED_EDGE('',*,*,#2955,.F.);
#2987 = ORIENTED_EDGE('',*,*,#1744,.F.);
#2988 = ORIENTED_EDGE('',*,*,#2989,.T.);
#2989 = EDGE_CURVE('',#1737,#2990,#2992,.T.);
#2990 = VERTEX_POINT('',#2991);
#2991 = CARTESIAN_POINT('',(3.5,9.7,95.));
#2992 = LINE('',#2993,#2994);
#2993 = CARTESIAN_POINT('',(3.5,10.5,95.));
#2994 = VECTOR('',#2995,1.);
#2995 = DIRECTION('',(0.,-1.,2.2E-16));
#2996 = ORIENTED_EDGE('',*,*,#2997,.T.);
#2997 = EDGE_CURVE('',#2990,#2998,#3000,.T.);
#2998 = VERTEX_POINT('',#2999);
#2999 = CARTESIAN_POINT('',(3.5,9.7,95.8));
#3000 = LINE('',#3001,#3002);
#3001 = CARTESIAN_POINT('',(3.5,9.7,95.));
#3002 = VECTOR('',#3003,1.);
#3003 = DIRECTION('',(0.,0.,1.));
#3004 = ORIENTED_EDGE('',*,*,#3005,.F.);
#3005 = EDGE_CURVE('',#2956,#2998,#3006,.T.);
#3006 = LINE('',#3007,#3008);
#3007 = CARTESIAN_POINT('',(3.5,9.834731723269,96.004655782181));
#3008 = VECTOR('',#3009,1.);
#3009 = DIRECTION('',(-0.,-0.549872150425,-0.835248836088));
#3010 = PLANE('',#3011);
#3011 = AXIS2_PLACEMENT_3D('',#3012,#3013,#3014);
#3012 = CARTESIAN_POINT('',(3.5,10.5,95.));
#3013 = DIRECTION('',(-1.,0.,0.));
#3014 = DIRECTION('',(0.,2.2E-16,1.));
#3015 = ADVANCED_FACE('',(#3016),#3035,.F.);
#3016 = FACE_BOUND('',#3017,.F.);
#3017 = EDGE_LOOP('',(#3018,#3026,#3032,#3033,#3034));
#3018 = ORIENTED_EDGE('',*,*,#3019,.T.);
#3019 = EDGE_CURVE('',#2763,#3020,#3022,.T.);
#3020 = VERTEX_POINT('',#3021);
#3021 = CARTESIAN_POINT('',(2.,9.7,95.));
#3022 = LINE('',#3023,#3024);
#3023 = CARTESIAN_POINT('',(2.,10.5,95.));
#3024 = VECTOR('',#3025,1.);
#3025 = DIRECTION('',(0.,-1.,2.2E-16));
#3026 = ORIENTED_EDGE('',*,*,#3027,.T.);
#3027 = EDGE_CURVE('',#3020,#2990,#3028,.T.);
#3028 = LINE('',#3029,#3030);
#3029 = CARTESIAN_POINT('',(2.,9.7,95.));
#3030 = VECTOR('',#3031,1.);
#3031 = DIRECTION('',(1.,0.,0.));
#3032 = ORIENTED_EDGE('',*,*,#2989,.F.);
#3033 = ORIENTED_EDGE('',*,*,#1736,.F.);
#3034 = ORIENTED_EDGE('',*,*,#2762,.F.);
#3035 = PLANE('',#3036);
#3036 = AXIS2_PLACEMENT_3D('',#3037,#3038,#3039);
#3037 = CARTESIAN_POINT('',(2.,10.5,95.));
#3038 = DIRECTION('',(0.,2.2E-16,1.));
#3039 = DIRECTION('',(1.,0.,0.));
#3040 = ADVANCED_FACE('',(#3041,#3082,#3093,#3104,#3115),#3121,.F.);
#3041 = FACE_BOUND('',#3042,.F.);
#3042 = EDGE_LOOP('',(#3043,#3051,#3052,#3060,#3068,#3076));
#3043 = ORIENTED_EDGE('',*,*,#3044,.T.);
#3044 = EDGE_CURVE('',#3045,#2796,#3047,.T.);
#3045 = VERTEX_POINT('',#3046);
#3046 = CARTESIAN_POINT('',(22.,11.5,1.));
#3047 = LINE('',#3048,#3049);
#3048 = CARTESIAN_POINT('',(22.,11.5,0.));
#3049 = VECTOR('',#3050,1.);
#3050 = DIRECTION('',(0.,0.,1.));
#3051 = ORIENTED_EDGE('',*,*,#2804,.T.);
#3052 = ORIENTED_EDGE('',*,*,#3053,.F.);
#3053 = EDGE_CURVE('',#3054,#2805,#3056,.T.);
#3054 = VERTEX_POINT('',#3055);
#3055 = CARTESIAN_POINT('',(0.,11.5,1.5));
#3056 = LINE('',#3057,#3058);
#3057 = CARTESIAN_POINT('',(3.5E-16,11.5,0.));
#3058 = VECTOR('',#3059,1.);
#3059 = DIRECTION('',(0.,0.,1.));
#3060 = ORIENTED_EDGE('',*,*,#3061,.F.);
#3061 = EDGE_CURVE('',#3062,#3054,#3064,.T.);
#3062 = VERTEX_POINT('',#3063);
#3063 = CARTESIAN_POINT('',(0.8,11.5,1.5));
#3064 = LINE('',#3065,#3066);
#3065 = CARTESIAN_POINT('',(11.,11.5,1.5));
#3066 = VECTOR('',#3067,1.);
#3067 = DIRECTION('',(-1.,0.,0.));
#3068 = ORIENTED_EDGE('',*,*,#3069,.F.);
#3069 = EDGE_CURVE('',#3070,#3062,#3072,.T.);
#3070 = VERTEX_POINT('',#3071);
#3071 = CARTESIAN_POINT('',(0.8,11.5,1.));
#3072 = LINE('',#3073,#3074);
#3073 = CARTESIAN_POINT('',(0.8,11.5,0.));
#3074 = VECTOR('',#3075,1.);
#3075 = DIRECTION('',(0.,0.,1.));
#3076 = ORIENTED_EDGE('',*,*,#3077,.T.);
#3077 = EDGE_CURVE('',#3070,#3045,#3078,.T.);
#3078 = LINE('',#3079,#3080);
#3079 = CARTESIAN_POINT('',(0.8,11.5,1.));
#3080 = VECTOR('',#3081,1.);
#3081 = DIRECTION('',(1.,0.,0.));
#3082 = FACE_BOUND('',#3083,.F.);
#3083 = EDGE_LOOP('',(#3084));
#3084 = ORIENTED_EDGE('',*,*,#3085,.T.);
#3085 = EDGE_CURVE('',#3086,#3086,#3088,.T.);
#3086 = VERTEX_POINT('',#3087);
#3087 = CARTESIAN_POINT('',(12.5,11.5,74.8));
#3088 = CIRCLE('',#3089,4.5);
#3089 = AXIS2_PLACEMENT_3D('',#3090,#3091,#3092);
#3090 = CARTESIAN_POINT('',(17.,11.5,74.8));
#3091 = DIRECTION('',(0.,1.,-0.));
#3092 = DIRECTION('',(-1.,0.,0.));
#3093 = FACE_BOUND('',#3094,.F.);
#3094 = EDGE_LOOP('',(#3095));
#3095 = ORIENTED_EDGE('',*,*,#3096,.T.);
#3096 = EDGE_CURVE('',#3097,#3097,#3099,.T.);
#3097 = VERTEX_POINT('',#3098);
#3098 = CARTESIAN_POINT('',(6.5,11.5,84.8));
#3099 = CIRCLE('',#3100,4.5);
#3100 = AXIS2_PLACEMENT_3D('',#3101,#3102,#3103);
#3101 = CARTESIAN_POINT('',(11.,11.5,84.8));
#3102 = DIRECTION('',(0.,1.,-0.));
#3103 = DIRECTION('',(-1.,0.,0.));
#3104 = FACE_BOUND('',#3105,.F.);
#3105 = EDGE_LOOP('',(#3106));
#3106 = ORIENTED_EDGE('',*,*,#3107,.T.);
#3107 = EDGE_CURVE('',#3108,#3108,#3110,.T.);
#3108 = VERTEX_POINT('',#3109);
#3109 = CARTESIAN_POINT('',(0.5,11.5,74.8));
#3110 = CIRCLE('',#3111,4.5);
#3111 = AXIS2_PLACEMENT_3D('',#3112,#3113,#3114);
#3112 = CARTESIAN_POINT('',(5.,11.5,74.8));
#3113 = DIRECTION('',(0.,1.,-0.));
#3114 = DIRECTION('',(-1.,0.,0.));
#3115 = FACE_BOUND('',#3116,.F.);
#3116 = EDGE_LOOP('',(#3117,#3118,#3119,#3120));
#3117 = ORIENTED_EDGE('',*,*,#1786,.T.);
#3118 = ORIENTED_EDGE('',*,*,#1817,.T.);
#3119 = ORIENTED_EDGE('',*,*,#1841,.T.);
#3120 = ORIENTED_EDGE('',*,*,#1865,.T.);
#3121 = PLANE('',#3122);
#3122 = AXIS2_PLACEMENT_3D('',#3123,#3124,#3125);
#3123 = CARTESIAN_POINT('',(22.,11.5,0.));
#3124 = DIRECTION('',(0.,-1.,0.));
#3125 = DIRECTION('',(-1.,0.,0.));
#3126 = ADVANCED_FACE('',(#3127),#3139,.F.);
#3127 = FACE_BOUND('',#3128,.F.);
#3128 = EDGE_LOOP('',(#3129,#3136,#3137,#3138));
#3129 = ORIENTED_EDGE('',*,*,#3130,.F.);
#3130 = EDGE_CURVE('',#2520,#2032,#3131,.T.);
#3131 = CIRCLE('',#3132,10.5);
#3132 = AXIS2_PLACEMENT_3D('',#3133,#3134,#3135);
#3133 = CARTESIAN_POINT('',(22.,0.,88.));
#3134 = DIRECTION('',(0.,0.,1.));
#3135 = DIRECTION('',(1.,0.,0.));
#3136 = ORIENTED_EDGE('',*,*,#2884,.T.);
#3137 = ORIENTED_EDGE('',*,*,#1950,.T.);
#3138 = ORIENTED_EDGE('',*,*,#2039,.F.);
#3139 = CYLINDRICAL_SURFACE('',#3140,10.5);
#3140 = AXIS2_PLACEMENT_3D('',#3141,#3142,#3143);
#3141 = CARTESIAN_POINT('',(22.,0.,88.));
#3142 = DIRECTION('',(0.,0.,1.));
#3143 = DIRECTION('',(1.,0.,0.));
#3144 = ADVANCED_FACE('',(#3145),#3163,.T.);
#3145 = FACE_BOUND('',#3146,.T.);
#3146 = EDGE_LOOP('',(#3147,#3148,#3149,#3155,#3156,#3157));
#3147 = ORIENTED_EDGE('',*,*,#2840,.F.);
#3148 = ORIENTED_EDGE('',*,*,#1983,.T.);
#3149 = ORIENTED_EDGE('',*,*,#3150,.T.);
#3150 = EDGE_CURVE('',#1984,#2008,#3151,.T.);
#3151 = LINE('',#3152,#3153);
#3152 = CARTESIAN_POINT('',(20.,10.5,99.));
#3153 = VECTOR('',#3154,1.);
#3154 = DIRECTION('',(-0.,-0.,-1.));
#3155 = ORIENTED_EDGE('',*,*,#2015,.T.);
#3156 = ORIENTED_EDGE('',*,*,#2031,.F.);
#3157 = ORIENTED_EDGE('',*,*,#3158,.F.);
#3158 = EDGE_CURVE('',#2841,#2032,#3159,.T.);
#3159 = LINE('',#3160,#3161);
#3160 = CARTESIAN_POINT('',(22.,10.5,99.));
#3161 = VECTOR('',#3162,1.);
#3162 = DIRECTION('',(-0.,-0.,-1.));
#3163 = PLANE('',#3164);
#3164 = AXIS2_PLACEMENT_3D('',#3165,#3166,#3167);
#3165 = CARTESIAN_POINT('',(-1.7E-15,10.5,99.));
#3166 = DIRECTION('',(0.,-1.,0.));
#3167 = DIRECTION('',(1.,0.,0.));
#3168 = ADVANCED_FACE('',(#3169),#3194,.F.);
#3169 = FACE_BOUND('',#3170,.F.);
#3170 = EDGE_LOOP('',(#3171,#3179,#3187,#3193));
#3171 = ORIENTED_EDGE('',*,*,#3172,.T.);
#3172 = EDGE_CURVE('',#2000,#3173,#3175,.T.);
#3173 = VERTEX_POINT('',#3174);
#3174 = CARTESIAN_POINT('',(18.49999999999,9.7,95.));
#3175 = LINE('',#3176,#3177);
#3176 = CARTESIAN_POINT('',(18.49999999999,10.5,95.));
#3177 = VECTOR('',#3178,1.);
#3178 = DIRECTION('',(0.,-1.,2.2E-16));
#3179 = ORIENTED_EDGE('',*,*,#3180,.T.);
#3180 = EDGE_CURVE('',#3173,#3181,#3183,.T.);
#3181 = VERTEX_POINT('',#3182);
#3182 = CARTESIAN_POINT('',(20.,9.7,95.));
#3183 = LINE('',#3184,#3185);
#3184 = CARTESIAN_POINT('',(18.49999999999,9.7,95.));
#3185 = VECTOR('',#3186,1.);
#3186 = DIRECTION('',(1.,0.,0.));
#3187 = ORIENTED_EDGE('',*,*,#3188,.F.);
#3188 = EDGE_CURVE('',#2008,#3181,#3189,.T.);
#3189 = LINE('',#3190,#3191);
#3190 = CARTESIAN_POINT('',(20.,10.5,95.));
#3191 = VECTOR('',#3192,1.);
#3192 = DIRECTION('',(0.,-1.,2.2E-16));
#3193 = ORIENTED_EDGE('',*,*,#2007,.F.);
#3194 = PLANE('',#3195);
#3195 = AXIS2_PLACEMENT_3D('',#3196,#3197,#3198);
#3196 = CARTESIAN_POINT('',(18.49999999999,10.5,95.));
#3197 = DIRECTION('',(0.,2.2E-16,1.));
#3198 = DIRECTION('',(1.,0.,0.));
#3199 = ADVANCED_FACE('',(#3200),#3226,.F.);
#3200 = FACE_BOUND('',#3201,.F.);
#3201 = EDGE_LOOP('',(#3202,#3210,#3218,#3224,#3225));
#3202 = ORIENTED_EDGE('',*,*,#3203,.T.);
#3203 = EDGE_CURVE('',#1992,#3204,#3206,.T.);
#3204 = VERTEX_POINT('',#3205);
#3205 = CARTESIAN_POINT('',(18.49999999999,10.49,97.));
#3206 = LINE('',#3207,#3208);
#3207 = CARTESIAN_POINT('',(18.49999999999,10.5,97.));
#3208 = VECTOR('',#3209,1.);
#3209 = DIRECTION('',(0.,-1.,2.2E-16));
#3210 = ORIENTED_EDGE('',*,*,#3211,.T.);
#3211 = EDGE_CURVE('',#3204,#3212,#3214,.T.);
#3212 = VERTEX_POINT('',#3213);
#3213 = CARTESIAN_POINT('',(18.49999999999,9.7,95.8));
#3214 = LINE('',#3215,#3216);
#3215 = CARTESIAN_POINT('',(18.49999999999,10.294011796909,
    96.702296400368));
#3216 = VECTOR('',#3217,1.);
#3217 = DIRECTION('',(0.,-0.549872150425,-0.835248836088));
#3218 = ORIENTED_EDGE('',*,*,#3219,.T.);
#3219 = EDGE_CURVE('',#3212,#3173,#3220,.T.);
#3220 = LINE('',#3221,#3222);
#3221 = CARTESIAN_POINT('',(18.49999999999,9.7,97.));
#3222 = VECTOR('',#3223,1.);
#3223 = DIRECTION('',(0.,0.,-1.));
#3224 = ORIENTED_EDGE('',*,*,#3172,.F.);
#3225 = ORIENTED_EDGE('',*,*,#1999,.F.);
#3226 = PLANE('',#3227);
#3227 = AXIS2_PLACEMENT_3D('',#3228,#3229,#3230);
#3228 = CARTESIAN_POINT('',(18.49999999999,10.5,97.));
#3229 = DIRECTION('',(1.,0.,0.));
#3230 = DIRECTION('',(0.,-2.2E-16,-1.));
#3231 = ADVANCED_FACE('',(#3232),#3250,.F.);
#3232 = FACE_BOUND('',#3233,.F.);
#3233 = EDGE_LOOP('',(#3234,#3242,#3248,#3249));
#3234 = ORIENTED_EDGE('',*,*,#3235,.T.);
#3235 = EDGE_CURVE('',#1984,#3236,#3238,.T.);
#3236 = VERTEX_POINT('',#3237);
#3237 = CARTESIAN_POINT('',(20.,10.49,97.));
#3238 = LINE('',#3239,#3240);
#3239 = CARTESIAN_POINT('',(20.,10.5,97.));
#3240 = VECTOR('',#3241,1.);
#3241 = DIRECTION('',(0.,-1.,2.2E-16));
#3242 = ORIENTED_EDGE('',*,*,#3243,.T.);
#3243 = EDGE_CURVE('',#3236,#3204,#3244,.T.);
#3244 = LINE('',#3245,#3246);
#3245 = CARTESIAN_POINT('',(20.,10.49,97.));
#3246 = VECTOR('',#3247,1.);
#3247 = DIRECTION('',(-1.,0.,0.));
#3248 = ORIENTED_EDGE('',*,*,#3203,.F.);
#3249 = ORIENTED_EDGE('',*,*,#1991,.F.);
#3250 = PLANE('',#3251);
#3251 = AXIS2_PLACEMENT_3D('',#3252,#3253,#3254);
#3252 = CARTESIAN_POINT('',(20.,10.5,97.));
#3253 = DIRECTION('',(-0.,-2.2E-16,-1.));
#3254 = DIRECTION('',(-1.,0.,0.));
#3255 = ADVANCED_FACE('',(#3256),#3528,.F.);
#3256 = FACE_BOUND('',#3257,.F.);
#3257 = EDGE_LOOP('',(#3258,#3271,#3279,#3331,#3339,#3391,#3399,#3408,
    #3451,#3503,#3509,#3510,#3511,#3522));
#3258 = ORIENTED_EDGE('',*,*,#3259,.F.);
#3259 = EDGE_CURVE('',#3260,#3262,#3264,.T.);
#3260 = VERTEX_POINT('',#3261);
#3261 = CARTESIAN_POINT('',(7.5,0.,8.250000608229));
#3262 = VERTEX_POINT('',#3263);
#3263 = CARTESIAN_POINT('',(7.282063631127,1.794867480406,8.500000000468
    ));
#3264 = B_SPLINE_CURVE_WITH_KNOTS('',5,(#3265,#3266,#3267,#3268,#3269,
    #3270),.UNSPECIFIED.,.F.,.F.,(6,6),(0.,1.),
  .PIECEWISE_BEZIER_KNOTS.);
#3265 = CARTESIAN_POINT('',(7.5,9.E-17,8.250000608229));
#3266 = CARTESIAN_POINT('',(7.5,0.362490693909,8.300000344817));
#3267 = CARTESIAN_POINT('',(7.478099876783,0.724984894682,8.350000505313
    ));
#3268 = CARTESIAN_POINT('',(7.434300100161,1.085708422954,8.399999754769
    ));
#3269 = CARTESIAN_POINT('',(7.368813319536,1.442910158836,8.45000011346)
  );
#3270 = CARTESIAN_POINT('',(7.282063631127,1.794867480406,8.500000000468
    ));
#3271 = ORIENTED_EDGE('',*,*,#3272,.F.);
#3272 = EDGE_CURVE('',#3273,#3260,#3275,.T.);
#3273 = VERTEX_POINT('',#3274);
#3274 = CARTESIAN_POINT('',(7.5,-3.39223E-10,6.500000000079));
#3275 = LINE('',#3276,#3277);
#3276 = CARTESIAN_POINT('',(7.5,0.,0.));
#3277 = VECTOR('',#3278,1.);
#3278 = DIRECTION('',(0.,0.,1.));
#3279 = ORIENTED_EDGE('',*,*,#3280,.T.);
#3280 = EDGE_CURVE('',#3273,#3281,#3283,.T.);
#3281 = VERTEX_POINT('',#3282);
#3282 = CARTESIAN_POINT('',(-7.282063631119,-1.794867480439,
    10.000000000451));
#3283 = B_SPLINE_CURVE_WITH_KNOTS('',6,(#3284,#3285,#3286,#3287,#3288,
    #3289,#3290,#3291,#3292,#3293,#3294,#3295,#3296,#3297,#3298,#3299,
    #3300,#3301,#3302,#3303,#3304,#3305,#3306,#3307,#3308,#3309,#3310,
    #3311,#3312,#3313,#3314,#3315,#3316,#3317,#3318,#3319,#3320,#3321,
    #3322,#3323,#3324,#3325,#3326,#3327,#3328,#3329,#3330),
  .UNSPECIFIED.,.F.,.F.,(7,5,5,5,5,5,5,5,5,7),(0.,8.232385553195E-02,
    0.231048328025,0.393563133873,0.501287808877,0.561201122736,
    0.608202570508,0.770808644437,0.918653695679,1.),.UNSPECIFIED.);
#3284 = CARTESIAN_POINT('',(7.5,-6.7859118E-10,6.500000000079));
#3285 = CARTESIAN_POINT('',(7.500000000016,0.348141960942,6.548020713183
    ));
#3286 = CARTESIAN_POINT('',(7.480607230239,0.696288588049,6.596042061772
    ));
#3287 = CARTESIAN_POINT('',(7.441822239133,1.043079586589,6.644062508219
    ));
#3288 = CARTESIAN_POINT('',(7.38377015236,1.387170051147,6.692082881745)
  );
#3289 = CARTESIAN_POINT('',(7.306700405715,1.727232478427,6.740104064763
    ));
#3290 = CARTESIAN_POINT('',(7.038071794805,2.666667979752,6.8748776685)
  );
#3291 = CARTESIAN_POINT('',(6.804279029431,3.254064697461,6.961643398058
    ));
#3292 = CARTESIAN_POINT('',(6.511821923045,3.81628746199,7.048395129598)
  );
#3293 = CARTESIAN_POINT('',(6.164228877922,4.346197434199,7.135147044191
    ));
#3294 = CARTESIAN_POINT('',(5.766003944864,4.837227620943,7.221913208943
    ));
#3295 = CARTESIAN_POINT('',(4.838759787636,5.771372060942,7.403463931747
    ));
#3296 = CARTESIAN_POINT('',(4.300858726921,6.206000606941,7.498280227289
    ));
#3297 = CARTESIAN_POINT('',(3.71672574962,6.579850955293,7.593073319135)
  );
#3298 = CARTESIAN_POINT('',(3.094999167377,6.887148166347,7.687866219223
    ));
#3299 = CARTESIAN_POINT('',(2.445084228688,7.123474930485,7.782682090223
    ));
#3300 = CARTESIAN_POINT('',(1.334815432148,7.39430882548,7.9403163094));
#3301 = CARTESIAN_POINT('',(0.884345473308,7.470015086858,8.003156258281
    ));
#3302 = CARTESIAN_POINT('',(0.428966034824,7.512734583189,8.06599350338)
  );
#3303 = CARTESIAN_POINT('',(-2.831625825118E-02,7.522126706836,
    8.128830961893));
#3304 = CARTESIAN_POINT('',(-0.484475588336,7.498187672788,
    8.191671471803));
#3305 = CARTESIAN_POINT('',(-1.187856776112,7.40966883358,8.289458094679
    ));
#3306 = CARTESIAN_POINT('',(-1.43796162629,7.36784131257,8.324406785556)
  );
#3307 = CARTESIAN_POINT('',(-1.68626631726,7.31588801809,8.359355478116)
  );
#3308 = CARTESIAN_POINT('',(-1.932260068948,7.253908622419,
    8.394304132283));
#3309 = CARTESIAN_POINT('',(-2.175440006098,7.182037089915,
    8.429252711703));
#3310 = CARTESIAN_POINT('',(-2.60348788736,7.036430820487,8.491617941014
    ));
#3311 = CARTESIAN_POINT('',(-2.789629212759,6.966435349201,
    8.519034674253));
#3312 = CARTESIAN_POINT('',(-2.973496592156,6.890536430138,
    8.546451372426));
#3313 = CARTESIAN_POINT('',(-3.154856761912,6.8088274656,8.573868027003)
  );
#3314 = CARTESIAN_POINT('',(-3.33348173706,6.721414093211,8.601284631959
    ));
#3315 = CARTESIAN_POINT('',(-4.116886117638,6.306671973336,
    8.723551407809));
#3316 = CARTESIAN_POINT('',(-4.689350507785,5.917996684749,
    8.818420550424));
#3317 = CARTESIAN_POINT('',(-5.217034987759,5.467358448453,8.91326667666
    ));
#3318 = CARTESIAN_POINT('',(-5.691891256234,4.961357321674,
    9.008113021423));
#3319 = CARTESIAN_POINT('',(-6.106949679206,4.407723678897,
    9.102982643274));
#3320 = CARTESIAN_POINT('',(-6.774892440806,3.277459485471,
    9.284073676093));
#3321 = CARTESIAN_POINT('',(-7.039183936608,2.707300253624,
    9.370326517224));
#3322 = CARTESIAN_POINT('',(-7.24556698113,2.112132333363,9.456565509823
    ));
#3323 = CARTESIAN_POINT('',(-7.391326570713,1.499292183113,
    9.542804299686));
#3324 = CARTESIAN_POINT('',(-7.474810091352,0.87642600845,9.629056673552
    ));
#3325 = CARTESIAN_POINT('',(-7.507318361402,-9.226340839731E-02,
    9.762747071527));
#3326 = CARTESIAN_POINT('',(-7.499932301736,-0.436717385501,
    9.810198000266));
#3327 = CARTESIAN_POINT('',(-7.473578598645,-0.780499334278,
    9.857648167664));
#3328 = CARTESIAN_POINT('',(-7.428332965151,-1.122308294051,
    9.905098408967));
#3329 = CARTESIAN_POINT('',(-7.364390129499,-1.460855746279,
    9.952549505906));
#3330 = CARTESIAN_POINT('',(-7.282063631119,-1.794867480439,
    10.000000000451));
#3331 = ORIENTED_EDGE('',*,*,#3332,.T.);
#3332 = EDGE_CURVE('',#3281,#3333,#3335,.T.);
#3333 = VERTEX_POINT('',#3334);
#3334 = CARTESIAN_POINT('',(-7.282063631119,-1.794867480439,
    8.500000000451));
#3335 = LINE('',#3336,#3337);
#3336 = CARTESIAN_POINT('',(-7.282063631119,-1.794867480439,0.));
#3337 = VECTOR('',#3338,1.);
#3338 = DIRECTION('',(0.,0.,-1.));
#3339 = ORIENTED_EDGE('',*,*,#3340,.F.);
#3340 = EDGE_CURVE('',#3341,#3333,#3343,.T.);
#3341 = VERTEX_POINT('',#3342);
#3342 = CARTESIAN_POINT('',(7.5,-3.3921E-10,5.000000000079));
#3343 = B_SPLINE_CURVE_WITH_KNOTS('',6,(#3344,#3345,#3346,#3347,#3348,
    #3349,#3350,#3351,#3352,#3353,#3354,#3355,#3356,#3357,#3358,#3359,
    #3360,#3361,#3362,#3363,#3364,#3365,#3366,#3367,#3368,#3369,#3370,
    #3371,#3372,#3373,#3374,#3375,#3376,#3377,#3378,#3379,#3380,#3381,
    #3382,#3383,#3384,#3385,#3386,#3387,#3388,#3389,#3390),
  .UNSPECIFIED.,.F.,.F.,(7,5,5,5,5,5,5,5,5,7),(0.,8.232386423331E-02,
    0.231048348775,0.393563198209,0.501286741094,0.561199157897,
    0.608200605615,0.770803343046,0.918645638864,1.),.UNSPECIFIED.);
#3344 = CARTESIAN_POINT('',(7.5,-6.7856742E-10,5.000000000079));
#3345 = CARTESIAN_POINT('',(7.500000000016,0.348141998024,5.048020718299
    ));
#3346 = CARTESIAN_POINT('',(7.480607226107,0.696288662217,5.096042072003
    ));
#3347 = CARTESIAN_POINT('',(7.441822226739,1.043079697407,5.144062523565
    ));
#3348 = CARTESIAN_POINT('',(7.383770127626,1.387170197752,5.192082902205
    ));
#3349 = CARTESIAN_POINT('',(7.306700364669,1.727232659537,5.240104090338
    ));
#3350 = CARTESIAN_POINT('',(7.038071701545,2.666668238031,5.374877706289
    ));
#3351 = CARTESIAN_POINT('',(6.804278894624,3.254064995476,5.461643442951
    ));
#3352 = CARTESIAN_POINT('',(6.511821738017,3.816287793224,5.54839518159)
  );
#3353 = CARTESIAN_POINT('',(6.164228635189,4.346197790548,5.635147103281
    ));
#3354 = CARTESIAN_POINT('',(5.766003638411,4.837227992929,5.721913275138
    ));
#3355 = CARTESIAN_POINT('',(4.838759248495,5.771372534978,5.903464030543
    ));
#3356 = CARTESIAN_POINT('',(4.300857997749,6.206001145574,5.998280351611
    ));
#3357 = CARTESIAN_POINT('',(3.716724811875,6.579851520419,6.093073468954
    ));
#3358 = CARTESIAN_POINT('',(3.094998010275,6.887148716345,6.187866394539
    ));
#3359 = CARTESIAN_POINT('',(2.44508284971,7.123475421647,6.282682291066)
  );
#3360 = CARTESIAN_POINT('',(1.334818465202,7.394307983013,6.440315875418
    ));
#3361 = CARTESIAN_POINT('',(0.884353307057,7.470013689078,6.503155163832
    ));
#3362 = CARTESIAN_POINT('',(0.428978748128,7.512733330217,6.565991748614
    ));
#3363 = CARTESIAN_POINT('',(-2.829868175348E-02,7.522126305876,
    6.628828546808));
#3364 = CARTESIAN_POINT('',(-0.484453260379,7.498188824558,
    6.691668396246));
#3365 = CARTESIAN_POINT('',(-1.187826254211,7.409673596821,
    6.789453835532));
#3366 = CARTESIAN_POINT('',(-1.43792753007,7.367847757808,6.824402003164
    ));
#3367 = CARTESIAN_POINT('',(-1.686228744977,7.31589644104,6.859350172481
    ));
#3368 = CARTESIAN_POINT('',(-1.932219141324,7.253919311962,
    6.894298303406));
#3369 = CARTESIAN_POINT('',(-2.175395865687,7.182050326081,
    6.929246359588));
#3370 = CARTESIAN_POINT('',(-2.60344112327,7.036448123078,6.991611065669
    ));
#3371 = CARTESIAN_POINT('',(-2.789582913793,6.96645388891,7.019027798907
    ));
#3372 = CARTESIAN_POINT('',(-2.973450797549,6.890556191856,
    7.046444497081));
#3373 = CARTESIAN_POINT('',(-3.154811510279,6.808848432669,
    7.073861151658));
#3374 = CARTESIAN_POINT('',(-3.333437066316,6.721436247456,
    7.101277756615));
#3375 = CARTESIAN_POINT('',(-4.116831733548,6.306705935607,
    7.223542586348));
#3376 = CARTESIAN_POINT('',(-4.689287676924,5.918043803882,
    7.318409780895));
#3377 = CARTESIAN_POINT('',(-5.216966160357,5.467420868223,
    7.413253961359));
#3378 = CARTESIAN_POINT('',(-5.691819302733,4.961436687838,
    7.508098360281));
#3379 = CARTESIAN_POINT('',(-6.106877797199,4.407821069381,
    7.602966033946));
#3380 = CARTESIAN_POINT('',(-6.774827725016,3.27759103453,7.784053513251
    ));
#3381 = CARTESIAN_POINT('',(-7.039125522013,2.707447767549,
    7.870304745997));
#3382 = CARTESIAN_POINT('',(-7.245517554023,2.112295575894,
    7.956542131545));
#3383 = CARTESIAN_POINT('',(-7.391288809809,1.499470448845,
    8.042779314468));
#3384 = CARTESIAN_POINT('',(-7.474786588378,0.876618125616,
    8.129030080138));
#3385 = CARTESIAN_POINT('',(-7.507322017417,-9.209281212136E-02,
    8.262723570717));
#3386 = CARTESIAN_POINT('',(-7.499942742521,-0.436581175505,
    8.310179200023));
#3387 = CARTESIAN_POINT('',(-7.473592043117,-0.780397763251,
    8.357634067494));
#3388 = CARTESIAN_POINT('',(-7.428345632262,-1.122241224566,
    8.405089008467));
#3389 = CARTESIAN_POINT('',(-7.364398284977,-1.460822658203,
    8.452544805336));
#3390 = CARTESIAN_POINT('',(-7.282063631119,-1.794867480439,
    8.500000000451));
#3391 = ORIENTED_EDGE('',*,*,#3392,.F.);
#3392 = EDGE_CURVE('',#3393,#3341,#3395,.T.);
#3393 = VERTEX_POINT('',#3394);
#3394 = CARTESIAN_POINT('',(7.5,0.,3.75));
#3395 = LINE('',#3396,#3397);
#3396 = CARTESIAN_POINT('',(7.5,0.,0.));
#3397 = VECTOR('',#3398,1.);
#3398 = DIRECTION('',(0.,0.,1.));
#3399 = ORIENTED_EDGE('',*,*,#3400,.F.);
#3400 = EDGE_CURVE('',#3401,#3393,#3403,.T.);
#3401 = VERTEX_POINT('',#3402);
#3402 = CARTESIAN_POINT('',(6.640921003545,3.485422244818,3.75));
#3403 = CIRCLE('',#3404,7.5);
#3404 = AXIS2_PLACEMENT_3D('',#3405,#3406,#3407);
#3405 = CARTESIAN_POINT('',(0.,0.,3.75));
#3406 = DIRECTION('',(0.,0.,-1.));
#3407 = DIRECTION('',(1.,0.,0.));
#3408 = ORIENTED_EDGE('',*,*,#3409,.T.);
#3409 = EDGE_CURVE('',#3401,#3410,#3412,.T.);
#3410 = VERTEX_POINT('',#3411);
#3411 = CARTESIAN_POINT('',(-7.5,7.19454E-10,6.500000000095));
#3412 = B_SPLINE_CURVE_WITH_KNOTS('',7,(#3413,#3414,#3415,#3416,#3417,
    #3418,#3419,#3420,#3421,#3422,#3423,#3424,#3425,#3426,#3427,#3428,
    #3429,#3430,#3431,#3432,#3433,#3434,#3435,#3436,#3437,#3438,#3439,
    #3440,#3441,#3442,#3443,#3444,#3445,#3446,#3447,#3448,#3449,#3450),
  .UNSPECIFIED.,.F.,.F.,(8,6,6,6,6,6,8),(0.,0.119296267637,
    0.367188284624,0.488923485965,0.686527248119,0.896037304737,1.),
  .UNSPECIFIED.);
#3413 = CARTESIAN_POINT('',(6.641822966594,3.483703156186,3.749732222082
    ));
#3414 = CARTESIAN_POINT('',(6.483993260674,3.7846119646,3.796600813849)
  );
#3415 = CARTESIAN_POINT('',(6.310255626214,4.077184405784,3.843470325289
    ));
#3416 = CARTESIAN_POINT('',(6.121143492743,4.360400807086,3.890339177194
    ));
#3417 = CARTESIAN_POINT('',(5.917267075781,4.633297227075,3.937207601279
    ));
#3418 = CARTESIAN_POINT('',(5.699307401485,4.89496209146,3.984076433632)
  );
#3419 = CARTESIAN_POINT('',(5.468015774337,5.144536894734,4.030945908816
    ));
#3420 = CARTESIAN_POINT('',(4.717619842028,5.873039306461,4.175205081989
    ));
#3421 = CARTESIAN_POINT('',(4.156824237957,6.30938957896,4.272629953511)
  );
#3422 = CARTESIAN_POINT('',(3.54942503537,6.682771262851,4.370026607613)
  );
#3423 = CARTESIAN_POINT('',(2.903978639658,6.987471507928,4.467413672844
    ));
#3424 = CARTESIAN_POINT('',(2.229683557701,7.219147882373,4.564810064253
    ));
#3425 = CARTESIAN_POINT('',(1.536388377038,7.374824651644,4.662234577985
    ));
#3426 = CARTESIAN_POINT('',(0.490128329949,7.491995712693,4.807451482841
    ));
#3427 = CARTESIAN_POINT('',(0.143458246231,7.512000761062,4.855279109912
    ));
#3428 = CARTESIAN_POINT('',(-0.204084958177,7.513283529688,
    4.903106051363));
#3429 = CARTESIAN_POINT('',(-0.551289453625,7.495809494868,
    4.950932582347));
#3430 = CARTESIAN_POINT('',(-0.896947707712,7.459639430998,
    4.998759638645));
#3431 = CARTESIAN_POINT('',(-1.23985746941,7.404929364469,5.046587480458
    ));
#3432 = CARTESIAN_POINT('',(-2.129041074978,7.213456984917,5.17204819604
    ));
#3433 = CARTESIAN_POINT('',(-2.668965239869,7.046786184349,
    5.249693179075));
#3434 = CARTESIAN_POINT('',(-3.193386758273,6.833022635599,
    5.327330132637));
#3435 = CARTESIAN_POINT('',(-3.697428761546,6.573959075769,
    5.404961906003));
#3436 = CARTESIAN_POINT('',(-4.176497854647,6.271956377632,
    5.482598697686));
#3437 = CARTESIAN_POINT('',(-4.626297639134,5.929936589822,
    5.560243386928));
#3438 = CARTESIAN_POINT('',(-5.484612902104,5.150254657594,
    5.720188035013));
#3439 = CARTESIAN_POINT('',(-5.889155598217,4.707937149313,5.80251366202
    ));
#3440 = CARTESIAN_POINT('',(-6.251797370766,4.228799345575,
    5.884828301442));
#3441 = CARTESIAN_POINT('',(-6.568625126932,3.717644291301,
    5.967136002523));
#3442 = CARTESIAN_POINT('',(-6.836396364117,3.17970304801,6.049450760219
    ));
#3443 = CARTESIAN_POINT('',(-7.052550547628,2.620616703763,
    6.131776706017));
#3444 = CARTESIAN_POINT('',(-7.296183707279,1.761643258354,
    6.254932424543));
#3445 = CARTESIAN_POINT('',(-7.363862821293,1.473041196343,
    6.295777301378));
#3446 = CARTESIAN_POINT('',(-7.418213584018,1.181444880214,
    6.336621895193));
#3447 = CARTESIAN_POINT('',(-7.459080599552,0.887593032373,
    6.377466289529));
#3448 = CARTESIAN_POINT('',(-7.486360096738,0.592231818005,
    6.418310856731));
#3449 = CARTESIAN_POINT('',(-7.499999999972,0.296114317806,
    6.459155684109));
#3450 = CARTESIAN_POINT('',(-7.5,7.1948407E-10,6.500000000095));
#3451 = ORIENTED_EDGE('',*,*,#3452,.T.);
#3452 = EDGE_CURVE('',#3410,#3453,#3455,.T.);
#3453 = VERTEX_POINT('',#3454);
#3454 = CARTESIAN_POINT('',(7.5,0.,9.750000608228));
#3455 = B_SPLINE_CURVE_WITH_KNOTS('',6,(#3456,#3457,#3458,#3459,#3460,
    #3461,#3462,#3463,#3464,#3465,#3466,#3467,#3468,#3469,#3470,#3471,
    #3472,#3473,#3474,#3475,#3476,#3477,#3478,#3479,#3480,#3481,#3482,
    #3483,#3484,#3485,#3486,#3487,#3488,#3489,#3490,#3491,#3492,#3493,
    #3494,#3495,#3496,#3497,#3498,#3499,#3500,#3501,#3502),
  .UNSPECIFIED.,.F.,.F.,(7,5,5,5,5,5,5,5,5,7),(0.,8.865665041498E-02,
    0.248821811665,0.423838159184,0.539849190435,0.604371022287,
    0.654988074009,0.830101481837,0.989318569627,1.),.UNSPECIFIED.);
#3456 = CARTESIAN_POINT('',(-7.5,7.1964745E-10,6.500000000095));
#3457 = CARTESIAN_POINT('',(-7.500000000033,-0.34814196676,
    6.548020714008));
#3458 = CARTESIAN_POINT('',(-7.480607229577,-0.696288599719,
    6.596042063404));
#3459 = CARTESIAN_POINT('',(-7.441822237173,-1.043079604062,
    6.644062510661));
#3460 = CARTESIAN_POINT('',(-7.383770148467,-1.387170074291,
    6.692082884997));
#3461 = CARTESIAN_POINT('',(-7.306700399234,-1.727232507024,
    6.740104068823));
#3462 = CARTESIAN_POINT('',(-7.038071779003,-2.666668024294,
    6.874877675028));
#3463 = CARTESIAN_POINT('',(-6.804279005239,-3.254064751815,
    6.961643406246));
#3464 = CARTESIAN_POINT('',(-6.51182188838,-3.816287524767,
    7.048395139445));
#3465 = CARTESIAN_POINT('',(-6.164228830962,-4.346197503626,
    7.135147055697));
#3466 = CARTESIAN_POINT('',(-5.766003884115,-4.83722769492,7.22191322211
    ));
#3467 = CARTESIAN_POINT('',(-4.83875962365,-5.771372212188,7.40346396251
    ));
#3468 = CARTESIAN_POINT('',(-4.300858457201,-6.206000814674,
    7.498280274004));
#3469 = CARTESIAN_POINT('',(-3.716725360761,-6.579851197085,
    7.593073381784));
#3470 = CARTESIAN_POINT('',(-3.09499865064,-6.887148417316,
    7.687866297806));
#3471 = CARTESIAN_POINT('',(-2.445083580378,-7.12347516416,
    7.782682184759));
#3472 = CARTESIAN_POINT('',(-1.334816186541,-7.394308591391,
    7.940316200678));
#3473 = CARTESIAN_POINT('',(-0.884347818707,-7.470014653055,
    8.003155930318));
#3474 = CARTESIAN_POINT('',(-0.428969998536,-7.512734181911,
    8.065992956225));
#3475 = CARTESIAN_POINT('',(2.831068052474E-02,-7.522126572775,
    8.128830195545));
#3476 = CARTESIAN_POINT('',(0.484468432545,-7.498188038586,
    8.191670486211));
#3477 = CARTESIAN_POINT('',(1.187846837215,-7.409670381765,
    8.289456707838));
#3478 = CARTESIAN_POINT('',(1.437950439977,-7.367843422997,
    8.324405216668));
#3479 = CARTESIAN_POINT('',(1.686253916788,-7.31589079381,8.359353727181
    ));
#3480 = CARTESIAN_POINT('',(1.932246495398,-7.253912164151,
    8.394302199302));
#3481 = CARTESIAN_POINT('',(2.17542530816,-7.182041495347,8.429250596677
    ));
#3482 = CARTESIAN_POINT('',(2.603472263229,-7.036436601413,
    8.491615643945));
#3483 = CARTESIAN_POINT('',(2.78961374403,-6.966441543455,8.519032377184
    ));
#3484 = CARTESIAN_POINT('',(2.973481291937,-6.890543032672,
    8.546449075357));
#3485 = CARTESIAN_POINT('',(3.154841643105,-6.808834470848,
    8.573865729934));
#3486 = CARTESIAN_POINT('',(3.333466812332,-6.721421495101,8.60128233489
    ));
#3487 = CARTESIAN_POINT('',(4.116867952036,-6.306683318042,
    8.723548461217));
#3488 = CARTESIAN_POINT('',(4.689329523977,-5.918012421961,
    8.818416953657));
#3489 = CARTESIAN_POINT('',(5.217012003672,-5.467379293558,
    8.913262430485));
#3490 = CARTESIAN_POINT('',(5.691867230027,-4.961383823824,
    9.008108125818));
#3491 = CARTESIAN_POINT('',(6.106925678208,-4.407756197707,
    9.102977097455));
#3492 = CARTESIAN_POINT('',(6.774870816321,-3.277503436837,9.2840669394)
  );
#3493 = CARTESIAN_POINT('',(7.039164404646,-2.707349567999,
    9.370319238847));
#3494 = CARTESIAN_POINT('',(7.245550445106,-2.112186934187,
    9.456557690211));
#3495 = CARTESIAN_POINT('',(7.391313931873,-1.499351835959,
    9.542795938875));
#3496 = CARTESIAN_POINT('',(7.474802222038,-0.876490321914,9.62904777112
    ));
#3497 = CARTESIAN_POINT('',(7.497185192809,-0.209698645467,9.72107280038
    ));
#3498 = CARTESIAN_POINT('',(7.498311062581,-0.167768379071,
    9.726858361635));
#3499 = CARTESIAN_POINT('',(7.499155517788,-0.125831019199,
    9.732643923101));
#3500 = CARTESIAN_POINT('',(7.499718505778,-8.388891771664E-02,
    9.738429486105));
#3501 = CARTESIAN_POINT('',(7.5,-4.194444701189E-02,9.744215049213));
#3502 = CARTESIAN_POINT('',(7.5,2.66E-15,9.750000608228));
#3503 = ORIENTED_EDGE('',*,*,#3504,.T.);
#3504 = EDGE_CURVE('',#3453,#2461,#3505,.T.);
#3505 = LINE('',#3506,#3507);
#3506 = CARTESIAN_POINT('',(7.5,0.,0.));
#3507 = VECTOR('',#3508,1.);
#3508 = DIRECTION('',(0.,0.,1.));
#3509 = ORIENTED_EDGE('',*,*,#2460,.T.);
#3510 = ORIENTED_EDGE('',*,*,#3504,.F.);
#3511 = ORIENTED_EDGE('',*,*,#3512,.T.);
#3512 = EDGE_CURVE('',#3453,#3513,#3515,.T.);
#3513 = VERTEX_POINT('',#3514);
#3514 = CARTESIAN_POINT('',(7.282063631127,1.794867480406,
    10.000000000467));
#3515 = B_SPLINE_CURVE_WITH_KNOTS('',5,(#3516,#3517,#3518,#3519,#3520,
    #3521),.UNSPECIFIED.,.F.,.F.,(6,6),(0.,1.),
  .PIECEWISE_BEZIER_KNOTS.);
#3516 = CARTESIAN_POINT('',(7.5,3.03E-15,9.750000608228));
#3517 = CARTESIAN_POINT('',(7.500000000001,0.362490700835,9.800000345773
    ));
#3518 = CARTESIAN_POINT('',(7.478099875947,0.72498489437,9.850000505277)
  );
#3519 = CARTESIAN_POINT('',(7.43430010105,1.085708423568,9.899999754833)
  );
#3520 = CARTESIAN_POINT('',(7.368813317522,1.442910167008,9.950000114621
    ));
#3521 = CARTESIAN_POINT('',(7.282063631127,1.794867480406,
    10.000000000467));
#3522 = ORIENTED_EDGE('',*,*,#3523,.T.);
#3523 = EDGE_CURVE('',#3513,#3262,#3524,.T.);
#3524 = LINE('',#3525,#3526);
#3525 = CARTESIAN_POINT('',(7.282063631127,1.794867480406,0.));
#3526 = VECTOR('',#3527,1.);
#3527 = DIRECTION('',(0.,0.,-1.));
#3528 = CYLINDRICAL_SURFACE('',#3529,7.5);
#3529 = AXIS2_PLACEMENT_3D('',#3530,#3531,#3532);
#3530 = CARTESIAN_POINT('',(0.,0.,0.));
#3531 = DIRECTION('',(0.,0.,-1.));
#3532 = DIRECTION('',(1.,0.,0.));
#3533 = ADVANCED_FACE('',(#3534),#3540,.F.);
#3534 = FACE_BOUND('',#3535,.F.);
#3535 = EDGE_LOOP('',(#3536,#3537,#3538,#3539));
#3536 = ORIENTED_EDGE('',*,*,#2848,.F.);
#3537 = ORIENTED_EDGE('',*,*,#2527,.T.);
#3538 = ORIENTED_EDGE('',*,*,#3130,.T.);
#3539 = ORIENTED_EDGE('',*,*,#3158,.F.);
#3540 = CYLINDRICAL_SURFACE('',#3541,10.5);
#3541 = AXIS2_PLACEMENT_3D('',#3542,#3543,#3544);
#3542 = CARTESIAN_POINT('',(22.,0.,99.));
#3543 = DIRECTION('',(0.,0.,1.));
#3544 = DIRECTION('',(1.,0.,0.));
#3545 = ADVANCED_FACE('',(#3546),#3571,.F.);
#3546 = FACE_BOUND('',#3547,.F.);
#3547 = EDGE_LOOP('',(#3548,#3556,#3564,#3570));
#3548 = ORIENTED_EDGE('',*,*,#3549,.T.);
#3549 = EDGE_CURVE('',#2536,#3550,#3552,.T.);
#3550 = VERTEX_POINT('',#3551);
#3551 = CARTESIAN_POINT('',(2.,-10.49,97.));
#3552 = LINE('',#3553,#3554);
#3553 = CARTESIAN_POINT('',(2.,-10.5,97.));
#3554 = VECTOR('',#3555,1.);
#3555 = DIRECTION('',(0.,1.,-2.2E-16));
#3556 = ORIENTED_EDGE('',*,*,#3557,.T.);
#3557 = EDGE_CURVE('',#3550,#3558,#3560,.T.);
#3558 = VERTEX_POINT('',#3559);
#3559 = CARTESIAN_POINT('',(3.5,-10.49,97.));
#3560 = LINE('',#3561,#3562);
#3561 = CARTESIAN_POINT('',(2.,-10.49,97.));
#3562 = VECTOR('',#3563,1.);
#3563 = DIRECTION('',(1.,0.,0.));
#3564 = ORIENTED_EDGE('',*,*,#3565,.F.);
#3565 = EDGE_CURVE('',#2538,#3558,#3566,.T.);
#3566 = LINE('',#3567,#3568);
#3567 = CARTESIAN_POINT('',(3.5,-10.5,97.));
#3568 = VECTOR('',#3569,1.);
#3569 = DIRECTION('',(0.,1.,-2.2E-16));
#3570 = ORIENTED_EDGE('',*,*,#2535,.F.);
#3571 = PLANE('',#3572);
#3572 = AXIS2_PLACEMENT_3D('',#3573,#3574,#3575);
#3573 = CARTESIAN_POINT('',(2.,-10.5,97.));
#3574 = DIRECTION('',(0.,-2.2E-16,-1.));
#3575 = DIRECTION('',(1.,0.,0.));
#3576 = ADVANCED_FACE('',(#3577),#3603,.F.);
#3577 = FACE_BOUND('',#3578,.F.);
#3578 = EDGE_LOOP('',(#3579,#3580,#3581,#3589,#3597));
#3579 = ORIENTED_EDGE('',*,*,#3549,.F.);
#3580 = ORIENTED_EDGE('',*,*,#2561,.F.);
#3581 = ORIENTED_EDGE('',*,*,#3582,.T.);
#3582 = EDGE_CURVE('',#2554,#3583,#3585,.T.);
#3583 = VERTEX_POINT('',#3584);
#3584 = CARTESIAN_POINT('',(2.,-9.7,94.999999999903));
#3585 = LINE('',#3586,#3587);
#3586 = CARTESIAN_POINT('',(2.,-10.5,94.999999999903));
#3587 = VECTOR('',#3588,1.);
#3588 = DIRECTION('',(0.,1.,-2.2E-16));
#3589 = ORIENTED_EDGE('',*,*,#3590,.T.);
#3590 = EDGE_CURVE('',#3583,#3591,#3593,.T.);
#3591 = VERTEX_POINT('',#3592);
#3592 = CARTESIAN_POINT('',(2.,-9.7,95.8));
#3593 = LINE('',#3594,#3595);
#3594 = CARTESIAN_POINT('',(2.,-9.7,94.999999999903));
#3595 = VECTOR('',#3596,1.);
#3596 = DIRECTION('',(0.,0.,1.));
#3597 = ORIENTED_EDGE('',*,*,#3598,.F.);
#3598 = EDGE_CURVE('',#3550,#3591,#3599,.T.);
#3599 = LINE('',#3600,#3601);
#3600 = CARTESIAN_POINT('',(2.,-9.834731723247,96.004655782147));
#3601 = VECTOR('',#3602,1.);
#3602 = DIRECTION('',(0.,0.549872150425,-0.835248836088));
#3603 = PLANE('',#3604);
#3604 = AXIS2_PLACEMENT_3D('',#3605,#3606,#3607);
#3605 = CARTESIAN_POINT('',(2.,-10.5,94.999999999903));
#3606 = DIRECTION('',(1.,0.,0.));
#3607 = DIRECTION('',(0.,2.2E-16,1.));
#3608 = ADVANCED_FACE('',(#3609),#3627,.F.);
#3609 = FACE_BOUND('',#3610,.F.);
#3610 = EDGE_LOOP('',(#3611,#3619,#3625,#3626));
#3611 = ORIENTED_EDGE('',*,*,#3612,.T.);
#3612 = EDGE_CURVE('',#2546,#3613,#3615,.T.);
#3613 = VERTEX_POINT('',#3614);
#3614 = CARTESIAN_POINT('',(3.5,-9.7,94.999999999903));
#3615 = LINE('',#3616,#3617);
#3616 = CARTESIAN_POINT('',(3.5,-10.5,94.999999999903));
#3617 = VECTOR('',#3618,1.);
#3618 = DIRECTION('',(0.,1.,-2.2E-16));
#3619 = ORIENTED_EDGE('',*,*,#3620,.T.);
#3620 = EDGE_CURVE('',#3613,#3583,#3621,.T.);
#3621 = LINE('',#3622,#3623);
#3622 = CARTESIAN_POINT('',(3.5,-9.7,94.999999999903));
#3623 = VECTOR('',#3624,1.);
#3624 = DIRECTION('',(-1.,0.,0.));
#3625 = ORIENTED_EDGE('',*,*,#3582,.F.);
#3626 = ORIENTED_EDGE('',*,*,#2553,.F.);
#3627 = PLANE('',#3628);
#3628 = AXIS2_PLACEMENT_3D('',#3629,#3630,#3631);
#3629 = CARTESIAN_POINT('',(3.5,-10.5,94.999999999903));
#3630 = DIRECTION('',(0.,2.2E-16,1.));
#3631 = DIRECTION('',(-1.,0.,0.));
#3632 = ADVANCED_FACE('',(#3633),#3652,.F.);
#3633 = FACE_BOUND('',#3634,.F.);
#3634 = EDGE_LOOP('',(#3635,#3636,#3644,#3650,#3651));
#3635 = ORIENTED_EDGE('',*,*,#3565,.T.);
#3636 = ORIENTED_EDGE('',*,*,#3637,.T.);
#3637 = EDGE_CURVE('',#3558,#3638,#3640,.T.);
#3638 = VERTEX_POINT('',#3639);
#3639 = CARTESIAN_POINT('',(3.5,-9.7,95.8));
#3640 = LINE('',#3641,#3642);
#3641 = CARTESIAN_POINT('',(3.5,-10.2940117969,96.702296400368));
#3642 = VECTOR('',#3643,1.);
#3643 = DIRECTION('',(0.,0.549872150425,-0.835248836088));
#3644 = ORIENTED_EDGE('',*,*,#3645,.T.);
#3645 = EDGE_CURVE('',#3638,#3613,#3646,.T.);
#3646 = LINE('',#3647,#3648);
#3647 = CARTESIAN_POINT('',(3.5,-9.7,97.));
#3648 = VECTOR('',#3649,1.);
#3649 = DIRECTION('',(0.,0.,-1.));
#3650 = ORIENTED_EDGE('',*,*,#3612,.F.);
#3651 = ORIENTED_EDGE('',*,*,#2545,.F.);
#3652 = PLANE('',#3653);
#3653 = AXIS2_PLACEMENT_3D('',#3654,#3655,#3656);
#3654 = CARTESIAN_POINT('',(3.5,-10.5,97.));
#3655 = DIRECTION('',(-1.,0.,0.));
#3656 = DIRECTION('',(0.,-2.2E-16,-1.));
#3657 = ADVANCED_FACE('',(#3658),#3683,.F.);
#3658 = FACE_BOUND('',#3659,.F.);
#3659 = EDGE_LOOP('',(#3660,#3668,#3676,#3682));
#3660 = ORIENTED_EDGE('',*,*,#3661,.T.);
#3661 = EDGE_CURVE('',#2570,#3662,#3664,.T.);
#3662 = VERTEX_POINT('',#3663);
#3663 = CARTESIAN_POINT('',(18.5,-10.49,97.));
#3664 = LINE('',#3665,#3666);
#3665 = CARTESIAN_POINT('',(18.5,-10.5,97.));
#3666 = VECTOR('',#3667,1.);
#3667 = DIRECTION('',(0.,1.,-2.2E-16));
#3668 = ORIENTED_EDGE('',*,*,#3669,.T.);
#3669 = EDGE_CURVE('',#3662,#3670,#3672,.T.);
#3670 = VERTEX_POINT('',#3671);
#3671 = CARTESIAN_POINT('',(20.,-10.49,97.));
#3672 = LINE('',#3673,#3674);
#3673 = CARTESIAN_POINT('',(18.5,-10.49,97.));
#3674 = VECTOR('',#3675,1.);
#3675 = DIRECTION('',(1.,0.,0.));
#3676 = ORIENTED_EDGE('',*,*,#3677,.F.);
#3677 = EDGE_CURVE('',#2572,#3670,#3678,.T.);
#3678 = LINE('',#3679,#3680);
#3679 = CARTESIAN_POINT('',(20.,-10.5,97.));
#3680 = VECTOR('',#3681,1.);
#3681 = DIRECTION('',(0.,1.,-2.2E-16));
#3682 = ORIENTED_EDGE('',*,*,#2569,.F.);
#3683 = PLANE('',#3684);
#3684 = AXIS2_PLACEMENT_3D('',#3685,#3686,#3687);
#3685 = CARTESIAN_POINT('',(18.5,-10.5,97.));
#3686 = DIRECTION('',(0.,-2.2E-16,-1.));
#3687 = DIRECTION('',(1.,0.,0.));
#3688 = ADVANCED_FACE('',(#3689),#3715,.F.);
#3689 = FACE_BOUND('',#3690,.F.);
#3690 = EDGE_LOOP('',(#3691,#3692,#3693,#3701,#3709));
#3691 = ORIENTED_EDGE('',*,*,#3661,.F.);
#3692 = ORIENTED_EDGE('',*,*,#2595,.F.);
#3693 = ORIENTED_EDGE('',*,*,#3694,.T.);
#3694 = EDGE_CURVE('',#2588,#3695,#3697,.T.);
#3695 = VERTEX_POINT('',#3696);
#3696 = CARTESIAN_POINT('',(18.5,-9.7,95.));
#3697 = LINE('',#3698,#3699);
#3698 = CARTESIAN_POINT('',(18.5,-10.5,95.));
#3699 = VECTOR('',#3700,1.);
#3700 = DIRECTION('',(0.,1.,-2.2E-16));
#3701 = ORIENTED_EDGE('',*,*,#3702,.T.);
#3702 = EDGE_CURVE('',#3695,#3703,#3705,.T.);
#3703 = VERTEX_POINT('',#3704);
#3704 = CARTESIAN_POINT('',(18.5,-9.7,95.8));
#3705 = LINE('',#3706,#3707);
#3706 = CARTESIAN_POINT('',(18.5,-9.7,95.));
#3707 = VECTOR('',#3708,1.);
#3708 = DIRECTION('',(0.,0.,1.));
#3709 = ORIENTED_EDGE('',*,*,#3710,.F.);
#3710 = EDGE_CURVE('',#3662,#3703,#3711,.T.);
#3711 = LINE('',#3712,#3713);
#3712 = CARTESIAN_POINT('',(18.5,-9.834731723269,96.004655782181));
#3713 = VECTOR('',#3714,1.);
#3714 = DIRECTION('',(0.,0.549872150425,-0.835248836088));
#3715 = PLANE('',#3716);
#3716 = AXIS2_PLACEMENT_3D('',#3717,#3718,#3719);
#3717 = CARTESIAN_POINT('',(18.5,-10.5,95.));
#3718 = DIRECTION('',(1.,0.,0.));
#3719 = DIRECTION('',(0.,2.2E-16,1.));
#3720 = ADVANCED_FACE('',(#3721),#3739,.F.);
#3721 = FACE_BOUND('',#3722,.F.);
#3722 = EDGE_LOOP('',(#3723,#3731,#3737,#3738));
#3723 = ORIENTED_EDGE('',*,*,#3724,.T.);
#3724 = EDGE_CURVE('',#2580,#3725,#3727,.T.);
#3725 = VERTEX_POINT('',#3726);
#3726 = CARTESIAN_POINT('',(20.,-9.7,95.));
#3727 = LINE('',#3728,#3729);
#3728 = CARTESIAN_POINT('',(20.,-10.5,95.));
#3729 = VECTOR('',#3730,1.);
#3730 = DIRECTION('',(0.,1.,-2.2E-16));
#3731 = ORIENTED_EDGE('',*,*,#3732,.T.);
#3732 = EDGE_CURVE('',#3725,#3695,#3733,.T.);
#3733 = LINE('',#3734,#3735);
#3734 = CARTESIAN_POINT('',(20.,-9.7,95.));
#3735 = VECTOR('',#3736,1.);
#3736 = DIRECTION('',(-1.,0.,0.));
#3737 = ORIENTED_EDGE('',*,*,#3694,.F.);
#3738 = ORIENTED_EDGE('',*,*,#2587,.F.);
#3739 = PLANE('',#3740);
#3740 = AXIS2_PLACEMENT_3D('',#3741,#3742,#3743);
#3741 = CARTESIAN_POINT('',(20.,-10.5,95.));
#3742 = DIRECTION('',(0.,2.2E-16,1.));
#3743 = DIRECTION('',(-1.,0.,0.));
#3744 = ADVANCED_FACE('',(#3745),#3764,.F.);
#3745 = FACE_BOUND('',#3746,.F.);
#3746 = EDGE_LOOP('',(#3747,#3748,#3756,#3762,#3763));
#3747 = ORIENTED_EDGE('',*,*,#3677,.T.);
#3748 = ORIENTED_EDGE('',*,*,#3749,.T.);
#3749 = EDGE_CURVE('',#3670,#3750,#3752,.T.);
#3750 = VERTEX_POINT('',#3751);
#3751 = CARTESIAN_POINT('',(20.,-9.7,95.8));
#3752 = LINE('',#3753,#3754);
#3753 = CARTESIAN_POINT('',(20.,-10.2940117969,96.702296400368));
#3754 = VECTOR('',#3755,1.);
#3755 = DIRECTION('',(0.,0.549872150425,-0.835248836088));
#3756 = ORIENTED_EDGE('',*,*,#3757,.T.);
#3757 = EDGE_CURVE('',#3750,#3725,#3758,.T.);
#3758 = LINE('',#3759,#3760);
#3759 = CARTESIAN_POINT('',(20.,-9.7,97.));
#3760 = VECTOR('',#3761,1.);
#3761 = DIRECTION('',(0.,0.,-1.));
#3762 = ORIENTED_EDGE('',*,*,#3724,.F.);
#3763 = ORIENTED_EDGE('',*,*,#2579,.F.);
#3764 = PLANE('',#3765);
#3765 = AXIS2_PLACEMENT_3D('',#3766,#3767,#3768);
#3766 = CARTESIAN_POINT('',(20.,-10.5,97.));
#3767 = DIRECTION('',(-1.,0.,0.));
#3768 = DIRECTION('',(0.,-2.2E-16,-1.));
#3769 = ADVANCED_FACE('',(#3770),#3789,.F.);
#3770 = FACE_BOUND('',#3771,.F.);
#3771 = EDGE_LOOP('',(#3772,#3773,#3781,#3787,#3788));
#3772 = ORIENTED_EDGE('',*,*,#2971,.T.);
#3773 = ORIENTED_EDGE('',*,*,#3774,.T.);
#3774 = EDGE_CURVE('',#2964,#3775,#3777,.T.);
#3775 = VERTEX_POINT('',#3776);
#3776 = CARTESIAN_POINT('',(2.,9.7,95.8));
#3777 = LINE('',#3778,#3779);
#3778 = CARTESIAN_POINT('',(2.,10.294011796909,96.702296400368));
#3779 = VECTOR('',#3780,1.);
#3780 = DIRECTION('',(0.,-0.549872150425,-0.835248836088));
#3781 = ORIENTED_EDGE('',*,*,#3782,.T.);
#3782 = EDGE_CURVE('',#3775,#3020,#3783,.T.);
#3783 = LINE('',#3784,#3785);
#3784 = CARTESIAN_POINT('',(2.,9.7,97.));
#3785 = VECTOR('',#3786,1.);
#3786 = DIRECTION('',(0.,0.,-1.));
#3787 = ORIENTED_EDGE('',*,*,#3019,.F.);
#3788 = ORIENTED_EDGE('',*,*,#2770,.F.);
#3789 = PLANE('',#3790);
#3790 = AXIS2_PLACEMENT_3D('',#3791,#3792,#3793);
#3791 = CARTESIAN_POINT('',(2.,10.5,97.));
#3792 = DIRECTION('',(1.,0.,0.));
#3793 = DIRECTION('',(0.,-2.2E-16,-1.));
#3794 = ADVANCED_FACE('',(#3795),#3814,.T.);
#3795 = FACE_BOUND('',#3796,.F.);
#3796 = EDGE_LOOP('',(#3797,#3805,#3806,#3807));
#3797 = ORIENTED_EDGE('',*,*,#3798,.T.);
#3798 = EDGE_CURVE('',#3799,#2794,#3801,.T.);
#3799 = VERTEX_POINT('',#3800);
#3800 = CARTESIAN_POINT('',(22.,-11.5,1.));
#3801 = LINE('',#3802,#3803);
#3802 = CARTESIAN_POINT('',(22.,-11.5,0.));
#3803 = VECTOR('',#3804,1.);
#3804 = DIRECTION('',(0.,0.,1.));
#3805 = ORIENTED_EDGE('',*,*,#2793,.T.);
#3806 = ORIENTED_EDGE('',*,*,#3044,.F.);
#3807 = ORIENTED_EDGE('',*,*,#3808,.T.);
#3808 = EDGE_CURVE('',#3045,#3799,#3809,.T.);
#3809 = CIRCLE('',#3810,11.5);
#3810 = AXIS2_PLACEMENT_3D('',#3811,#3812,#3813);
#3811 = CARTESIAN_POINT('',(22.,0.,1.));
#3812 = DIRECTION('',(0.,0.,-1.));
#3813 = DIRECTION('',(3.1E-16,1.,0.));
#3814 = CYLINDRICAL_SURFACE('',#3815,11.5);
#3815 = AXIS2_PLACEMENT_3D('',#3816,#3817,#3818);
#3816 = CARTESIAN_POINT('',(22.,0.,0.));
#3817 = DIRECTION('',(-0.,-0.,-1.));
#3818 = DIRECTION('',(1.,0.,0.));
#3819 = ADVANCED_FACE('',(#3820,#3854,#3913,#3972,#4070,#4204,#4263,
    #4322,#4476,#4782,#4944,#5066,#5196),#5294,.T.);
#3820 = FACE_BOUND('',#3821,.T.);
#3821 = EDGE_LOOP('',(#3822,#3823,#3824,#3832,#3840,#3848));
#3822 = ORIENTED_EDGE('',*,*,#3798,.T.);
#3823 = ORIENTED_EDGE('',*,*,#2821,.T.);
#3824 = ORIENTED_EDGE('',*,*,#3825,.F.);
#3825 = EDGE_CURVE('',#3826,#2813,#3828,.T.);
#3826 = VERTEX_POINT('',#3827);
#3827 = CARTESIAN_POINT('',(-3.E-15,-11.5,1.5));
#3828 = LINE('',#3829,#3830);
#3829 = CARTESIAN_POINT('',(-2.83E-15,-11.5,0.));
#3830 = VECTOR('',#3831,1.);
#3831 = DIRECTION('',(0.,0.,1.));
#3832 = ORIENTED_EDGE('',*,*,#3833,.F.);
#3833 = EDGE_CURVE('',#3834,#3826,#3836,.T.);
#3834 = VERTEX_POINT('',#3835);
#3835 = CARTESIAN_POINT('',(0.8,-11.5,1.5));
#3836 = LINE('',#3837,#3838);
#3837 = CARTESIAN_POINT('',(11.,-11.5,1.5));
#3838 = VECTOR('',#3839,1.);
#3839 = DIRECTION('',(-1.,0.,0.));
#3840 = ORIENTED_EDGE('',*,*,#3841,.F.);
#3841 = EDGE_CURVE('',#3842,#3834,#3844,.T.);
#3842 = VERTEX_POINT('',#3843);
#3843 = CARTESIAN_POINT('',(0.8,-11.5,1.));
#3844 = LINE('',#3845,#3846);
#3845 = CARTESIAN_POINT('',(0.8,-11.5,0.));
#3846 = VECTOR('',#3847,1.);
#3847 = DIRECTION('',(0.,0.,1.));
#3848 = ORIENTED_EDGE('',*,*,#3849,.F.);
#3849 = EDGE_CURVE('',#3799,#3842,#3850,.T.);
#3850 = LINE('',#3851,#3852);
#3851 = CARTESIAN_POINT('',(22.,-11.5,1.));
#3852 = VECTOR('',#3853,1.);
#3853 = DIRECTION('',(-1.,0.,0.));
#3854 = FACE_BOUND('',#3855,.T.);
#3855 = EDGE_LOOP('',(#3856,#3866,#3874,#3882,#3890,#3898,#3907));
#3856 = ORIENTED_EDGE('',*,*,#3857,.F.);
#3857 = EDGE_CURVE('',#3858,#3860,#3862,.T.);
#3858 = VERTEX_POINT('',#3859);
#3859 = CARTESIAN_POINT('',(18.4,-11.5,82.6));
#3860 = VERTEX_POINT('',#3861);
#3861 = CARTESIAN_POINT('',(21.,-11.5,82.6));
#3862 = LINE('',#3863,#3864);
#3863 = CARTESIAN_POINT('',(18.4,-11.5,82.6));
#3864 = VECTOR('',#3865,1.);
#3865 = DIRECTION('',(1.,0.,0.));
#3866 = ORIENTED_EDGE('',*,*,#3867,.T.);
#3867 = EDGE_CURVE('',#3858,#3868,#3870,.T.);
#3868 = VERTEX_POINT('',#3869);
#3869 = CARTESIAN_POINT('',(18.4,-11.5,91.4));
#3870 = LINE('',#3871,#3872);
#3871 = CARTESIAN_POINT('',(18.4,-11.5,82.6));
#3872 = VECTOR('',#3873,1.);
#3873 = DIRECTION('',(0.,0.,1.));
#3874 = ORIENTED_EDGE('',*,*,#3875,.T.);
#3875 = EDGE_CURVE('',#3868,#3876,#3878,.T.);
#3876 = VERTEX_POINT('',#3877);
#3877 = CARTESIAN_POINT('',(12.5,-11.5,91.4));
#3878 = LINE('',#3879,#3880);
#3879 = CARTESIAN_POINT('',(18.4,-11.5,91.4));
#3880 = VECTOR('',#3881,1.);
#3881 = DIRECTION('',(-1.,0.,0.));
#3882 = ORIENTED_EDGE('',*,*,#3883,.T.);
#3883 = EDGE_CURVE('',#3876,#3884,#3886,.T.);
#3884 = VERTEX_POINT('',#3885);
#3885 = CARTESIAN_POINT('',(12.5,-11.5,94.));
#3886 = LINE('',#3887,#3888);
#3887 = CARTESIAN_POINT('',(12.5,-11.5,91.4));
#3888 = VECTOR('',#3889,1.);
#3889 = DIRECTION('',(0.,0.,1.));
#3890 = ORIENTED_EDGE('',*,*,#3891,.F.);
#3891 = EDGE_CURVE('',#3892,#3884,#3894,.T.);
#3892 = VERTEX_POINT('',#3893);
#3893 = CARTESIAN_POINT('',(19.25,-11.5,94.));
#3894 = LINE('',#3895,#3896);
#3895 = CARTESIAN_POINT('',(19.25,-11.5,94.));
#3896 = VECTOR('',#3897,1.);
#3897 = DIRECTION('',(-1.,0.,0.));
#3898 = ORIENTED_EDGE('',*,*,#3899,.F.);
#3899 = EDGE_CURVE('',#3900,#3892,#3902,.T.);
#3900 = VERTEX_POINT('',#3901);
#3901 = CARTESIAN_POINT('',(21.,-11.5,92.25));
#3902 = CIRCLE('',#3903,1.75);
#3903 = AXIS2_PLACEMENT_3D('',#3904,#3905,#3906);
#3904 = CARTESIAN_POINT('',(19.25,-11.5,92.25));
#3905 = DIRECTION('',(0.,-1.,0.));
#3906 = DIRECTION('',(1.,0.,0.));
#3907 = ORIENTED_EDGE('',*,*,#3908,.F.);
#3908 = EDGE_CURVE('',#3860,#3900,#3909,.T.);
#3909 = LINE('',#3910,#3911);
#3910 = CARTESIAN_POINT('',(21.,-11.5,82.6));
#3911 = VECTOR('',#3912,1.);
#3912 = DIRECTION('',(0.,0.,1.));
#3913 = FACE_BOUND('',#3914,.T.);
#3914 = EDGE_LOOP('',(#3915,#3925,#3933,#3941,#3949,#3957,#3966));
#3915 = ORIENTED_EDGE('',*,*,#3916,.F.);
#3916 = EDGE_CURVE('',#3917,#3919,#3921,.T.);
#3917 = VERTEX_POINT('',#3918);
#3918 = CARTESIAN_POINT('',(12.5,-11.5,72.6));
#3919 = VERTEX_POINT('',#3920);
#3920 = CARTESIAN_POINT('',(12.5,-11.5,70.));
#3921 = LINE('',#3922,#3923);
#3922 = CARTESIAN_POINT('',(12.5,-11.5,72.6));
#3923 = VECTOR('',#3924,1.);
#3924 = DIRECTION('',(0.,0.,-1.));
#3925 = ORIENTED_EDGE('',*,*,#3926,.T.);
#3926 = EDGE_CURVE('',#3917,#3927,#3929,.T.);
#3927 = VERTEX_POINT('',#3928);
#3928 = CARTESIAN_POINT('',(18.4,-11.5,72.6));
#3929 = LINE('',#3930,#3931);
#3930 = CARTESIAN_POINT('',(12.5,-11.5,72.6));
#3931 = VECTOR('',#3932,1.);
#3932 = DIRECTION('',(1.,0.,0.));
#3933 = ORIENTED_EDGE('',*,*,#3934,.T.);
#3934 = EDGE_CURVE('',#3927,#3935,#3937,.T.);
#3935 = VERTEX_POINT('',#3936);
#3936 = CARTESIAN_POINT('',(18.4,-11.5,81.4));
#3937 = LINE('',#3938,#3939);
#3938 = CARTESIAN_POINT('',(18.4,-11.5,72.6));
#3939 = VECTOR('',#3940,1.);
#3940 = DIRECTION('',(0.,0.,1.));
#3941 = ORIENTED_EDGE('',*,*,#3942,.T.);
#3942 = EDGE_CURVE('',#3935,#3943,#3945,.T.);
#3943 = VERTEX_POINT('',#3944);
#3944 = CARTESIAN_POINT('',(21.,-11.5,81.4));
#3945 = LINE('',#3946,#3947);
#3946 = CARTESIAN_POINT('',(18.4,-11.5,81.4));
#3947 = VECTOR('',#3948,1.);
#3948 = DIRECTION('',(1.,0.,0.));
#3949 = ORIENTED_EDGE('',*,*,#3950,.F.);
#3950 = EDGE_CURVE('',#3951,#3943,#3953,.T.);
#3951 = VERTEX_POINT('',#3952);
#3952 = CARTESIAN_POINT('',(21.,-11.5,71.75));
#3953 = LINE('',#3954,#3955);
#3954 = CARTESIAN_POINT('',(21.,-11.5,71.75));
#3955 = VECTOR('',#3956,1.);
#3956 = DIRECTION('',(0.,0.,1.));
#3957 = ORIENTED_EDGE('',*,*,#3958,.F.);
#3958 = EDGE_CURVE('',#3959,#3951,#3961,.T.);
#3959 = VERTEX_POINT('',#3960);
#3960 = CARTESIAN_POINT('',(19.25,-11.5,70.));
#3961 = CIRCLE('',#3962,1.75);
#3962 = AXIS2_PLACEMENT_3D('',#3963,#3964,#3965);
#3963 = CARTESIAN_POINT('',(19.25,-11.5,71.75));
#3964 = DIRECTION('',(0.,-1.,0.));
#3965 = DIRECTION('',(1.,0.,0.));
#3966 = ORIENTED_EDGE('',*,*,#3967,.F.);
#3967 = EDGE_CURVE('',#3919,#3959,#3968,.T.);
#3968 = LINE('',#3969,#3970);
#3969 = CARTESIAN_POINT('',(12.5,-11.5,70.));
#3970 = VECTOR('',#3971,1.);
#3971 = DIRECTION('',(1.,0.,0.));
#3972 = FACE_BOUND('',#3973,.T.);
#3973 = EDGE_LOOP('',(#3974,#3984,#3992,#4000,#4008,#4016,#4024,#4032,
    #4040,#4048,#4056,#4064));
#3974 = ORIENTED_EDGE('',*,*,#3975,.T.);
#3975 = EDGE_CURVE('',#3976,#3978,#3980,.T.);
#3976 = VERTEX_POINT('',#3977);
#3977 = CARTESIAN_POINT('',(14.637254901961,-11.5,64.183823529412));
#3978 = VERTEX_POINT('',#3979);
#3979 = CARTESIAN_POINT('',(14.637254901961,-11.5,66.5));
#3980 = LINE('',#3981,#3982);
#3981 = CARTESIAN_POINT('',(14.637254901961,-11.5,64.183823529412));
#3982 = VECTOR('',#3983,1.);
#3983 = DIRECTION('',(0.,0.,1.));
#3984 = ORIENTED_EDGE('',*,*,#3985,.T.);
#3985 = EDGE_CURVE('',#3978,#3986,#3988,.T.);
#3986 = VERTEX_POINT('',#3987);
#3987 = CARTESIAN_POINT('',(16.25,-11.5,66.5));
#3988 = LINE('',#3989,#3990);
#3989 = CARTESIAN_POINT('',(14.637254901961,-11.5,66.5));
#3990 = VECTOR('',#3991,1.);
#3991 = DIRECTION('',(1.,0.,0.));
#3992 = ORIENTED_EDGE('',*,*,#3993,.T.);
#3993 = EDGE_CURVE('',#3986,#3994,#3996,.T.);
#3994 = VERTEX_POINT('',#3995);
#3995 = CARTESIAN_POINT('',(16.25,-11.5,59.857077205882));
#3996 = LINE('',#3997,#3998);
#3997 = CARTESIAN_POINT('',(16.25,-11.5,66.5));
#3998 = VECTOR('',#3999,1.);
#3999 = DIRECTION('',(0.,0.,-1.));
#4000 = ORIENTED_EDGE('',*,*,#4001,.T.);
#4001 = EDGE_CURVE('',#3994,#4002,#4004,.T.);
#4002 = VERTEX_POINT('',#4003);
#4003 = CARTESIAN_POINT('',(14.637254901961,-11.5,59.857077205882));
#4004 = LINE('',#4005,#4006);
#4005 = CARTESIAN_POINT('',(16.25,-11.5,59.857077205882));
#4006 = VECTOR('',#4007,1.);
#4007 = DIRECTION('',(-1.,0.,0.));
#4008 = ORIENTED_EDGE('',*,*,#4009,.T.);
#4009 = EDGE_CURVE('',#4002,#4010,#4012,.T.);
#4010 = VERTEX_POINT('',#4011);
#4011 = CARTESIAN_POINT('',(14.637254901961,-11.5,62.173253676471));
#4012 = LINE('',#4013,#4014);
#4013 = CARTESIAN_POINT('',(14.637254901961,-11.5,59.857077205882));
#4014 = VECTOR('',#4015,1.);
#4015 = DIRECTION('',(0.,0.,1.));
#4016 = ORIENTED_EDGE('',*,*,#4017,.T.);
#4017 = EDGE_CURVE('',#4010,#4018,#4020,.T.);
#4018 = VERTEX_POINT('',#4019);
#4019 = CARTESIAN_POINT('',(7.397058823529,-11.5,62.173253676471));
#4020 = LINE('',#4021,#4022);
#4021 = CARTESIAN_POINT('',(14.637254901961,-11.5,62.173253676471));
#4022 = VECTOR('',#4023,1.);
#4023 = DIRECTION('',(-1.,0.,0.));
#4024 = ORIENTED_EDGE('',*,*,#4025,.T.);
#4025 = EDGE_CURVE('',#4018,#4026,#4028,.T.);
#4026 = VERTEX_POINT('',#4027);
#4027 = CARTESIAN_POINT('',(7.397058823529,-11.5,59.857077205882));
#4028 = LINE('',#4029,#4030);
#4029 = CARTESIAN_POINT('',(7.397058823529,-11.5,62.173253676471));
#4030 = VECTOR('',#4031,1.);
#4031 = DIRECTION('',(0.,0.,-1.));
#4032 = ORIENTED_EDGE('',*,*,#4033,.T.);
#4033 = EDGE_CURVE('',#4026,#4034,#4036,.T.);
#4034 = VERTEX_POINT('',#4035);
#4035 = CARTESIAN_POINT('',(5.75,-11.5,59.857077205882));
#4036 = LINE('',#4037,#4038);
#4037 = CARTESIAN_POINT('',(7.397058823529,-11.5,59.857077205882));
#4038 = VECTOR('',#4039,1.);
#4039 = DIRECTION('',(-1.,0.,0.));
#4040 = ORIENTED_EDGE('',*,*,#4041,.T.);
#4041 = EDGE_CURVE('',#4034,#4042,#4044,.T.);
#4042 = VERTEX_POINT('',#4043);
#4043 = CARTESIAN_POINT('',(5.75,-11.5,66.5));
#4044 = LINE('',#4045,#4046);
#4045 = CARTESIAN_POINT('',(5.75,-11.5,59.857077205882));
#4046 = VECTOR('',#4047,1.);
#4047 = DIRECTION('',(0.,0.,1.));
#4048 = ORIENTED_EDGE('',*,*,#4049,.T.);
#4049 = EDGE_CURVE('',#4042,#4050,#4052,.T.);
#4050 = VERTEX_POINT('',#4051);
#4051 = CARTESIAN_POINT('',(7.397058823529,-11.5,66.5));
#4052 = LINE('',#4053,#4054);
#4053 = CARTESIAN_POINT('',(5.75,-11.5,66.5));
#4054 = VECTOR('',#4055,1.);
#4055 = DIRECTION('',(1.,0.,0.));
#4056 = ORIENTED_EDGE('',*,*,#4057,.T.);
#4057 = EDGE_CURVE('',#4050,#4058,#4060,.T.);
#4058 = VERTEX_POINT('',#4059);
#4059 = CARTESIAN_POINT('',(7.397058823529,-11.5,64.183823529412));
#4060 = LINE('',#4061,#4062);
#4061 = CARTESIAN_POINT('',(7.397058823529,-11.5,66.5));
#4062 = VECTOR('',#4063,1.);
#4063 = DIRECTION('',(0.,0.,-1.));
#4064 = ORIENTED_EDGE('',*,*,#4065,.T.);
#4065 = EDGE_CURVE('',#4058,#3976,#4066,.T.);
#4066 = LINE('',#4067,#4068);
#4067 = CARTESIAN_POINT('',(7.397058823529,-11.5,64.183823529412));
#4068 = VECTOR('',#4069,1.);
#4069 = DIRECTION('',(1.,0.,0.));
#4070 = FACE_BOUND('',#4071,.T.);
#4071 = EDGE_LOOP('',(#4072,#4082,#4090,#4099,#4107,#4115,#4124,#4132,
    #4140,#4148,#4156,#4165,#4173,#4181,#4190,#4198));
#4072 = ORIENTED_EDGE('',*,*,#4073,.F.);
#4073 = EDGE_CURVE('',#4074,#4076,#4078,.T.);
#4074 = VERTEX_POINT('',#4075);
#4075 = CARTESIAN_POINT('',(10.125,-11.5,68.25));
#4076 = VERTEX_POINT('',#4077);
#4077 = CARTESIAN_POINT('',(11.925,-11.5,68.25));
#4078 = LINE('',#4079,#4080);
#4079 = CARTESIAN_POINT('',(10.125,-11.5,68.25));
#4080 = VECTOR('',#4081,1.);
#4081 = DIRECTION('',(1.,0.,0.));
#4082 = ORIENTED_EDGE('',*,*,#4083,.F.);
#4083 = EDGE_CURVE('',#4084,#4074,#4086,.T.);
#4084 = VERTEX_POINT('',#4085);
#4085 = CARTESIAN_POINT('',(10.125,-11.5,75.770718331364));
#4086 = LINE('',#4087,#4088);
#4087 = CARTESIAN_POINT('',(10.125,-11.5,75.770718331364));
#4088 = VECTOR('',#4089,1.);
#4089 = DIRECTION('',(0.,0.,-1.));
#4090 = ORIENTED_EDGE('',*,*,#4091,.F.);
#4091 = EDGE_CURVE('',#4092,#4084,#4094,.T.);
#4092 = VERTEX_POINT('',#4093);
#4093 = CARTESIAN_POINT('',(10.493570145054,-11.5,76.444415800753));
#4094 = CIRCLE('',#4095,0.8);
#4095 = AXIS2_PLACEMENT_3D('',#4096,#4097,#4098);
#4096 = CARTESIAN_POINT('',(10.925,-11.5,75.770718331364));
#4097 = DIRECTION('',(0.,-1.,0.));
#4098 = DIRECTION('',(1.,0.,0.));
#4099 = ORIENTED_EDGE('',*,*,#4100,.F.);
#4100 = EDGE_CURVE('',#4101,#4092,#4103,.T.);
#4101 = VERTEX_POINT('',#4102);
#4102 = CARTESIAN_POINT('',(14.25,-11.5,78.85));
#4103 = LINE('',#4104,#4105);
#4104 = CARTESIAN_POINT('',(14.25,-11.5,78.85));
#4105 = VECTOR('',#4106,1.);
#4106 = DIRECTION('',(-0.842121836736,-0.,-0.539287318683));
#4107 = ORIENTED_EDGE('',*,*,#4108,.F.);
#4108 = EDGE_CURVE('',#4109,#4101,#4111,.T.);
#4109 = VERTEX_POINT('',#4110);
#4110 = CARTESIAN_POINT('',(5.464271025908,-11.5,84.476302530611));
#4111 = LINE('',#4112,#4113);
#4112 = CARTESIAN_POINT('',(5.464271025908,-11.5,84.476302530611));
#4113 = VECTOR('',#4114,1.);
#4114 = DIRECTION('',(0.842121836736,0.,-0.539287318683));
#4115 = ORIENTED_EDGE('',*,*,#4116,.F.);
#4116 = EDGE_CURVE('',#4117,#4109,#4119,.T.);
#4117 = VERTEX_POINT('',#4118);
#4118 = CARTESIAN_POINT('',(5.464271025908,-11.5,85.823697469389));
#4119 = CIRCLE('',#4120,0.8);
#4120 = AXIS2_PLACEMENT_3D('',#4121,#4122,#4123);
#4121 = CARTESIAN_POINT('',(5.895700880854,-11.5,85.15));
#4122 = DIRECTION('',(0.,-1.,0.));
#4123 = DIRECTION('',(1.,0.,0.));
#4124 = ORIENTED_EDGE('',*,*,#4125,.F.);
#4125 = EDGE_CURVE('',#4126,#4117,#4128,.T.);
#4126 = VERTEX_POINT('',#4127);
#4127 = CARTESIAN_POINT('',(10.125,-11.5,88.808386764808));
#4128 = LINE('',#4129,#4130);
#4129 = CARTESIAN_POINT('',(10.125,-11.5,88.808386764808));
#4130 = VECTOR('',#4131,1.);
#4131 = DIRECTION('',(-0.842121836736,-0.,-0.539287318683));
#4132 = ORIENTED_EDGE('',*,*,#4133,.F.);
#4133 = EDGE_CURVE('',#4134,#4126,#4136,.T.);
#4134 = VERTEX_POINT('',#4135);
#4135 = CARTESIAN_POINT('',(10.125,-11.5,95.75));
#4136 = LINE('',#4137,#4138);
#4137 = CARTESIAN_POINT('',(10.125,-11.5,95.75));
#4138 = VECTOR('',#4139,1.);
#4139 = DIRECTION('',(0.,0.,-1.));
#4140 = ORIENTED_EDGE('',*,*,#4141,.F.);
#4141 = EDGE_CURVE('',#4142,#4134,#4144,.T.);
#4142 = VERTEX_POINT('',#4143);
#4143 = CARTESIAN_POINT('',(11.925,-11.5,95.75));
#4144 = LINE('',#4145,#4146);
#4145 = CARTESIAN_POINT('',(11.925,-11.5,95.75));
#4146 = VECTOR('',#4147,1.);
#4147 = DIRECTION('',(-1.,0.,0.));
#4148 = ORIENTED_EDGE('',*,*,#4149,.F.);
#4149 = EDGE_CURVE('',#4150,#4142,#4152,.T.);
#4150 = VERTEX_POINT('',#4151);
#4151 = CARTESIAN_POINT('',(11.925,-11.5,88.261301223002));
#4152 = LINE('',#4153,#4154);
#4153 = CARTESIAN_POINT('',(11.925,-11.5,88.261301223002));
#4154 = VECTOR('',#4155,1.);
#4155 = DIRECTION('',(0.,0.,1.));
#4156 = ORIENTED_EDGE('',*,*,#4157,.F.);
#4157 = EDGE_CURVE('',#4158,#4150,#4160,.T.);
#4158 = VERTEX_POINT('',#4159);
#4159 = CARTESIAN_POINT('',(11.556429854946,-11.5,87.587603753613));
#4160 = CIRCLE('',#4161,0.8);
#4161 = AXIS2_PLACEMENT_3D('',#4162,#4163,#4164);
#4162 = CARTESIAN_POINT('',(11.125,-11.5,88.261301223002));
#4163 = DIRECTION('',(0.,-1.,0.));
#4164 = DIRECTION('',(1.,0.,0.));
#4165 = ORIENTED_EDGE('',*,*,#4166,.F.);
#4166 = EDGE_CURVE('',#4167,#4158,#4169,.T.);
#4167 = VERTEX_POINT('',#4168);
#4168 = CARTESIAN_POINT('',(7.75,-11.5,85.15));
#4169 = LINE('',#4170,#4171);
#4170 = CARTESIAN_POINT('',(7.75,-11.5,85.15));
#4171 = VECTOR('',#4172,1.);
#4172 = DIRECTION('',(0.842121836736,0.,0.539287318683));
#4173 = ORIENTED_EDGE('',*,*,#4174,.F.);
#4174 = EDGE_CURVE('',#4175,#4167,#4177,.T.);
#4175 = VERTEX_POINT('',#4176);
#4176 = CARTESIAN_POINT('',(16.535728974092,-11.5,79.523697469389));
#4177 = LINE('',#4178,#4179);
#4178 = CARTESIAN_POINT('',(16.535728974092,-11.5,79.523697469389));
#4179 = VECTOR('',#4180,1.);
#4180 = DIRECTION('',(-0.842121836736,0.,0.539287318683));
#4181 = ORIENTED_EDGE('',*,*,#4182,.F.);
#4182 = EDGE_CURVE('',#4183,#4175,#4185,.T.);
#4183 = VERTEX_POINT('',#4184);
#4184 = CARTESIAN_POINT('',(16.535728974092,-11.5,78.176302530611));
#4185 = CIRCLE('',#4186,0.8);
#4186 = AXIS2_PLACEMENT_3D('',#4187,#4188,#4189);
#4187 = CARTESIAN_POINT('',(16.104299119146,-11.5,78.85));
#4188 = DIRECTION('',(0.,-1.,0.));
#4189 = DIRECTION('',(1.,0.,0.));
#4190 = ORIENTED_EDGE('',*,*,#4191,.F.);
#4191 = EDGE_CURVE('',#4192,#4183,#4194,.T.);
#4192 = VERTEX_POINT('',#4193);
#4193 = CARTESIAN_POINT('',(11.925,-11.5,75.223632789558));
#4194 = LINE('',#4195,#4196);
#4195 = CARTESIAN_POINT('',(11.925,-11.5,75.223632789558));
#4196 = VECTOR('',#4197,1.);
#4197 = DIRECTION('',(0.842121836736,0.,0.539287318683));
#4198 = ORIENTED_EDGE('',*,*,#4199,.F.);
#4199 = EDGE_CURVE('',#4076,#4192,#4200,.T.);
#4200 = LINE('',#4201,#4202);
#4201 = CARTESIAN_POINT('',(11.925,-11.5,68.25));
#4202 = VECTOR('',#4203,1.);
#4203 = DIRECTION('',(0.,0.,1.));
#4204 = FACE_BOUND('',#4205,.T.);
#4205 = EDGE_LOOP('',(#4206,#4216,#4224,#4232,#4240,#4248,#4257));
#4206 = ORIENTED_EDGE('',*,*,#4207,.F.);
#4207 = EDGE_CURVE('',#4208,#4210,#4212,.T.);
#4208 = VERTEX_POINT('',#4209);
#4209 = CARTESIAN_POINT('',(9.5,-11.5,91.4));
#4210 = VERTEX_POINT('',#4211);
#4211 = CARTESIAN_POINT('',(9.5,-11.5,94.));
#4212 = LINE('',#4213,#4214);
#4213 = CARTESIAN_POINT('',(9.5,-11.5,91.4));
#4214 = VECTOR('',#4215,1.);
#4215 = DIRECTION('',(0.,0.,1.));
#4216 = ORIENTED_EDGE('',*,*,#4217,.T.);
#4217 = EDGE_CURVE('',#4208,#4218,#4220,.T.);
#4218 = VERTEX_POINT('',#4219);
#4219 = CARTESIAN_POINT('',(3.6,-11.5,91.4));
#4220 = LINE('',#4221,#4222);
#4221 = CARTESIAN_POINT('',(9.5,-11.5,91.4));
#4222 = VECTOR('',#4223,1.);
#4223 = DIRECTION('',(-1.,0.,0.));
#4224 = ORIENTED_EDGE('',*,*,#4225,.T.);
#4225 = EDGE_CURVE('',#4218,#4226,#4228,.T.);
#4226 = VERTEX_POINT('',#4227);
#4227 = CARTESIAN_POINT('',(3.6,-11.5,82.6));
#4228 = LINE('',#4229,#4230);
#4229 = CARTESIAN_POINT('',(3.6,-11.5,91.4));
#4230 = VECTOR('',#4231,1.);
#4231 = DIRECTION('',(0.,0.,-1.));
#4232 = ORIENTED_EDGE('',*,*,#4233,.F.);
#4233 = EDGE_CURVE('',#4234,#4226,#4236,.T.);
#4234 = VERTEX_POINT('',#4235);
#4235 = CARTESIAN_POINT('',(1.,-11.5,82.6));
#4236 = LINE('',#4237,#4238);
#4237 = CARTESIAN_POINT('',(1.,-11.5,82.6));
#4238 = VECTOR('',#4239,1.);
#4239 = DIRECTION('',(1.,0.,0.));
#4240 = ORIENTED_EDGE('',*,*,#4241,.F.);
#4241 = EDGE_CURVE('',#4242,#4234,#4244,.T.);
#4242 = VERTEX_POINT('',#4243);
#4243 = CARTESIAN_POINT('',(1.,-11.5,92.25));
#4244 = LINE('',#4245,#4246);
#4245 = CARTESIAN_POINT('',(1.,-11.5,92.25));
#4246 = VECTOR('',#4247,1.);
#4247 = DIRECTION('',(0.,0.,-1.));
#4248 = ORIENTED_EDGE('',*,*,#4249,.F.);
#4249 = EDGE_CURVE('',#4250,#4242,#4252,.T.);
#4250 = VERTEX_POINT('',#4251);
#4251 = CARTESIAN_POINT('',(2.75,-11.5,94.));
#4252 = CIRCLE('',#4253,1.75);
#4253 = AXIS2_PLACEMENT_3D('',#4254,#4255,#4256);
#4254 = CARTESIAN_POINT('',(2.75,-11.5,92.25));
#4255 = DIRECTION('',(0.,-1.,0.));
#4256 = DIRECTION('',(1.,0.,0.));
#4257 = ORIENTED_EDGE('',*,*,#4258,.F.);
#4258 = EDGE_CURVE('',#4210,#4250,#4259,.T.);
#4259 = LINE('',#4260,#4261);
#4260 = CARTESIAN_POINT('',(9.5,-11.5,94.));
#4261 = VECTOR('',#4262,1.);
#4262 = DIRECTION('',(-1.,0.,0.));
#4263 = FACE_BOUND('',#4264,.T.);
#4264 = EDGE_LOOP('',(#4265,#4275,#4283,#4291,#4299,#4307,#4315));
#4265 = ORIENTED_EDGE('',*,*,#4266,.F.);
#4266 = EDGE_CURVE('',#4267,#4269,#4271,.T.);
#4267 = VERTEX_POINT('',#4268);
#4268 = CARTESIAN_POINT('',(1.,-11.5,81.4));
#4269 = VERTEX_POINT('',#4270);
#4270 = CARTESIAN_POINT('',(1.,-11.5,71.75));
#4271 = LINE('',#4272,#4273);
#4272 = CARTESIAN_POINT('',(1.,-11.5,81.4));
#4273 = VECTOR('',#4274,1.);
#4274 = DIRECTION('',(0.,0.,-1.));
#4275 = ORIENTED_EDGE('',*,*,#4276,.T.);
#4276 = EDGE_CURVE('',#4267,#4277,#4279,.T.);
#4277 = VERTEX_POINT('',#4278);
#4278 = CARTESIAN_POINT('',(3.6,-11.5,81.4));
#4279 = LINE('',#4280,#4281);
#4280 = CARTESIAN_POINT('',(1.,-11.5,81.4));
#4281 = VECTOR('',#4282,1.);
#4282 = DIRECTION('',(1.,0.,0.));
#4283 = ORIENTED_EDGE('',*,*,#4284,.T.);
#4284 = EDGE_CURVE('',#4277,#4285,#4287,.T.);
#4285 = VERTEX_POINT('',#4286);
#4286 = CARTESIAN_POINT('',(3.6,-11.5,72.6));
#4287 = LINE('',#4288,#4289);
#4288 = CARTESIAN_POINT('',(3.6,-11.5,81.4));
#4289 = VECTOR('',#4290,1.);
#4290 = DIRECTION('',(0.,0.,-1.));
#4291 = ORIENTED_EDGE('',*,*,#4292,.T.);
#4292 = EDGE_CURVE('',#4285,#4293,#4295,.T.);
#4293 = VERTEX_POINT('',#4294);
#4294 = CARTESIAN_POINT('',(9.5,-11.5,72.6));
#4295 = LINE('',#4296,#4297);
#4296 = CARTESIAN_POINT('',(3.6,-11.5,72.6));
#4297 = VECTOR('',#4298,1.);
#4298 = DIRECTION('',(1.,0.,0.));
#4299 = ORIENTED_EDGE('',*,*,#4300,.T.);
#4300 = EDGE_CURVE('',#4293,#4301,#4303,.T.);
#4301 = VERTEX_POINT('',#4302);
#4302 = CARTESIAN_POINT('',(9.5,-11.5,70.));
#4303 = LINE('',#4304,#4305);
#4304 = CARTESIAN_POINT('',(9.5,-11.5,72.6));
#4305 = VECTOR('',#4306,1.);
#4306 = DIRECTION('',(0.,0.,-1.));
#4307 = ORIENTED_EDGE('',*,*,#4308,.F.);
#4308 = EDGE_CURVE('',#4309,#4301,#4311,.T.);
#4309 = VERTEX_POINT('',#4310);
#4310 = CARTESIAN_POINT('',(2.75,-11.5,70.));
#4311 = LINE('',#4312,#4313);
#4312 = CARTESIAN_POINT('',(2.75,-11.5,70.));
#4313 = VECTOR('',#4314,1.);
#4314 = DIRECTION('',(1.,0.,0.));
#4315 = ORIENTED_EDGE('',*,*,#4316,.F.);
#4316 = EDGE_CURVE('',#4269,#4309,#4317,.T.);
#4317 = CIRCLE('',#4318,1.75);
#4318 = AXIS2_PLACEMENT_3D('',#4319,#4320,#4321);
#4319 = CARTESIAN_POINT('',(2.75,-11.5,71.75));
#4320 = DIRECTION('',(0.,-1.,0.));
#4321 = DIRECTION('',(1.,0.,0.));
#4322 = FACE_BOUND('',#4323,.T.);
#4323 = EDGE_LOOP('',(#4324,#4334,#4342,#4350,#4358,#4366,#4374,#4382,
    #4390,#4398,#4406,#4414,#4422,#4430,#4438,#4446,#4454,#4462,#4470));
#4324 = ORIENTED_EDGE('',*,*,#4325,.T.);
#4325 = EDGE_CURVE('',#4326,#4328,#4330,.T.);
#4326 = VERTEX_POINT('',#4327);
#4327 = CARTESIAN_POINT('',(5.75,-11.5,50.693704044118));
#4328 = VERTEX_POINT('',#4329);
#4329 = CARTESIAN_POINT('',(5.75,-11.5,52.656020220588));
#4330 = LINE('',#4331,#4332);
#4331 = CARTESIAN_POINT('',(5.75,-11.5,50.693704044118));
#4332 = VECTOR('',#4333,1.);
#4333 = DIRECTION('',(0.,0.,1.));
#4334 = ORIENTED_EDGE('',*,*,#4335,.T.);
#4335 = EDGE_CURVE('',#4328,#4336,#4338,.T.);
#4336 = VERTEX_POINT('',#4337);
#4337 = CARTESIAN_POINT('',(11.065946691176,-11.5,52.656020220588));
#4338 = LINE('',#4339,#4340);
#4339 = CARTESIAN_POINT('',(5.75,-11.5,52.656020220588));
#4340 = VECTOR('',#4341,1.);
#4341 = DIRECTION('',(1.,0.,0.));
#4342 = ORIENTED_EDGE('',*,*,#4343,.T.);
#4343 = EDGE_CURVE('',#4336,#4344,#4346,.T.);
#4344 = VERTEX_POINT('',#4345);
#4345 = CARTESIAN_POINT('',(12.406862745098,-11.5,53.653262867647));
#4346 = B_SPLINE_CURVE_WITH_KNOTS('',2,(#4347,#4348,#4349),
  .UNSPECIFIED.,.F.,.F.,(3,3),(0.,1.),.PIECEWISE_BEZIER_KNOTS.);
#4347 = CARTESIAN_POINT('',(11.065946691176,-11.5,52.656020220588));
#4348 = CARTESIAN_POINT('',(12.406862745098,-11.5,52.656020220588));
#4349 = CARTESIAN_POINT('',(12.406862745098,-11.5,53.653262867647));
#4350 = ORIENTED_EDGE('',*,*,#4351,.T.);
#4351 = EDGE_CURVE('',#4344,#4352,#4354,.T.);
#4352 = VERTEX_POINT('',#4353);
#4353 = CARTESIAN_POINT('',(12.005284926471,-11.5,54.606541053922));
#4354 = B_SPLINE_CURVE_WITH_KNOTS('',2,(#4355,#4356,#4357),
  .UNSPECIFIED.,.F.,.F.,(3,3),(0.,1.),.PIECEWISE_BEZIER_KNOTS.);
#4355 = CARTESIAN_POINT('',(12.406862745098,-11.5,53.653262867647));
#4356 = CARTESIAN_POINT('',(12.406862745098,-11.5,54.151884191176));
#4357 = CARTESIAN_POINT('',(12.005284926471,-11.5,54.606541053922));
#4358 = ORIENTED_EDGE('',*,*,#4359,.T.);
#4359 = EDGE_CURVE('',#4352,#4360,#4362,.T.);
#4360 = VERTEX_POINT('',#4361);
#4361 = CARTESIAN_POINT('',(10.913143382353,-11.5,55.567325367647));
#4362 = B_SPLINE_CURVE_WITH_KNOTS('',2,(#4363,#4364,#4365),
  .UNSPECIFIED.,.F.,.F.,(3,3),(0.,1.),.PIECEWISE_BEZIER_KNOTS.);
#4363 = CARTESIAN_POINT('',(12.005284926471,-11.5,54.606541053922));
#4364 = CARTESIAN_POINT('',(11.603707107843,-11.5,55.060661764706));
#4365 = CARTESIAN_POINT('',(10.913143382353,-11.5,55.567325367647));
#4366 = ORIENTED_EDGE('',*,*,#4367,.T.);
#4367 = EDGE_CURVE('',#4360,#4368,#4370,.T.);
#4368 = VERTEX_POINT('',#4369);
#4369 = CARTESIAN_POINT('',(5.75,-11.5,55.567325367647));
#4370 = LINE('',#4371,#4372);
#4371 = CARTESIAN_POINT('',(10.913143382353,-11.5,55.567325367647));
#4372 = VECTOR('',#4373,1.);
#4373 = DIRECTION('',(-1.,0.,0.));
#4374 = ORIENTED_EDGE('',*,*,#4375,.T.);
#4375 = EDGE_CURVE('',#4368,#4376,#4378,.T.);
#4376 = VERTEX_POINT('',#4377);
#4377 = CARTESIAN_POINT('',(5.75,-11.5,57.529641544118));
#4378 = LINE('',#4379,#4380);
#4379 = CARTESIAN_POINT('',(5.75,-11.5,55.567325367647));
#4380 = VECTOR('',#4381,1.);
#4381 = DIRECTION('',(0.,0.,1.));
#4382 = ORIENTED_EDGE('',*,*,#4383,.T.);
#4383 = EDGE_CURVE('',#4376,#4384,#4386,.T.);
#4384 = VERTEX_POINT('',#4385);
#4385 = CARTESIAN_POINT('',(13.916666666667,-11.5,57.529641544118));
#4386 = LINE('',#4387,#4388);
#4387 = CARTESIAN_POINT('',(5.75,-11.5,57.529641544118));
#4388 = VECTOR('',#4389,1.);
#4389 = DIRECTION('',(1.,0.,0.));
#4390 = ORIENTED_EDGE('',*,*,#4391,.T.);
#4391 = EDGE_CURVE('',#4384,#4392,#4394,.T.);
#4392 = VERTEX_POINT('',#4393);
#4393 = CARTESIAN_POINT('',(13.916666666667,-11.5,55.832720588235));
#4394 = LINE('',#4395,#4396);
#4395 = CARTESIAN_POINT('',(13.916666666667,-11.5,57.529641544118));
#4396 = VECTOR('',#4397,1.);
#4397 = DIRECTION('',(0.,0.,-1.));
#4398 = ORIENTED_EDGE('',*,*,#4399,.T.);
#4399 = EDGE_CURVE('',#4392,#4400,#4402,.T.);
#4400 = VERTEX_POINT('',#4401);
#4401 = CARTESIAN_POINT('',(12.710860906863,-11.5,55.784466911765));
#4402 = LINE('',#4403,#4404);
#4403 = CARTESIAN_POINT('',(13.916666666667,-11.5,55.832720588235));
#4404 = VECTOR('',#4405,1.);
#4405 = DIRECTION('',(-0.999200248841,0.,-3.998578141206E-02));
#4406 = ORIENTED_EDGE('',*,*,#4407,.T.);
#4407 = EDGE_CURVE('',#4400,#4408,#4410,.T.);
#4408 = VERTEX_POINT('',#4409);
#4409 = CARTESIAN_POINT('',(13.279181985294,-11.5,55.266007965686));
#4410 = B_SPLINE_CURVE_WITH_KNOTS('',2,(#4411,#4412,#4413),
  .UNSPECIFIED.,.F.,.F.,(3,3),(0.,1.),.PIECEWISE_BEZIER_KNOTS.);
#4411 = CARTESIAN_POINT('',(12.710860906863,-11.5,55.784466911765));
#4412 = CARTESIAN_POINT('',(13.0234375,-11.5,55.53515625));
#4413 = CARTESIAN_POINT('',(13.279181985294,-11.5,55.266007965686));
#4414 = ORIENTED_EDGE('',*,*,#4415,.T.);
#4415 = EDGE_CURVE('',#4408,#4416,#4418,.T.);
#4416 = VERTEX_POINT('',#4417);
#4417 = CARTESIAN_POINT('',(13.715609681373,-11.5,54.682674632353));
#4418 = B_SPLINE_CURVE_WITH_KNOTS('',2,(#4419,#4420,#4421),
  .UNSPECIFIED.,.F.,.F.,(3,3),(0.,1.),.PIECEWISE_BEZIER_KNOTS.);
#4419 = CARTESIAN_POINT('',(13.279181985294,-11.5,55.266007965686));
#4420 = CARTESIAN_POINT('',(13.535462622549,-11.5,54.996323529412));
#4421 = CARTESIAN_POINT('',(13.715609681373,-11.5,54.682674632353));
#4422 = ORIENTED_EDGE('',*,*,#4423,.T.);
#4423 = EDGE_CURVE('',#4416,#4424,#4426,.T.);
#4424 = VERTEX_POINT('',#4425);
#4425 = CARTESIAN_POINT('',(13.992264093137,-11.5,54.007123161765));
#4426 = B_SPLINE_CURVE_WITH_KNOTS('',2,(#4427,#4428,#4429),
  .UNSPECIFIED.,.F.,.F.,(3,3),(0.,1.),.PIECEWISE_BEZIER_KNOTS.);
#4427 = CARTESIAN_POINT('',(13.715609681373,-11.5,54.682674632353));
#4428 = CARTESIAN_POINT('',(13.896292892157,-11.5,54.369025735294));
#4429 = CARTESIAN_POINT('',(13.992264093137,-11.5,54.007123161765));
#4430 = ORIENTED_EDGE('',*,*,#4431,.T.);
#4431 = EDGE_CURVE('',#4424,#4432,#4434,.T.);
#4432 = VERTEX_POINT('',#4433);
#4433 = CARTESIAN_POINT('',(14.088235294118,-11.5,53.194852941176));
#4434 = B_SPLINE_CURVE_WITH_KNOTS('',2,(#4435,#4436,#4437),
  .UNSPECIFIED.,.F.,.F.,(3,3),(0.,1.),.PIECEWISE_BEZIER_KNOTS.);
#4435 = CARTESIAN_POINT('',(13.992264093137,-11.5,54.007123161765));
#4436 = CARTESIAN_POINT('',(14.088235294118,-11.5,53.645220588235));
#4437 = CARTESIAN_POINT('',(14.088235294118,-11.5,53.194852941176));
#4438 = ORIENTED_EDGE('',*,*,#4439,.T.);
#4439 = EDGE_CURVE('',#4432,#4440,#4442,.T.);
#4440 = VERTEX_POINT('',#4441);
#4441 = CARTESIAN_POINT('',(13.883425245098,-11.5,52.101102941176));
#4442 = B_SPLINE_CURVE_WITH_KNOTS('',2,(#4443,#4444,#4445),
  .UNSPECIFIED.,.F.,.F.,(3,3),(0.,1.),.PIECEWISE_BEZIER_KNOTS.);
#4443 = CARTESIAN_POINT('',(14.088235294118,-11.5,53.194852941176));
#4444 = CARTESIAN_POINT('',(14.088235294118,-11.5,52.567555147059));
#4445 = CARTESIAN_POINT('',(13.883425245098,-11.5,52.101102941176));
#4446 = ORIENTED_EDGE('',*,*,#4447,.T.);
#4447 = EDGE_CURVE('',#4440,#4448,#4450,.T.);
#4448 = VERTEX_POINT('',#4449);
#4449 = CARTESIAN_POINT('',(13.304917279412,-11.5,51.321001838235));
#4450 = B_SPLINE_CURVE_WITH_KNOTS('',2,(#4451,#4452,#4453),
  .UNSPECIFIED.,.F.,.F.,(3,3),(0.,1.),.PIECEWISE_BEZIER_KNOTS.);
#4451 = CARTESIAN_POINT('',(13.883425245098,-11.5,52.101102941176));
#4452 = CARTESIAN_POINT('',(13.678615196078,-11.5,51.634650735294));
#4453 = CARTESIAN_POINT('',(13.304917279412,-11.5,51.321001838235));
#4454 = ORIENTED_EDGE('',*,*,#4455,.T.);
#4455 = EDGE_CURVE('',#4448,#4456,#4458,.T.);
#4456 = VERTEX_POINT('',#4457);
#4457 = CARTESIAN_POINT('',(12.405254289216,-11.5,50.850796568627));
#4458 = B_SPLINE_CURVE_WITH_KNOTS('',2,(#4459,#4460,#4461),
  .UNSPECIFIED.,.F.,.F.,(3,3),(0.,1.),.PIECEWISE_BEZIER_KNOTS.);
#4459 = CARTESIAN_POINT('',(13.304917279412,-11.5,51.321001838235));
#4460 = CARTESIAN_POINT('',(12.931755514706,-11.5,51.007352941176));
#4461 = CARTESIAN_POINT('',(12.405254289216,-11.5,50.850796568627));
#4462 = ORIENTED_EDGE('',*,*,#4463,.T.);
#4463 = EDGE_CURVE('',#4456,#4464,#4466,.T.);
#4464 = VERTEX_POINT('',#4465);
#4465 = CARTESIAN_POINT('',(11.228400735294,-11.5,50.693704044118));
#4466 = B_SPLINE_CURVE_WITH_KNOTS('',2,(#4467,#4468,#4469),
  .UNSPECIFIED.,.F.,.F.,(3,3),(0.,1.),.PIECEWISE_BEZIER_KNOTS.);
#4467 = CARTESIAN_POINT('',(12.405254289216,-11.5,50.850796568627));
#4468 = CARTESIAN_POINT('',(11.879289215686,-11.5,50.693704044118));
#4469 = CARTESIAN_POINT('',(11.228400735294,-11.5,50.693704044118));
#4470 = ORIENTED_EDGE('',*,*,#4471,.T.);
#4471 = EDGE_CURVE('',#4464,#4326,#4472,.T.);
#4472 = LINE('',#4473,#4474);
#4473 = CARTESIAN_POINT('',(11.228400735294,-11.5,50.693704044118));
#4474 = VECTOR('',#4475,1.);
#4475 = DIRECTION('',(-1.,0.,0.));
#4476 = FACE_BOUND('',#4477,.T.);
#4477 = EDGE_LOOP('',(#4478,#4488,#4496,#4504,#4512,#4520,#4528,#4536,
    #4544,#4552,#4560,#4568,#4576,#4584,#4592,#4600,#4608,#4616,#4624,
    #4632,#4640,#4648,#4656,#4664,#4672,#4680,#4688,#4696,#4704,#4712,
    #4720,#4728,#4736,#4744,#4752,#4760,#4768,#4776));
#4478 = ORIENTED_EDGE('',*,*,#4479,.T.);
#4479 = EDGE_CURVE('',#4480,#4482,#4484,.T.);
#4480 = VERTEX_POINT('',#4481);
#4481 = CARTESIAN_POINT('',(9.002833946078,-11.5,41.860064338235));
#4482 = VERTEX_POINT('',#4483);
#4483 = CARTESIAN_POINT('',(8.161075367647,-11.5,41.731387867647));
#4484 = B_SPLINE_CURVE_WITH_KNOTS('',2,(#4485,#4486,#4487),
  .UNSPECIFIED.,.F.,.F.,(3,3),(0.,1.),.PIECEWISE_BEZIER_KNOTS.);
#4485 = CARTESIAN_POINT('',(9.002833946078,-11.5,41.860064338235));
#4486 = CARTESIAN_POINT('',(8.633961397059,-11.5,41.731387867647));
#4487 = CARTESIAN_POINT('',(8.161075367647,-11.5,41.731387867647));
#4488 = ORIENTED_EDGE('',*,*,#4489,.T.);
#4489 = EDGE_CURVE('',#4482,#4490,#4492,.T.);
#4490 = VERTEX_POINT('',#4491);
#4491 = CARTESIAN_POINT('',(6.969745710784,-11.5,42.04128370098));
#4492 = B_SPLINE_CURVE_WITH_KNOTS('',2,(#4493,#4494,#4495),
  .UNSPECIFIED.,.F.,.F.,(3,3),(0.,1.),.PIECEWISE_BEZIER_KNOTS.);
#4493 = CARTESIAN_POINT('',(8.161075367647,-11.5,41.731387867647));
#4494 = CARTESIAN_POINT('',(7.463005514706,-11.5,41.731387867647));
#4495 = CARTESIAN_POINT('',(6.969745710784,-11.5,42.04128370098));
#4496 = ORIENTED_EDGE('',*,*,#4497,.T.);
#4497 = EDGE_CURVE('',#4490,#4498,#4500,.T.);
#4498 = VERTEX_POINT('',#4499);
#4499 = CARTESIAN_POINT('',(6.167662377451,-11.5,42.86159620098));
#4500 = B_SPLINE_CURVE_WITH_KNOTS('',2,(#4501,#4502,#4503),
  .UNSPECIFIED.,.F.,.F.,(3,3),(0.,1.),.PIECEWISE_BEZIER_KNOTS.);
#4501 = CARTESIAN_POINT('',(6.969745710784,-11.5,42.04128370098));
#4502 = CARTESIAN_POINT('',(6.476485906863,-11.5,42.350643382353));
#4503 = CARTESIAN_POINT('',(6.167662377451,-11.5,42.86159620098));
#4504 = ORIENTED_EDGE('',*,*,#4505,.T.);
#4505 = EDGE_CURVE('',#4498,#4506,#4508,.T.);
#4506 = VERTEX_POINT('',#4507);
#4507 = CARTESIAN_POINT('',(5.718903186275,-11.5,44.019684436275));
#4508 = B_SPLINE_CURVE_WITH_KNOTS('',2,(#4509,#4510,#4511),
  .UNSPECIFIED.,.F.,.F.,(3,3),(0.,1.),.PIECEWISE_BEZIER_KNOTS.);
#4509 = CARTESIAN_POINT('',(6.167662377451,-11.5,42.86159620098));
#4510 = CARTESIAN_POINT('',(5.859375,-11.5,43.372012867647));
#4511 = CARTESIAN_POINT('',(5.718903186275,-11.5,44.019684436275));
#4512 = ORIENTED_EDGE('',*,*,#4513,.T.);
#4513 = EDGE_CURVE('',#4506,#4514,#4516,.T.);
#4514 = VERTEX_POINT('',#4515);
#4515 = CARTESIAN_POINT('',(5.578431372549,-11.5,45.342371323529));
#4516 = B_SPLINE_CURVE_WITH_KNOTS('',2,(#4517,#4518,#4519),
  .UNSPECIFIED.,.F.,.F.,(3,3),(0.,1.),.PIECEWISE_BEZIER_KNOTS.);
#4517 = CARTESIAN_POINT('',(5.718903186275,-11.5,44.019684436275));
#4518 = CARTESIAN_POINT('',(5.578431372549,-11.5,44.666819852941));
#4519 = CARTESIAN_POINT('',(5.578431372549,-11.5,45.342371323529));
#4520 = ORIENTED_EDGE('',*,*,#4521,.T.);
#4521 = EDGE_CURVE('',#4514,#4522,#4524,.T.);
#4522 = VERTEX_POINT('',#4523);
#4523 = CARTESIAN_POINT('',(5.657781862745,-11.5,46.966911764706));
#4524 = B_SPLINE_CURVE_WITH_KNOTS('',2,(#4525,#4526,#4527),
  .UNSPECIFIED.,.F.,.F.,(3,3),(0.,1.),.PIECEWISE_BEZIER_KNOTS.);
#4525 = CARTESIAN_POINT('',(5.578431372549,-11.5,45.342371323529));
#4526 = CARTESIAN_POINT('',(5.578431372549,-11.5,46.243106617647));
#4527 = CARTESIAN_POINT('',(5.657781862745,-11.5,46.966911764706));
#4528 = ORIENTED_EDGE('',*,*,#4529,.T.);
#4529 = EDGE_CURVE('',#4522,#4530,#4532,.T.);
#4530 = VERTEX_POINT('',#4531);
#4531 = CARTESIAN_POINT('',(5.887254901961,-11.5,48.334099264706));
#4532 = B_SPLINE_CURVE_WITH_KNOTS('',2,(#4533,#4534,#4535),
  .UNSPECIFIED.,.F.,.F.,(3,3),(0.,1.),.PIECEWISE_BEZIER_KNOTS.);
#4533 = CARTESIAN_POINT('',(5.657781862745,-11.5,46.966911764706));
#4534 = CARTESIAN_POINT('',(5.73659620098,-11.5,47.690716911765));
#4535 = CARTESIAN_POINT('',(5.887254901961,-11.5,48.334099264706));
#4536 = ORIENTED_EDGE('',*,*,#4537,.T.);
#4537 = EDGE_CURVE('',#4530,#4538,#4540,.T.);
#4538 = VERTEX_POINT('',#4539);
#4539 = CARTESIAN_POINT('',(7.671568627451,-11.5,48.334099264706));
#4540 = LINE('',#4541,#4542);
#4541 = CARTESIAN_POINT('',(5.887254901961,-11.5,48.334099264706));
#4542 = VECTOR('',#4543,1.);
#4543 = DIRECTION('',(1.,0.,0.));
#4544 = ORIENTED_EDGE('',*,*,#4545,.T.);
#4545 = EDGE_CURVE('',#4538,#4546,#4548,.T.);
#4546 = VERTEX_POINT('',#4547);
#4547 = CARTESIAN_POINT('',(7.226026348039,-11.5,46.82643995098));
#4548 = B_SPLINE_CURVE_WITH_KNOTS('',2,(#4549,#4550,#4551),
  .UNSPECIFIED.,.F.,.F.,(3,3),(0.,1.),.PIECEWISE_BEZIER_KNOTS.);
#4549 = CARTESIAN_POINT('',(7.671568627451,-11.5,48.334099264706));
#4550 = CARTESIAN_POINT('',(7.364353553922,-11.5,47.578125));
#4551 = CARTESIAN_POINT('',(7.226026348039,-11.5,46.82643995098));
#4552 = ORIENTED_EDGE('',*,*,#4553,.T.);
#4553 = EDGE_CURVE('',#4546,#4554,#4556,.T.);
#4554 = VERTEX_POINT('',#4555);
#4555 = CARTESIAN_POINT('',(7.088235294118,-11.5,45.406709558824));
#4556 = B_SPLINE_CURVE_WITH_KNOTS('',2,(#4557,#4558,#4559),
  .UNSPECIFIED.,.F.,.F.,(3,3),(0.,1.),.PIECEWISE_BEZIER_KNOTS.);
#4557 = CARTESIAN_POINT('',(7.226026348039,-11.5,46.82643995098));
#4558 = CARTESIAN_POINT('',(7.088235294118,-11.5,46.07421875));
#4559 = CARTESIAN_POINT('',(7.088235294118,-11.5,45.406709558824));
#4560 = ORIENTED_EDGE('',*,*,#4561,.T.);
#4561 = EDGE_CURVE('',#4554,#4562,#4564,.T.);
#4562 = VERTEX_POINT('',#4563);
#4563 = CARTESIAN_POINT('',(7.330039828431,-11.5,44.252910539216));
#4564 = B_SPLINE_CURVE_WITH_KNOTS('',2,(#4565,#4566,#4567),
  .UNSPECIFIED.,.F.,.F.,(3,3),(0.,1.),.PIECEWISE_BEZIER_KNOTS.);
#4565 = CARTESIAN_POINT('',(7.088235294118,-11.5,45.406709558824));
#4566 = CARTESIAN_POINT('',(7.088235294118,-11.5,44.634650735294));
#4567 = CARTESIAN_POINT('',(7.330039828431,-11.5,44.252910539216));
#4568 = ORIENTED_EDGE('',*,*,#4569,.T.);
#4569 = EDGE_CURVE('',#4562,#4570,#4572,.T.);
#4570 = VERTEX_POINT('',#4571);
#4571 = CARTESIAN_POINT('',(7.960554534314,-11.5,43.870634191176));
#4572 = B_SPLINE_CURVE_WITH_KNOTS('',2,(#4573,#4574,#4575),
  .UNSPECIFIED.,.F.,.F.,(3,3),(0.,1.),.PIECEWISE_BEZIER_KNOTS.);
#4573 = CARTESIAN_POINT('',(7.330039828431,-11.5,44.252910539216));
#4574 = CARTESIAN_POINT('',(7.571844362745,-11.5,43.870634191176));
#4575 = CARTESIAN_POINT('',(7.960554534314,-11.5,43.870634191176));
#4576 = ORIENTED_EDGE('',*,*,#4577,.T.);
#4577 = EDGE_CURVE('',#4570,#4578,#4580,.T.);
#4578 = VERTEX_POINT('',#4579);
#4579 = CARTESIAN_POINT('',(8.297257965686,-11.5,43.951056985294));
#4580 = B_SPLINE_CURVE_WITH_KNOTS('',2,(#4581,#4582,#4583),
  .UNSPECIFIED.,.F.,.F.,(3,3),(0.,1.),.PIECEWISE_BEZIER_KNOTS.);
#4581 = CARTESIAN_POINT('',(7.960554534314,-11.5,43.870634191176));
#4582 = CARTESIAN_POINT('',(8.144990808824,-11.5,43.870634191176));
#4583 = CARTESIAN_POINT('',(8.297257965686,-11.5,43.951056985294));
#4584 = ORIENTED_EDGE('',*,*,#4585,.T.);
#4585 = EDGE_CURVE('',#4578,#4586,#4588,.T.);
#4586 = VERTEX_POINT('',#4587);
#4587 = CARTESIAN_POINT('',(8.589996936275,-11.5,44.252910539216));
#4588 = B_SPLINE_CURVE_WITH_KNOTS('',2,(#4589,#4590,#4591),
  .UNSPECIFIED.,.F.,.F.,(3,3),(0.,1.),.PIECEWISE_BEZIER_KNOTS.);
#4589 = CARTESIAN_POINT('',(8.297257965686,-11.5,43.951056985294));
#4590 = CARTESIAN_POINT('',(8.45006127451,-11.5,44.031479779412));
#4591 = CARTESIAN_POINT('',(8.589996936275,-11.5,44.252910539216));
#4592 = ORIENTED_EDGE('',*,*,#4593,.T.);
#4593 = EDGE_CURVE('',#4586,#4594,#4596,.T.);
#4594 = VERTEX_POINT('',#4595);
#4595 = CARTESIAN_POINT('',(8.878982843137,-11.5,44.875919117647));
#4596 = B_SPLINE_CURVE_WITH_KNOTS('',2,(#4597,#4598,#4599),
  .UNSPECIFIED.,.F.,.F.,(3,3),(0.,1.),.PIECEWISE_BEZIER_KNOTS.);
#4597 = CARTESIAN_POINT('',(8.589996936275,-11.5,44.252910539216));
#4598 = CARTESIAN_POINT('',(8.73046875,-11.5,44.473805147059));
#4599 = CARTESIAN_POINT('',(8.878982843137,-11.5,44.875919117647));
#4600 = ORIENTED_EDGE('',*,*,#4601,.T.);
#4601 = EDGE_CURVE('',#4594,#4602,#4604,.T.);
#4602 = VERTEX_POINT('',#4603);
#4603 = CARTESIAN_POINT('',(9.211933210784,-11.5,45.929457720588));
#4604 = B_SPLINE_CURVE_WITH_KNOTS('',2,(#4605,#4606,#4607),
  .UNSPECIFIED.,.F.,.F.,(3,3),(0.,1.),.PIECEWISE_BEZIER_KNOTS.);
#4605 = CARTESIAN_POINT('',(8.878982843137,-11.5,44.875919117647));
#4606 = CARTESIAN_POINT('',(9.027496936275,-11.5,45.278033088235));
#4607 = CARTESIAN_POINT('',(9.211933210784,-11.5,45.929457720588));
#4608 = ORIENTED_EDGE('',*,*,#4609,.T.);
#4609 = EDGE_CURVE('',#4602,#4610,#4612,.T.);
#4610 = VERTEX_POINT('',#4611);
#4611 = CARTESIAN_POINT('',(9.592601102941,-11.5,46.987285539216));
#4612 = B_SPLINE_CURVE_WITH_KNOTS('',2,(#4613,#4614,#4615),
  .UNSPECIFIED.,.F.,.F.,(3,3),(0.,1.),.PIECEWISE_BEZIER_KNOTS.);
#4613 = CARTESIAN_POINT('',(9.211933210784,-11.5,45.929457720588));
#4614 = CARTESIAN_POINT('',(9.380284926471,-11.5,46.532628676471));
#4615 = CARTESIAN_POINT('',(9.592601102941,-11.5,46.987285539216));
#4616 = ORIENTED_EDGE('',*,*,#4617,.T.);
#4617 = EDGE_CURVE('',#4610,#4618,#4620,.T.);
#4618 = VERTEX_POINT('',#4619);
#4619 = CARTESIAN_POINT('',(10.093903186275,-11.5,47.738970588235));
#4620 = B_SPLINE_CURVE_WITH_KNOTS('',2,(#4621,#4622,#4623),
  .UNSPECIFIED.,.F.,.F.,(3,3),(0.,1.),.PIECEWISE_BEZIER_KNOTS.);
#4621 = CARTESIAN_POINT('',(9.592601102941,-11.5,46.987285539216));
#4622 = CARTESIAN_POINT('',(9.805453431373,-11.5,47.44140625));
#4623 = CARTESIAN_POINT('',(10.093903186275,-11.5,47.738970588235));
#4624 = ORIENTED_EDGE('',*,*,#4625,.T.);
#4625 = EDGE_CURVE('',#4618,#4626,#4628,.T.);
#4626 = VERTEX_POINT('',#4627);
#4627 = CARTESIAN_POINT('',(10.763556985294,-11.5,48.185585171569));
#4628 = B_SPLINE_CURVE_WITH_KNOTS('',2,(#4629,#4630,#4631),
  .UNSPECIFIED.,.F.,.F.,(3,3),(0.,1.),.PIECEWISE_BEZIER_KNOTS.);
#4629 = CARTESIAN_POINT('',(10.093903186275,-11.5,47.738970588235));
#4630 = CARTESIAN_POINT('',(10.382889093137,-11.5,48.036534926471));
#4631 = CARTESIAN_POINT('',(10.763556985294,-11.5,48.185585171569));
#4632 = ORIENTED_EDGE('',*,*,#4633,.T.);
#4633 = EDGE_CURVE('',#4626,#4634,#4636,.T.);
#4634 = VERTEX_POINT('',#4635);
#4635 = CARTESIAN_POINT('',(11.657858455882,-11.5,48.334099264706));
#4636 = B_SPLINE_CURVE_WITH_KNOTS('',2,(#4637,#4638,#4639),
  .UNSPECIFIED.,.F.,.F.,(3,3),(0.,1.),.PIECEWISE_BEZIER_KNOTS.);
#4637 = CARTESIAN_POINT('',(10.763556985294,-11.5,48.185585171569));
#4638 = CARTESIAN_POINT('',(11.144761029412,-11.5,48.334099264706));
#4639 = CARTESIAN_POINT('',(11.657858455882,-11.5,48.334099264706));
#4640 = ORIENTED_EDGE('',*,*,#4641,.T.);
#4641 = EDGE_CURVE('',#4634,#4642,#4644,.T.);
#4642 = VERTEX_POINT('',#4643);
#4643 = CARTESIAN_POINT('',(12.596124387255,-11.5,48.108915441176));
#4644 = B_SPLINE_CURVE_WITH_KNOTS('',2,(#4645,#4646,#4647),
  .UNSPECIFIED.,.F.,.F.,(3,3),(0.,1.),.PIECEWISE_BEZIER_KNOTS.);
#4645 = CARTESIAN_POINT('',(11.657858455882,-11.5,48.334099264706));
#4646 = CARTESIAN_POINT('',(12.15540747549,-11.5,48.334099264706));
#4647 = CARTESIAN_POINT('',(12.596124387255,-11.5,48.108915441176));
#4648 = ORIENTED_EDGE('',*,*,#4649,.T.);
#4649 = EDGE_CURVE('',#4642,#4650,#4652,.T.);
#4650 = VERTEX_POINT('',#4651);
#4651 = CARTESIAN_POINT('',(13.370327818627,-11.5,47.437653186275));
#4652 = B_SPLINE_CURVE_WITH_KNOTS('',2,(#4653,#4654,#4655),
  .UNSPECIFIED.,.F.,.F.,(3,3),(0.,1.),.PIECEWISE_BEZIER_KNOTS.);
#4653 = CARTESIAN_POINT('',(12.596124387255,-11.5,48.108915441176));
#4654 = CARTESIAN_POINT('',(13.03737745098,-11.5,47.883731617647));
#4655 = CARTESIAN_POINT('',(13.370327818627,-11.5,47.437653186275));
#4656 = ORIENTED_EDGE('',*,*,#4657,.T.);
#4657 = EDGE_CURVE('',#4650,#4658,#4660,.T.);
#4658 = VERTEX_POINT('',#4659);
#4659 = CARTESIAN_POINT('',(13.895756740196,-11.5,46.323529411765));
#4660 = B_SPLINE_CURVE_WITH_KNOTS('',2,(#4661,#4662,#4663),
  .UNSPECIFIED.,.F.,.F.,(3,3),(0.,1.),.PIECEWISE_BEZIER_KNOTS.);
#4661 = CARTESIAN_POINT('',(13.370327818627,-11.5,47.437653186275));
#4662 = CARTESIAN_POINT('',(13.703278186275,-11.5,46.991038602941));
#4663 = CARTESIAN_POINT('',(13.895756740196,-11.5,46.323529411765));
#4664 = ORIENTED_EDGE('',*,*,#4665,.T.);
#4665 = EDGE_CURVE('',#4658,#4666,#4668,.T.);
#4666 = VERTEX_POINT('',#4667);
#4667 = CARTESIAN_POINT('',(14.088235294118,-11.5,44.763327205882));
#4668 = B_SPLINE_CURVE_WITH_KNOTS('',2,(#4669,#4670,#4671),
  .UNSPECIFIED.,.F.,.F.,(3,3),(0.,1.),.PIECEWISE_BEZIER_KNOTS.);
#4669 = CARTESIAN_POINT('',(13.895756740196,-11.5,46.323529411765));
#4670 = CARTESIAN_POINT('',(14.088235294118,-11.5,45.656020220588));
#4671 = CARTESIAN_POINT('',(14.088235294118,-11.5,44.763327205882));
#4672 = ORIENTED_EDGE('',*,*,#4673,.T.);
#4673 = EDGE_CURVE('',#4666,#4674,#4676,.T.);
#4674 = VERTEX_POINT('',#4675);
#4675 = CARTESIAN_POINT('',(14.013174019608,-11.5,43.396139705882));
#4676 = B_SPLINE_CURVE_WITH_KNOTS('',2,(#4677,#4678,#4679),
  .UNSPECIFIED.,.F.,.F.,(3,3),(0.,1.),.PIECEWISE_BEZIER_KNOTS.);
#4677 = CARTESIAN_POINT('',(14.088235294118,-11.5,44.763327205882));
#4678 = CARTESIAN_POINT('',(14.088235294118,-11.5,43.991268382353));
#4679 = CARTESIAN_POINT('',(14.013174019608,-11.5,43.396139705882));
#4680 = ORIENTED_EDGE('',*,*,#4681,.T.);
#4681 = EDGE_CURVE('',#4674,#4682,#4684,.T.);
#4682 = VERTEX_POINT('',#4683);
#4683 = CARTESIAN_POINT('',(13.848039215686,-11.5,42.342601102941));
#4684 = B_SPLINE_CURVE_WITH_KNOTS('',2,(#4685,#4686,#4687),
  .UNSPECIFIED.,.F.,.F.,(3,3),(0.,1.),.PIECEWISE_BEZIER_KNOTS.);
#4685 = CARTESIAN_POINT('',(14.013174019608,-11.5,43.396139705882));
#4686 = CARTESIAN_POINT('',(13.938112745098,-11.5,42.801011029412));
#4687 = CARTESIAN_POINT('',(13.848039215686,-11.5,42.342601102941));
#4688 = ORIENTED_EDGE('',*,*,#4689,.T.);
#4689 = EDGE_CURVE('',#4682,#4690,#4692,.T.);
#4690 = VERTEX_POINT('',#4691);
#4691 = CARTESIAN_POINT('',(12.235294117647,-11.5,42.342601102941));
#4692 = LINE('',#4693,#4694);
#4693 = CARTESIAN_POINT('',(13.848039215686,-11.5,42.342601102941));
#4694 = VECTOR('',#4695,1.);
#4695 = DIRECTION('',(-1.,0.,0.));
#4696 = ORIENTED_EDGE('',*,*,#4697,.T.);
#4697 = EDGE_CURVE('',#4690,#4698,#4700,.T.);
#4698 = VERTEX_POINT('',#4699);
#4699 = CARTESIAN_POINT('',(12.554304534314,-11.5,43.657781862745));
#4700 = B_SPLINE_CURVE_WITH_KNOTS('',2,(#4701,#4702,#4703),
  .UNSPECIFIED.,.F.,.F.,(3,3),(0.,1.),.PIECEWISE_BEZIER_KNOTS.);
#4701 = CARTESIAN_POINT('',(12.235294117647,-11.5,42.342601102941));
#4702 = CARTESIAN_POINT('',(12.461550245098,-11.5,43.042279411765));
#4703 = CARTESIAN_POINT('',(12.554304534314,-11.5,43.657781862745));
#4704 = ORIENTED_EDGE('',*,*,#4705,.T.);
#4705 = EDGE_CURVE('',#4698,#4706,#4708,.T.);
#4706 = VERTEX_POINT('',#4707);
#4707 = CARTESIAN_POINT('',(12.647058823529,-11.5,44.875919117647));
#4708 = B_SPLINE_CURVE_WITH_KNOTS('',2,(#4709,#4710,#4711),
  .UNSPECIFIED.,.F.,.F.,(3,3),(0.,1.),.PIECEWISE_BEZIER_KNOTS.);
#4709 = CARTESIAN_POINT('',(12.554304534314,-11.5,43.657781862745));
#4710 = CARTESIAN_POINT('',(12.647058823529,-11.5,44.272748161765));
#4711 = CARTESIAN_POINT('',(12.647058823529,-11.5,44.875919117647));
#4712 = ORIENTED_EDGE('',*,*,#4713,.T.);
#4713 = EDGE_CURVE('',#4706,#4714,#4716,.T.);
#4714 = VERTEX_POINT('',#4715);
#4715 = CARTESIAN_POINT('',(12.429381127451,-11.5,45.845281862745));
#4716 = B_SPLINE_CURVE_WITH_KNOTS('',2,(#4717,#4718,#4719),
  .UNSPECIFIED.,.F.,.F.,(3,3),(0.,1.),.PIECEWISE_BEZIER_KNOTS.);
#4717 = CARTESIAN_POINT('',(12.647058823529,-11.5,44.875919117647));
#4718 = CARTESIAN_POINT('',(12.647058823529,-11.5,45.479090073529));
#4719 = CARTESIAN_POINT('',(12.429381127451,-11.5,45.845281862745));
#4720 = ORIENTED_EDGE('',*,*,#4721,.T.);
#4721 = EDGE_CURVE('',#4714,#4722,#4724,.T.);
#4722 = VERTEX_POINT('',#4723);
#4723 = CARTESIAN_POINT('',(11.826210171569,-11.5,46.2109375));
#4724 = B_SPLINE_CURVE_WITH_KNOTS('',2,(#4725,#4726,#4727),
  .UNSPECIFIED.,.F.,.F.,(3,3),(0.,1.),.PIECEWISE_BEZIER_KNOTS.);
#4725 = CARTESIAN_POINT('',(12.429381127451,-11.5,45.845281862745));
#4726 = CARTESIAN_POINT('',(12.212239583333,-11.5,46.2109375));
#4727 = CARTESIAN_POINT('',(11.826210171569,-11.5,46.2109375));
#4728 = ORIENTED_EDGE('',*,*,#4729,.T.);
#4729 = EDGE_CURVE('',#4722,#4730,#4732,.T.);
#4730 = VERTEX_POINT('',#4731);
#4731 = CARTESIAN_POINT('',(11.497012867647,-11.5,46.138556985294));
#4732 = B_SPLINE_CURVE_WITH_KNOTS('',2,(#4733,#4734,#4735),
  .UNSPECIFIED.,.F.,.F.,(3,3),(0.,1.),.PIECEWISE_BEZIER_KNOTS.);
#4733 = CARTESIAN_POINT('',(11.826210171569,-11.5,46.2109375));
#4734 = CARTESIAN_POINT('',(11.641773897059,-11.5,46.2109375));
#4735 = CARTESIAN_POINT('',(11.497012867647,-11.5,46.138556985294));
#4736 = ORIENTED_EDGE('',*,*,#4737,.T.);
#4737 = EDGE_CURVE('',#4730,#4738,#4740,.T.);
#4738 = VERTEX_POINT('',#4739);
#4739 = CARTESIAN_POINT('',(11.216605392157,-11.5,45.853324142157));
#4740 = B_SPLINE_CURVE_WITH_KNOTS('',2,(#4741,#4742,#4743),
  .UNSPECIFIED.,.F.,.F.,(3,3),(0.,1.),.PIECEWISE_BEZIER_KNOTS.);
#4741 = CARTESIAN_POINT('',(11.497012867647,-11.5,46.138556985294));
#4742 = CARTESIAN_POINT('',(11.352787990196,-11.5,46.066176470588));
#4743 = CARTESIAN_POINT('',(11.216605392157,-11.5,45.853324142157));
#4744 = ORIENTED_EDGE('',*,*,#4745,.T.);
#4745 = EDGE_CURVE('',#4738,#4746,#4748,.T.);
#4746 = VERTEX_POINT('',#4747);
#4747 = CARTESIAN_POINT('',(10.93190870098,-11.5,45.258195465686));
#4748 = B_SPLINE_CURVE_WITH_KNOTS('',2,(#4749,#4750,#4751),
  .UNSPECIFIED.,.F.,.F.,(3,3),(0.,1.),.PIECEWISE_BEZIER_KNOTS.);
#4749 = CARTESIAN_POINT('',(11.216605392157,-11.5,45.853324142157));
#4750 = CARTESIAN_POINT('',(11.080422794118,-11.5,45.639935661765));
#4751 = CARTESIAN_POINT('',(10.93190870098,-11.5,45.258195465686));
#4752 = ORIENTED_EDGE('',*,*,#4753,.T.);
#4753 = EDGE_CURVE('',#4746,#4754,#4756,.T.);
#4754 = VERTEX_POINT('',#4755);
#4755 = CARTESIAN_POINT('',(10.607000612745,-11.5,44.248621323529));
#4756 = B_SPLINE_CURVE_WITH_KNOTS('',2,(#4757,#4758,#4759),
  .UNSPECIFIED.,.F.,.F.,(3,3),(0.,1.),.PIECEWISE_BEZIER_KNOTS.);
#4757 = CARTESIAN_POINT('',(10.93190870098,-11.5,45.258195465686));
#4758 = CARTESIAN_POINT('',(10.783394607843,-11.5,44.875919117647));
#4759 = CARTESIAN_POINT('',(10.607000612745,-11.5,44.248621323529));
#4760 = ORIENTED_EDGE('',*,*,#4761,.T.);
#4761 = EDGE_CURVE('',#4754,#4762,#4764,.T.);
#4762 = VERTEX_POINT('',#4763);
#4763 = CARTESIAN_POINT('',(10.178079044118,-11.5,43.058363970588));
#4764 = B_SPLINE_CURVE_WITH_KNOTS('',2,(#4765,#4766,#4767),
  .UNSPECIFIED.,.F.,.F.,(3,3),(0.,1.),.PIECEWISE_BEZIER_KNOTS.);
#4765 = CARTESIAN_POINT('',(10.607000612745,-11.5,44.248621323529));
#4766 = CARTESIAN_POINT('',(10.406479779412,-11.5,43.540900735294));
#4767 = CARTESIAN_POINT('',(10.178079044118,-11.5,43.058363970588));
#4768 = ORIENTED_EDGE('',*,*,#4769,.T.);
#4769 = EDGE_CURVE('',#4762,#4770,#4772,.T.);
#4770 = VERTEX_POINT('',#4771);
#4771 = CARTESIAN_POINT('',(9.660692401961,-11.5,42.282552083333));
#4772 = B_SPLINE_CURVE_WITH_KNOTS('',2,(#4773,#4774,#4775),
  .UNSPECIFIED.,.F.,.F.,(3,3),(0.,1.),.PIECEWISE_BEZIER_KNOTS.);
#4773 = CARTESIAN_POINT('',(10.178079044118,-11.5,43.058363970588));
#4774 = CARTESIAN_POINT('',(9.949678308824,-11.5,42.575827205882));
#4775 = CARTESIAN_POINT('',(9.660692401961,-11.5,42.282552083333));
#4776 = ORIENTED_EDGE('',*,*,#4777,.T.);
#4777 = EDGE_CURVE('',#4770,#4480,#4778,.T.);
#4778 = B_SPLINE_CURVE_WITH_KNOTS('',2,(#4779,#4780,#4781),
  .UNSPECIFIED.,.F.,.F.,(3,3),(0.,1.),.PIECEWISE_BEZIER_KNOTS.);
#4779 = CARTESIAN_POINT('',(9.660692401961,-11.5,42.282552083333));
#4780 = CARTESIAN_POINT('',(9.372242647059,-11.5,41.988740808824));
#4781 = CARTESIAN_POINT('',(9.002833946078,-11.5,41.860064338235));
#4782 = FACE_BOUND('',#4783,.T.);
#4783 = EDGE_LOOP('',(#4784,#4794,#4802,#4810,#4818,#4826,#4834,#4842,
    #4850,#4858,#4866,#4874,#4882,#4890,#4898,#4906,#4914,#4922,#4930,
    #4938));
#4784 = ORIENTED_EDGE('',*,*,#4785,.T.);
#4785 = EDGE_CURVE('',#4786,#4788,#4790,.T.);
#4786 = VERTEX_POINT('',#4787);
#4787 = CARTESIAN_POINT('',(13.916666666667,-11.5,39.428079044118));
#4788 = VERTEX_POINT('',#4789);
#4789 = CARTESIAN_POINT('',(13.916666666667,-11.5,37.465762867647));
#4790 = LINE('',#4791,#4792);
#4791 = CARTESIAN_POINT('',(13.916666666667,-11.5,39.428079044118));
#4792 = VECTOR('',#4793,1.);
#4793 = DIRECTION('',(0.,0.,-1.));
#4794 = ORIENTED_EDGE('',*,*,#4795,.T.);
#4795 = EDGE_CURVE('',#4788,#4796,#4798,.T.);
#4796 = VERTEX_POINT('',#4797);
#4797 = CARTESIAN_POINT('',(8.60715379902,-11.5,37.465762867647));
#4798 = LINE('',#4799,#4800);
#4799 = CARTESIAN_POINT('',(13.916666666667,-11.5,37.465762867647));
#4800 = VECTOR('',#4801,1.);
#4801 = DIRECTION('',(-1.,0.,0.));
#4802 = ORIENTED_EDGE('',*,*,#4803,.T.);
#4803 = EDGE_CURVE('',#4796,#4804,#4806,.T.);
#4804 = VERTEX_POINT('',#4805);
#4805 = CARTESIAN_POINT('',(7.600796568627,-11.5,37.216452205882));
#4806 = B_SPLINE_CURVE_WITH_KNOTS('',2,(#4807,#4808,#4809),
  .UNSPECIFIED.,.F.,.F.,(3,3),(0.,1.),.PIECEWISE_BEZIER_KNOTS.);
#4807 = CARTESIAN_POINT('',(8.60715379902,-11.5,37.465762867647));
#4808 = CARTESIAN_POINT('',(7.941789215686,-11.5,37.465762867647));
#4809 = CARTESIAN_POINT('',(7.600796568627,-11.5,37.216452205882));
#4810 = ORIENTED_EDGE('',*,*,#4811,.T.);
#4811 = EDGE_CURVE('',#4804,#4812,#4814,.T.);
#4812 = VERTEX_POINT('',#4813);
#4813 = CARTESIAN_POINT('',(7.259803921569,-11.5,36.460477941176));
#4814 = B_SPLINE_CURVE_WITH_KNOTS('',2,(#4815,#4816,#4817),
  .UNSPECIFIED.,.F.,.F.,(3,3),(0.,1.),.PIECEWISE_BEZIER_KNOTS.);
#4815 = CARTESIAN_POINT('',(7.600796568627,-11.5,37.216452205882));
#4816 = CARTESIAN_POINT('',(7.259803921569,-11.5,36.967141544118));
#4817 = CARTESIAN_POINT('',(7.259803921569,-11.5,36.460477941176));
#4818 = ORIENTED_EDGE('',*,*,#4819,.T.);
#4819 = EDGE_CURVE('',#4812,#4820,#4822,.T.);
#4820 = VERTEX_POINT('',#4821);
#4821 = CARTESIAN_POINT('',(7.664598651961,-11.5,35.515778186275));
#4822 = B_SPLINE_CURVE_WITH_KNOTS('',2,(#4823,#4824,#4825),
  .UNSPECIFIED.,.F.,.F.,(3,3),(0.,1.),.PIECEWISE_BEZIER_KNOTS.);
#4823 = CARTESIAN_POINT('',(7.259803921569,-11.5,36.460477941176));
#4824 = CARTESIAN_POINT('',(7.259803921569,-11.5,35.969898897059));
#4825 = CARTESIAN_POINT('',(7.664598651961,-11.5,35.515778186275));
#4826 = ORIENTED_EDGE('',*,*,#4827,.T.);
#4827 = EDGE_CURVE('',#4820,#4828,#4830,.T.);
#4828 = VERTEX_POINT('',#4829);
#4829 = CARTESIAN_POINT('',(8.759420955882,-11.5,34.554457720588));
#4830 = B_SPLINE_CURVE_WITH_KNOTS('',2,(#4831,#4832,#4833),
  .UNSPECIFIED.,.F.,.F.,(3,3),(0.,1.),.PIECEWISE_BEZIER_KNOTS.);
#4831 = CARTESIAN_POINT('',(7.664598651961,-11.5,35.515778186275));
#4832 = CARTESIAN_POINT('',(8.069929534314,-11.5,35.061121323529));
#4833 = CARTESIAN_POINT('',(8.759420955882,-11.5,34.554457720588));
#4834 = ORIENTED_EDGE('',*,*,#4835,.T.);
#4835 = EDGE_CURVE('',#4828,#4836,#4838,.T.);
#4836 = VERTEX_POINT('',#4837);
#4837 = CARTESIAN_POINT('',(13.916666666667,-11.5,34.554457720588));
#4838 = LINE('',#4839,#4840);
#4839 = CARTESIAN_POINT('',(8.759420955882,-11.5,34.554457720588));
#4840 = VECTOR('',#4841,1.);
#4841 = DIRECTION('',(1.,0.,0.));
#4842 = ORIENTED_EDGE('',*,*,#4843,.T.);
#4843 = EDGE_CURVE('',#4836,#4844,#4846,.T.);
#4844 = VERTEX_POINT('',#4845);
#4845 = CARTESIAN_POINT('',(13.916666666667,-11.5,32.592141544118));
#4846 = LINE('',#4847,#4848);
#4847 = CARTESIAN_POINT('',(13.916666666667,-11.5,34.554457720588));
#4848 = VECTOR('',#4849,1.);
#4849 = DIRECTION('',(0.,0.,-1.));
#4850 = ORIENTED_EDGE('',*,*,#4851,.T.);
#4851 = EDGE_CURVE('',#4844,#4852,#4854,.T.);
#4852 = VERTEX_POINT('',#4853);
#4853 = CARTESIAN_POINT('',(5.75,-11.5,32.592141544118));
#4854 = LINE('',#4855,#4856);
#4855 = CARTESIAN_POINT('',(13.916666666667,-11.5,32.592141544118));
#4856 = VECTOR('',#4857,1.);
#4857 = DIRECTION('',(-1.,0.,0.));
#4858 = ORIENTED_EDGE('',*,*,#4859,.T.);
#4859 = EDGE_CURVE('',#4852,#4860,#4862,.T.);
#4860 = VERTEX_POINT('',#4861);
#4861 = CARTESIAN_POINT('',(5.75,-11.5,34.2890625));
#4862 = LINE('',#4863,#4864);
#4863 = CARTESIAN_POINT('',(5.75,-11.5,32.592141544118));
#4864 = VECTOR('',#4865,1.);
#4865 = DIRECTION('',(0.,0.,1.));
#4866 = ORIENTED_EDGE('',*,*,#4867,.T.);
#4867 = EDGE_CURVE('',#4860,#4868,#4870,.T.);
#4868 = VERTEX_POINT('',#4869);
#4869 = CARTESIAN_POINT('',(6.955805759804,-11.5,34.337316176471));
#4870 = LINE('',#4871,#4872);
#4871 = CARTESIAN_POINT('',(5.75,-11.5,34.2890625));
#4872 = VECTOR('',#4873,1.);
#4873 = DIRECTION('',(0.999200248841,0.,3.998578141206E-02));
#4874 = ORIENTED_EDGE('',*,*,#4875,.T.);
#4875 = EDGE_CURVE('',#4868,#4876,#4878,.T.);
#4876 = VERTEX_POINT('',#4877);
#4877 = CARTESIAN_POINT('',(6.390165441176,-11.5,34.860064338235));
#4878 = B_SPLINE_CURVE_WITH_KNOTS('',2,(#4879,#4880,#4881),
  .UNSPECIFIED.,.F.,.F.,(3,3),(0.,1.),.PIECEWISE_BEZIER_KNOTS.);
#4879 = CARTESIAN_POINT('',(6.955805759804,-11.5,34.337316176471));
#4880 = CARTESIAN_POINT('',(6.64537377451,-11.5,34.594669117647));
#4881 = CARTESIAN_POINT('',(6.390165441176,-11.5,34.860064338235));
#4882 = ORIENTED_EDGE('',*,*,#4883,.T.);
#4883 = EDGE_CURVE('',#4876,#4884,#4886,.T.);
#4884 = VERTEX_POINT('',#4885);
#4885 = CARTESIAN_POINT('',(5.956418504902,-11.5,35.435355392157));
#4886 = B_SPLINE_CURVE_WITH_KNOTS('',2,(#4887,#4888,#4889),
  .UNSPECIFIED.,.F.,.F.,(3,3),(0.,1.),.PIECEWISE_BEZIER_KNOTS.);
#4887 = CARTESIAN_POINT('',(6.390165441176,-11.5,34.860064338235));
#4888 = CARTESIAN_POINT('',(6.135493259804,-11.5,35.125459558824));
#4889 = CARTESIAN_POINT('',(5.956418504902,-11.5,35.435355392157));
#4890 = ORIENTED_EDGE('',*,*,#4891,.T.);
#4891 = EDGE_CURVE('',#4884,#4892,#4894,.T.);
#4892 = VERTEX_POINT('',#4893);
#4893 = CARTESIAN_POINT('',(5.678155637255,-11.5,36.110906862745));
#4894 = B_SPLINE_CURVE_WITH_KNOTS('',2,(#4895,#4896,#4897),
  .UNSPECIFIED.,.F.,.F.,(3,3),(0.,1.),.PIECEWISE_BEZIER_KNOTS.);
#4895 = CARTESIAN_POINT('',(5.956418504902,-11.5,35.435355392157));
#4896 = CARTESIAN_POINT('',(5.77734375,-11.5,35.744715073529));
#4897 = CARTESIAN_POINT('',(5.678155637255,-11.5,36.110906862745));
#4898 = ORIENTED_EDGE('',*,*,#4899,.T.);
#4899 = EDGE_CURVE('',#4892,#4900,#4902,.T.);
#4900 = VERTEX_POINT('',#4901);
#4901 = CARTESIAN_POINT('',(5.578431372549,-11.5,36.918887867647));
#4902 = B_SPLINE_CURVE_WITH_KNOTS('',2,(#4903,#4904,#4905),
  .UNSPECIFIED.,.F.,.F.,(3,3),(0.,1.),.PIECEWISE_BEZIER_KNOTS.);
#4903 = CARTESIAN_POINT('',(5.678155637255,-11.5,36.110906862745));
#4904 = CARTESIAN_POINT('',(5.578431372549,-11.5,36.4765625));
#4905 = CARTESIAN_POINT('',(5.578431372549,-11.5,36.918887867647));
#4906 = ORIENTED_EDGE('',*,*,#4907,.T.);
#4907 = EDGE_CURVE('',#4900,#4908,#4910,.T.);
#4908 = VERTEX_POINT('',#4909);
#4909 = CARTESIAN_POINT('',(5.782705269608,-11.5,38.016927083333));
#4910 = B_SPLINE_CURVE_WITH_KNOTS('',2,(#4911,#4912,#4913),
  .UNSPECIFIED.,.F.,.F.,(3,3),(0.,1.),.PIECEWISE_BEZIER_KNOTS.);
#4911 = CARTESIAN_POINT('',(5.578431372549,-11.5,36.918887867647));
#4912 = CARTESIAN_POINT('',(5.578431372549,-11.5,37.546185661765));
#4913 = CARTESIAN_POINT('',(5.782705269608,-11.5,38.016927083333));
#4914 = ORIENTED_EDGE('',*,*,#4915,.T.);
#4915 = EDGE_CURVE('',#4908,#4916,#4918,.T.);
#4916 = VERTEX_POINT('',#4917);
#4917 = CARTESIAN_POINT('',(6.364430147059,-11.5,38.80078125));
#4918 = B_SPLINE_CURVE_WITH_KNOTS('',2,(#4919,#4920,#4921),
  .UNSPECIFIED.,.F.,.F.,(3,3),(0.,1.),.PIECEWISE_BEZIER_KNOTS.);
#4919 = CARTESIAN_POINT('',(5.782705269608,-11.5,38.016927083333));
#4920 = CARTESIAN_POINT('',(5.987515318627,-11.5,38.487132352941));
#4921 = CARTESIAN_POINT('',(6.364430147059,-11.5,38.80078125));
#4922 = ORIENTED_EDGE('',*,*,#4923,.T.);
#4923 = EDGE_CURVE('',#4916,#4924,#4926,.T.);
#4924 = VERTEX_POINT('',#4925);
#4925 = CARTESIAN_POINT('',(7.26731004902,-11.5,39.271522671569));
#4926 = B_SPLINE_CURVE_WITH_KNOTS('',2,(#4927,#4928,#4929),
  .UNSPECIFIED.,.F.,.F.,(3,3),(0.,1.),.PIECEWISE_BEZIER_KNOTS.);
#4927 = CARTESIAN_POINT('',(6.364430147059,-11.5,38.80078125));
#4928 = CARTESIAN_POINT('',(6.741881127451,-11.5,39.114430147059));
#4929 = CARTESIAN_POINT('',(7.26731004902,-11.5,39.271522671569));
#4930 = ORIENTED_EDGE('',*,*,#4931,.T.);
#4931 = EDGE_CURVE('',#4924,#4932,#4934,.T.);
#4932 = VERTEX_POINT('',#4933);
#4933 = CARTESIAN_POINT('',(8.44362745098,-11.5,39.428079044118));
#4934 = B_SPLINE_CURVE_WITH_KNOTS('',2,(#4935,#4936,#4937),
  .UNSPECIFIED.,.F.,.F.,(3,3),(0.,1.),.PIECEWISE_BEZIER_KNOTS.);
#4935 = CARTESIAN_POINT('',(7.26731004902,-11.5,39.271522671569));
#4936 = CARTESIAN_POINT('',(7.793275122549,-11.5,39.428079044118));
#4937 = CARTESIAN_POINT('',(8.44362745098,-11.5,39.428079044118));
#4938 = ORIENTED_EDGE('',*,*,#4939,.T.);
#4939 = EDGE_CURVE('',#4932,#4786,#4940,.T.);
#4940 = LINE('',#4941,#4942);
#4941 = CARTESIAN_POINT('',(8.44362745098,-11.5,39.428079044118));
#4942 = VECTOR('',#4943,1.);
#4943 = DIRECTION('',(1.,0.,0.));
#4944 = FACE_BOUND('',#4945,.T.);
#4945 = EDGE_LOOP('',(#4946,#4956,#4964,#4972,#4980,#4988,#4996,#5004,
    #5012,#5020,#5028,#5036,#5044,#5052,#5060));
#4946 = ORIENTED_EDGE('',*,*,#4947,.T.);
#4947 = EDGE_CURVE('',#4948,#4950,#4952,.T.);
#4948 = VERTEX_POINT('',#4949);
#4949 = CARTESIAN_POINT('',(5.75,-11.5,27.224724264706));
#4950 = VERTEX_POINT('',#4951);
#4951 = CARTESIAN_POINT('',(5.75,-11.5,30.43359375));
#4952 = LINE('',#4953,#4954);
#4953 = CARTESIAN_POINT('',(5.75,-11.5,27.224724264706));
#4954 = VECTOR('',#4955,1.);
#4955 = DIRECTION('',(0.,0.,1.));
#4956 = ORIENTED_EDGE('',*,*,#4957,.T.);
#4957 = EDGE_CURVE('',#4950,#4958,#4960,.T.);
#4958 = VERTEX_POINT('',#4959);
#4959 = CARTESIAN_POINT('',(16.25,-11.5,30.43359375));
#4960 = LINE('',#4961,#4962);
#4961 = CARTESIAN_POINT('',(5.75,-11.5,30.43359375));
#4962 = VECTOR('',#4963,1.);
#4963 = DIRECTION('',(1.,0.,0.));
#4964 = ORIENTED_EDGE('',*,*,#4965,.T.);
#4965 = EDGE_CURVE('',#4958,#4966,#4968,.T.);
#4966 = VERTEX_POINT('',#4967);
#4967 = CARTESIAN_POINT('',(16.25,-11.5,27.039751838235));
#4968 = LINE('',#4969,#4970);
#4969 = CARTESIAN_POINT('',(16.25,-11.5,30.43359375));
#4970 = VECTOR('',#4971,1.);
#4971 = DIRECTION('',(0.,0.,-1.));
#4972 = ORIENTED_EDGE('',*,*,#4973,.T.);
#4973 = EDGE_CURVE('',#4966,#4974,#4976,.T.);
#4974 = VERTEX_POINT('',#4975);
#4975 = CARTESIAN_POINT('',(15.621629901961,-11.5,24.34987745098));
#4976 = B_SPLINE_CURVE_WITH_KNOTS('',2,(#4977,#4978,#4979),
  .UNSPECIFIED.,.F.,.F.,(3,3),(0.,1.),.PIECEWISE_BEZIER_KNOTS.);
#4977 = CARTESIAN_POINT('',(16.25,-11.5,27.039751838235));
#4978 = CARTESIAN_POINT('',(16.25,-11.5,25.246323529412));
#4979 = CARTESIAN_POINT('',(15.621629901961,-11.5,24.34987745098));
#4980 = ORIENTED_EDGE('',*,*,#4981,.T.);
#4981 = EDGE_CURVE('',#4974,#4982,#4984,.T.);
#4982 = VERTEX_POINT('',#4983);
#4983 = CARTESIAN_POINT('',(13.721507352941,-11.5,23.452895220588));
#4984 = B_SPLINE_CURVE_WITH_KNOTS('',2,(#4985,#4986,#4987),
  .UNSPECIFIED.,.F.,.F.,(3,3),(0.,1.),.PIECEWISE_BEZIER_KNOTS.);
#4985 = CARTESIAN_POINT('',(15.621629901961,-11.5,24.34987745098));
#4986 = CARTESIAN_POINT('',(14.993795955882,-11.5,23.452895220588));
#4987 = CARTESIAN_POINT('',(13.721507352941,-11.5,23.452895220588));
#4988 = ORIENTED_EDGE('',*,*,#4989,.T.);
#4989 = EDGE_CURVE('',#4982,#4990,#4992,.T.);
#4990 = VERTEX_POINT('',#4991);
#4991 = CARTESIAN_POINT('',(12.952129289216,-11.5,23.545649509804));
#4992 = B_SPLINE_CURVE_WITH_KNOTS('',2,(#4993,#4994,#4995),
  .UNSPECIFIED.,.F.,.F.,(3,3),(0.,1.),.PIECEWISE_BEZIER_KNOTS.);
#4993 = CARTESIAN_POINT('',(13.721507352941,-11.5,23.452895220588));
#4994 = CARTESIAN_POINT('',(13.326899509804,-11.5,23.452895220588));
#4995 = CARTESIAN_POINT('',(12.952129289216,-11.5,23.545649509804));
#4996 = ORIENTED_EDGE('',*,*,#4997,.T.);
#4997 = EDGE_CURVE('',#4990,#4998,#5000,.T.);
#4998 = VERTEX_POINT('',#4999);
#4999 = CARTESIAN_POINT('',(12.263710171569,-11.5,23.830882352941));
#5000 = B_SPLINE_CURVE_WITH_KNOTS('',2,(#5001,#5002,#5003),
  .UNSPECIFIED.,.F.,.F.,(3,3),(0.,1.),.PIECEWISE_BEZIER_KNOTS.);
#5001 = CARTESIAN_POINT('',(12.952129289216,-11.5,23.545649509804));
#5002 = CARTESIAN_POINT('',(12.577895220588,-11.5,23.637867647059));
#5003 = CARTESIAN_POINT('',(12.263710171569,-11.5,23.830882352941));
#5004 = ORIENTED_EDGE('',*,*,#5005,.T.);
#5005 = EDGE_CURVE('',#4998,#5006,#5008,.T.);
#5006 = VERTEX_POINT('',#5007);
#5007 = CARTESIAN_POINT('',(11.708256740196,-11.5,24.313419117647));
#5008 = B_SPLINE_CURVE_WITH_KNOTS('',2,(#5009,#5010,#5011),
  .UNSPECIFIED.,.F.,.F.,(3,3),(0.,1.),.PIECEWISE_BEZIER_KNOTS.);
#5009 = CARTESIAN_POINT('',(12.263710171569,-11.5,23.830882352941));
#5010 = CARTESIAN_POINT('',(11.95006127451,-11.5,24.023897058824));
#5011 = CARTESIAN_POINT('',(11.708256740196,-11.5,24.313419117647));
#5012 = ORIENTED_EDGE('',*,*,#5013,.T.);
#5013 = EDGE_CURVE('',#5006,#5014,#5016,.T.);
#5014 = VERTEX_POINT('',#5015);
#5015 = CARTESIAN_POINT('',(11.329733455882,-11.5,24.997012867647));
#5016 = B_SPLINE_CURVE_WITH_KNOTS('',2,(#5017,#5018,#5019),
  .UNSPECIFIED.,.F.,.F.,(3,3),(0.,1.),.PIECEWISE_BEZIER_KNOTS.);
#5017 = CARTESIAN_POINT('',(11.708256740196,-11.5,24.313419117647));
#5018 = CARTESIAN_POINT('',(11.466452205882,-11.5,24.602941176471));
#5019 = CARTESIAN_POINT('',(11.329733455882,-11.5,24.997012867647));
#5020 = ORIENTED_EDGE('',*,*,#5021,.T.);
#5021 = EDGE_CURVE('',#5014,#5022,#5024,.T.);
#5022 = VERTEX_POINT('',#5023);
#5023 = CARTESIAN_POINT('',(11.077205882353,-11.5,24.245327818627));
#5024 = B_SPLINE_CURVE_WITH_KNOTS('',2,(#5025,#5026,#5027),
  .UNSPECIFIED.,.F.,.F.,(3,3),(0.,1.),.PIECEWISE_BEZIER_KNOTS.);
#5025 = CARTESIAN_POINT('',(11.329733455882,-11.5,24.997012867647));
#5026 = CARTESIAN_POINT('',(11.265395220588,-11.5,24.602941176471));
#5027 = CARTESIAN_POINT('',(11.077205882353,-11.5,24.245327818627));
#5028 = ORIENTED_EDGE('',*,*,#5029,.T.);
#5029 = EDGE_CURVE('',#5022,#5030,#5032,.T.);
#5030 = VERTEX_POINT('',#5031);
#5031 = CARTESIAN_POINT('',(10.588235294118,-11.5,23.61803002451));
#5032 = B_SPLINE_CURVE_WITH_KNOTS('',2,(#5033,#5034,#5035),
  .UNSPECIFIED.,.F.,.F.,(3,3),(0.,1.),.PIECEWISE_BEZIER_KNOTS.);
#5033 = CARTESIAN_POINT('',(11.077205882353,-11.5,24.245327818627));
#5034 = CARTESIAN_POINT('',(10.889016544118,-11.5,23.887178308824));
#5035 = CARTESIAN_POINT('',(10.588235294118,-11.5,23.61803002451));
#5036 = ORIENTED_EDGE('',*,*,#5037,.T.);
#5037 = EDGE_CURVE('',#5030,#5038,#5040,.T.);
#5038 = VERTEX_POINT('',#5039);
#5039 = CARTESIAN_POINT('',(9.878370098039,-11.5,23.191789215686));
#5040 = B_SPLINE_CURVE_WITH_KNOTS('',2,(#5041,#5042,#5043),
  .UNSPECIFIED.,.F.,.F.,(3,3),(0.,1.),.PIECEWISE_BEZIER_KNOTS.);
#5041 = CARTESIAN_POINT('',(10.588235294118,-11.5,23.61803002451));
#5042 = CARTESIAN_POINT('',(10.287454044118,-11.5,23.348345588235));
#5043 = CARTESIAN_POINT('',(9.878370098039,-11.5,23.191789215686));
#5044 = ORIENTED_EDGE('',*,*,#5045,.T.);
#5045 = EDGE_CURVE('',#5038,#5046,#5048,.T.);
#5046 = VERTEX_POINT('',#5047);
#5047 = CARTESIAN_POINT('',(8.964767156863,-11.5,23.034696691176));
#5048 = B_SPLINE_CURVE_WITH_KNOTS('',2,(#5049,#5050,#5051),
  .UNSPECIFIED.,.F.,.F.,(3,3),(0.,1.),.PIECEWISE_BEZIER_KNOTS.);
#5049 = CARTESIAN_POINT('',(9.878370098039,-11.5,23.191789215686));
#5050 = CARTESIAN_POINT('',(9.469822303922,-11.5,23.034696691176));
#5051 = CARTESIAN_POINT('',(8.964767156863,-11.5,23.034696691176));
#5052 = ORIENTED_EDGE('',*,*,#5053,.T.);
#5053 = EDGE_CURVE('',#5046,#5054,#5056,.T.);
#5054 = VERTEX_POINT('',#5055);
#5055 = CARTESIAN_POINT('',(6.555300245098,-11.5,24.112362132353));
#5056 = B_SPLINE_CURVE_WITH_KNOTS('',2,(#5057,#5058,#5059),
  .UNSPECIFIED.,.F.,.F.,(3,3),(0.,1.),.PIECEWISE_BEZIER_KNOTS.);
#5057 = CARTESIAN_POINT('',(8.964767156863,-11.5,23.034696691176));
#5058 = CARTESIAN_POINT('',(7.361136642157,-11.5,23.034696691176));
#5059 = CARTESIAN_POINT('',(6.555300245098,-11.5,24.112362132353));
#5060 = ORIENTED_EDGE('',*,*,#5061,.T.);
#5061 = EDGE_CURVE('',#5054,#4948,#5062,.T.);
#5062 = B_SPLINE_CURVE_WITH_KNOTS('',2,(#5063,#5064,#5065),
  .UNSPECIFIED.,.F.,.F.,(3,3),(0.,1.),.PIECEWISE_BEZIER_KNOTS.);
#5063 = CARTESIAN_POINT('',(6.555300245098,-11.5,24.112362132353));
#5064 = CARTESIAN_POINT('',(5.75,-11.5,25.190027573529));
#5065 = CARTESIAN_POINT('',(5.75,-11.5,27.224724264706));
#5066 = FACE_BOUND('',#5067,.T.);
#5067 = EDGE_LOOP('',(#5068,#5078,#5086,#5094,#5102,#5110,#5118,#5126,
    #5134,#5142,#5150,#5158,#5166,#5174,#5182,#5190));
#5068 = ORIENTED_EDGE('',*,*,#5069,.T.);
#5069 = EDGE_CURVE('',#5070,#5072,#5074,.T.);
#5070 = VERTEX_POINT('',#5071);
#5071 = CARTESIAN_POINT('',(11.709865196078,-11.5,14.197303921569));
#5072 = VERTEX_POINT('',#5073);
#5073 = CARTESIAN_POINT('',(9.901424632353,-11.5,13.935661764706));
#5074 = B_SPLINE_CURVE_WITH_KNOTS('',2,(#5075,#5076,#5077),
  .UNSPECIFIED.,.F.,.F.,(3,3),(0.,1.),.PIECEWISE_BEZIER_KNOTS.);
#5075 = CARTESIAN_POINT('',(11.709865196078,-11.5,14.197303921569));
#5076 = CARTESIAN_POINT('',(10.928155637255,-11.5,13.935661764706));
#5077 = CARTESIAN_POINT('',(9.901424632353,-11.5,13.935661764706));
#5078 = ORIENTED_EDGE('',*,*,#5079,.T.);
#5079 = EDGE_CURVE('',#5072,#5080,#5082,.T.);
#5080 = VERTEX_POINT('',#5081);
#5081 = CARTESIAN_POINT('',(8.140701593137,-11.5,14.209099264706));
#5082 = B_SPLINE_CURVE_WITH_KNOTS('',2,(#5083,#5084,#5085),
  .UNSPECIFIED.,.F.,.F.,(3,3),(0.,1.),.PIECEWISE_BEZIER_KNOTS.);
#5083 = CARTESIAN_POINT('',(9.901424632353,-11.5,13.935661764706));
#5084 = CARTESIAN_POINT('',(8.939031862745,-11.5,13.935661764706));
#5085 = CARTESIAN_POINT('',(8.140701593137,-11.5,14.209099264706));
#5086 = ORIENTED_EDGE('',*,*,#5087,.T.);
#5087 = EDGE_CURVE('',#5080,#5088,#5090,.T.);
#5088 = VERTEX_POINT('',#5089);
#5089 = CARTESIAN_POINT('',(6.773514093137,-11.5,14.997242647059));
#5090 = B_SPLINE_CURVE_WITH_KNOTS('',2,(#5091,#5092,#5093),
  .UNSPECIFIED.,.F.,.F.,(3,3),(0.,1.),.PIECEWISE_BEZIER_KNOTS.);
#5091 = CARTESIAN_POINT('',(8.140701593137,-11.5,14.209099264706));
#5092 = CARTESIAN_POINT('',(7.34290747549,-11.5,14.482536764706));
#5093 = CARTESIAN_POINT('',(6.773514093137,-11.5,14.997242647059));
#5094 = ORIENTED_EDGE('',*,*,#5095,.T.);
#5095 = EDGE_CURVE('',#5088,#5096,#5098,.T.);
#5096 = VERTEX_POINT('',#5097);
#5097 = CARTESIAN_POINT('',(5.891007965686,-11.5,16.259880514706));
#5098 = B_SPLINE_CURVE_WITH_KNOTS('',2,(#5099,#5100,#5101),
  .UNSPECIFIED.,.F.,.F.,(3,3),(0.,1.),.PIECEWISE_BEZIER_KNOTS.);
#5099 = CARTESIAN_POINT('',(6.773514093137,-11.5,14.997242647059));
#5100 = CARTESIAN_POINT('',(6.204120710784,-11.5,15.511948529412));
#5101 = CARTESIAN_POINT('',(5.891007965686,-11.5,16.259880514706));
#5102 = ORIENTED_EDGE('',*,*,#5103,.T.);
#5103 = EDGE_CURVE('',#5096,#5104,#5106,.T.);
#5104 = VERTEX_POINT('',#5105);
#5105 = CARTESIAN_POINT('',(5.578431372549,-11.5,17.96484375));
#5106 = B_SPLINE_CURVE_WITH_KNOTS('',2,(#5107,#5108,#5109),
  .UNSPECIFIED.,.F.,.F.,(3,3),(0.,1.),.PIECEWISE_BEZIER_KNOTS.);
#5107 = CARTESIAN_POINT('',(5.891007965686,-11.5,16.259880514706));
#5108 = CARTESIAN_POINT('',(5.578431372549,-11.5,17.0078125));
#5109 = CARTESIAN_POINT('',(5.578431372549,-11.5,17.96484375));
#5110 = ORIENTED_EDGE('',*,*,#5111,.T.);
#5111 = EDGE_CURVE('',#5104,#5112,#5114,.T.);
#5112 = VERTEX_POINT('',#5113);
#5113 = CARTESIAN_POINT('',(5.842754289216,-11.5,19.589384191176));
#5114 = B_SPLINE_CURVE_WITH_KNOTS('',2,(#5115,#5116,#5117),
  .UNSPECIFIED.,.F.,.F.,(3,3),(0.,1.),.PIECEWISE_BEZIER_KNOTS.);
#5115 = CARTESIAN_POINT('',(5.578431372549,-11.5,17.96484375));
#5116 = CARTESIAN_POINT('',(5.578431372549,-11.5,18.873621323529));
#5117 = CARTESIAN_POINT('',(5.842754289216,-11.5,19.589384191176));
#5118 = ORIENTED_EDGE('',*,*,#5119,.T.);
#5119 = EDGE_CURVE('',#5112,#5120,#5122,.T.);
#5120 = VERTEX_POINT('',#5121);
#5121 = CARTESIAN_POINT('',(6.633042279412,-11.5,20.803768382353));
#5122 = B_SPLINE_CURVE_WITH_KNOTS('',2,(#5123,#5124,#5125),
  .UNSPECIFIED.,.F.,.F.,(3,3),(0.,1.),.PIECEWISE_BEZIER_KNOTS.);
#5123 = CARTESIAN_POINT('',(5.842754289216,-11.5,19.589384191176));
#5124 = CARTESIAN_POINT('',(6.107613357843,-11.5,20.305147058824));
#5125 = CARTESIAN_POINT('',(6.633042279412,-11.5,20.803768382353));
#5126 = ORIENTED_EDGE('',*,*,#5127,.T.);
#5127 = EDGE_CURVE('',#5120,#5128,#5130,.T.);
#5128 = VERTEX_POINT('',#5129);
#5129 = CARTESIAN_POINT('',(7.948223039216,-11.5,21.567784926471));
#5130 = B_SPLINE_CURVE_WITH_KNOTS('',2,(#5131,#5132,#5133),
  .UNSPECIFIED.,.F.,.F.,(3,3),(0.,1.),.PIECEWISE_BEZIER_KNOTS.);
#5131 = CARTESIAN_POINT('',(6.633042279412,-11.5,20.803768382353));
#5132 = CARTESIAN_POINT('',(7.15847120098,-11.5,21.302389705882));
#5133 = CARTESIAN_POINT('',(7.948223039216,-11.5,21.567784926471));
#5134 = ORIENTED_EDGE('',*,*,#5135,.T.);
#5135 = EDGE_CURVE('',#5128,#5136,#5138,.T.);
#5136 = VERTEX_POINT('',#5137);
#5137 = CARTESIAN_POINT('',(9.789368872549,-11.5,21.833180147059));
#5138 = B_SPLINE_CURVE_WITH_KNOTS('',2,(#5139,#5140,#5141),
  .UNSPECIFIED.,.F.,.F.,(3,3),(0.,1.),.PIECEWISE_BEZIER_KNOTS.);
#5139 = CARTESIAN_POINT('',(7.948223039216,-11.5,21.567784926471));
#5140 = CARTESIAN_POINT('',(8.738511029412,-11.5,21.833180147059));
#5141 = CARTESIAN_POINT('',(9.789368872549,-11.5,21.833180147059));
#5142 = ORIENTED_EDGE('',*,*,#5143,.T.);
#5143 = EDGE_CURVE('',#5136,#5144,#5146,.T.);
#5144 = VERTEX_POINT('',#5145);
#5145 = CARTESIAN_POINT('',(11.55384497549,-11.5,21.555989583333));
#5146 = B_SPLINE_CURVE_WITH_KNOTS('',2,(#5147,#5148,#5149),
  .UNSPECIFIED.,.F.,.F.,(3,3),(0.,1.),.PIECEWISE_BEZIER_KNOTS.);
#5147 = CARTESIAN_POINT('',(9.789368872549,-11.5,21.833180147059));
#5148 = CARTESIAN_POINT('',(10.759803921569,-11.5,21.833180147059));
#5149 = CARTESIAN_POINT('',(11.55384497549,-11.5,21.555989583333));
#5150 = ORIENTED_EDGE('',*,*,#5151,.T.);
#5151 = EDGE_CURVE('',#5144,#5152,#5154,.T.);
#5152 = VERTEX_POINT('',#5153);
#5153 = CARTESIAN_POINT('',(12.909237132353,-11.5,20.759803921569));
#5154 = B_SPLINE_CURVE_WITH_KNOTS('',2,(#5155,#5156,#5157),
  .UNSPECIFIED.,.F.,.F.,(3,3),(0.,1.),.PIECEWISE_BEZIER_KNOTS.);
#5155 = CARTESIAN_POINT('',(11.55384497549,-11.5,21.555989583333));
#5156 = CARTESIAN_POINT('',(12.347886029412,-11.5,21.278262867647));
#5157 = CARTESIAN_POINT('',(12.909237132353,-11.5,20.759803921569));
#5158 = ORIENTED_EDGE('',*,*,#5159,.T.);
#5159 = EDGE_CURVE('',#5152,#5160,#5162,.T.);
#5160 = VERTEX_POINT('',#5161);
#5161 = CARTESIAN_POINT('',(13.779411764706,-11.5,19.492876838235));
#5162 = B_SPLINE_CURVE_WITH_KNOTS('',2,(#5163,#5164,#5165),
  .UNSPECIFIED.,.F.,.F.,(3,3),(0.,1.),.PIECEWISE_BEZIER_KNOTS.);
#5163 = CARTESIAN_POINT('',(12.909237132353,-11.5,20.759803921569));
#5164 = CARTESIAN_POINT('',(13.470588235294,-11.5,20.240808823529));
#5165 = CARTESIAN_POINT('',(13.779411764706,-11.5,19.492876838235));
#5166 = ORIENTED_EDGE('',*,*,#5167,.T.);
#5167 = EDGE_CURVE('',#5160,#5168,#5170,.T.);
#5168 = VERTEX_POINT('',#5169);
#5169 = CARTESIAN_POINT('',(14.088235294118,-11.5,17.803998161765));
#5170 = B_SPLINE_CURVE_WITH_KNOTS('',2,(#5171,#5172,#5173),
  .UNSPECIFIED.,.F.,.F.,(3,3),(0.,1.),.PIECEWISE_BEZIER_KNOTS.);
#5171 = CARTESIAN_POINT('',(13.779411764706,-11.5,19.492876838235));
#5172 = CARTESIAN_POINT('',(14.088235294118,-11.5,18.744944852941));
#5173 = CARTESIAN_POINT('',(14.088235294118,-11.5,17.803998161765));
#5174 = ORIENTED_EDGE('',*,*,#5175,.T.);
#5175 = EDGE_CURVE('',#5168,#5176,#5178,.T.);
#5176 = VERTEX_POINT('',#5177);
#5177 = CARTESIAN_POINT('',(13.819623161765,-11.5,16.171415441176));
#5178 = B_SPLINE_CURVE_WITH_KNOTS('',2,(#5179,#5180,#5181),
  .UNSPECIFIED.,.F.,.F.,(3,3),(0.,1.),.PIECEWISE_BEZIER_KNOTS.);
#5179 = CARTESIAN_POINT('',(14.088235294118,-11.5,17.803998161765));
#5180 = CARTESIAN_POINT('',(14.088235294118,-11.5,16.887178308824));
#5181 = CARTESIAN_POINT('',(13.819623161765,-11.5,16.171415441176));
#5182 = ORIENTED_EDGE('',*,*,#5183,.T.);
#5183 = EDGE_CURVE('',#5176,#5184,#5186,.T.);
#5184 = VERTEX_POINT('',#5185);
#5185 = CARTESIAN_POINT('',(13.021292892157,-11.5,14.95703125));
#5186 = B_SPLINE_CURVE_WITH_KNOTS('',2,(#5187,#5188,#5189),
  .UNSPECIFIED.,.F.,.F.,(3,3),(0.,1.),.PIECEWISE_BEZIER_KNOTS.);
#5187 = CARTESIAN_POINT('',(13.819623161765,-11.5,16.171415441176));
#5188 = CARTESIAN_POINT('',(13.551011029412,-11.5,15.455652573529));
#5189 = CARTESIAN_POINT('',(13.021292892157,-11.5,14.95703125));
#5190 = ORIENTED_EDGE('',*,*,#5191,.T.);
#5191 = EDGE_CURVE('',#5184,#5070,#5192,.T.);
#5192 = B_SPLINE_CURVE_WITH_KNOTS('',2,(#5193,#5194,#5195),
  .UNSPECIFIED.,.F.,.F.,(3,3),(0.,1.),.PIECEWISE_BEZIER_KNOTS.);
#5193 = CARTESIAN_POINT('',(13.021292892157,-11.5,14.95703125));
#5194 = CARTESIAN_POINT('',(12.492110906863,-11.5,14.458409926471));
#5195 = CARTESIAN_POINT('',(11.709865196078,-11.5,14.197303921569));
#5196 = FACE_BOUND('',#5197,.T.);
#5197 = EDGE_LOOP('',(#5198,#5208,#5216,#5224,#5232,#5240,#5248,#5256,
    #5264,#5272,#5280,#5288));
#5198 = ORIENTED_EDGE('',*,*,#5199,.T.);
#5199 = EDGE_CURVE('',#5200,#5202,#5204,.T.);
#5200 = VERTEX_POINT('',#5201);
#5201 = CARTESIAN_POINT('',(5.75,-11.5,4.5390625));
#5202 = VERTEX_POINT('',#5203);
#5203 = CARTESIAN_POINT('',(5.75,-11.5,6.975873161765));
#5204 = LINE('',#5205,#5206);
#5205 = CARTESIAN_POINT('',(5.75,-11.5,4.5390625));
#5206 = VECTOR('',#5207,1.);
#5207 = DIRECTION('',(0.,0.,1.));
#5208 = ORIENTED_EDGE('',*,*,#5209,.T.);
#5209 = EDGE_CURVE('',#5202,#5210,#5212,.T.);
#5210 = VERTEX_POINT('',#5211);
#5211 = CARTESIAN_POINT('',(8.516007965686,-11.5,8.841681985294));
#5212 = LINE('',#5213,#5214);
#5213 = CARTESIAN_POINT('',(5.75,-11.5,6.975873161765));
#5214 = VECTOR('',#5215,1.);
#5215 = DIRECTION('',(0.829021886109,0.,0.55921615888));
#5216 = ORIENTED_EDGE('',*,*,#5217,.T.);
#5217 = EDGE_CURVE('',#5210,#5218,#5220,.T.);
#5218 = VERTEX_POINT('',#5219);
#5219 = CARTESIAN_POINT('',(5.75,-11.5,10.715533088235));
#5220 = LINE('',#5221,#5222);
#5221 = CARTESIAN_POINT('',(8.516007965686,-11.5,8.841681985294));
#5222 = VECTOR('',#5223,1.);
#5223 = DIRECTION('',(-0.827904267828,-0.,0.560869435173));
#5224 = ORIENTED_EDGE('',*,*,#5225,.T.);
#5225 = EDGE_CURVE('',#5218,#5226,#5228,.T.);
#5226 = VERTEX_POINT('',#5227);
#5227 = CARTESIAN_POINT('',(5.75,-11.5,13.088005514706));
#5228 = LINE('',#5229,#5230);
#5229 = CARTESIAN_POINT('',(5.75,-11.5,10.715533088235));
#5230 = VECTOR('',#5231,1.);
#5231 = DIRECTION('',(0.,0.,1.));
#5232 = ORIENTED_EDGE('',*,*,#5233,.T.);
#5233 = EDGE_CURVE('',#5226,#5234,#5236,.T.);
#5234 = VERTEX_POINT('',#5235);
#5235 = CARTESIAN_POINT('',(9.86550245098,-11.5,10.023897058824));
#5236 = LINE('',#5237,#5238);
#5237 = CARTESIAN_POINT('',(5.75,-11.5,13.088005514706));
#5238 = VECTOR('',#5239,1.);
#5239 = DIRECTION('',(0.802101683184,0.,-0.597187482985));
#5240 = ORIENTED_EDGE('',*,*,#5241,.T.);
#5241 = EDGE_CURVE('',#5234,#5242,#5244,.T.);
#5242 = VERTEX_POINT('',#5243);
#5243 = CARTESIAN_POINT('',(13.916666666667,-11.5,12.927159926471));
#5244 = LINE('',#5245,#5246);
#5245 = CARTESIAN_POINT('',(9.86550245098,-11.5,10.023897058824));
#5246 = VECTOR('',#5247,1.);
#5247 = DIRECTION('',(0.812823918713,0.,0.582509465303));
#5248 = ORIENTED_EDGE('',*,*,#5249,.T.);
#5249 = EDGE_CURVE('',#5242,#5250,#5252,.T.);
#5250 = VERTEX_POINT('',#5251);
#5251 = CARTESIAN_POINT('',(13.916666666667,-11.5,10.538602941176));
#5252 = LINE('',#5253,#5254);
#5253 = CARTESIAN_POINT('',(13.916666666667,-11.5,12.927159926471));
#5254 = VECTOR('',#5255,1.);
#5255 = DIRECTION('',(0.,0.,-1.));
#5256 = ORIENTED_EDGE('',*,*,#5257,.T.);
#5257 = EDGE_CURVE('',#5250,#5258,#5260,.T.);
#5258 = VERTEX_POINT('',#5259);
#5259 = CARTESIAN_POINT('',(11.223575367647,-11.5,8.704963235294));
#5260 = LINE('',#5261,#5262);
#5261 = CARTESIAN_POINT('',(13.916666666667,-11.5,10.538602941176));
#5262 = VECTOR('',#5263,1.);
#5263 = DIRECTION('',(-0.82659273226,0.,-0.562800546353));
#5264 = ORIENTED_EDGE('',*,*,#5265,.T.);
#5265 = EDGE_CURVE('',#5258,#5266,#5268,.T.);
#5266 = VERTEX_POINT('',#5267);
#5267 = CARTESIAN_POINT('',(13.916666666667,-11.5,6.895450367647));
#5268 = LINE('',#5269,#5270);
#5269 = CARTESIAN_POINT('',(11.223575367647,-11.5,8.704963235294));
#5270 = VECTOR('',#5271,1.);
#5271 = DIRECTION('',(0.830036452049,0.,-0.557709143075));
#5272 = ORIENTED_EDGE('',*,*,#5273,.T.);
#5273 = EDGE_CURVE('',#5266,#5274,#5276,.T.);
#5274 = VERTEX_POINT('',#5275);
#5275 = CARTESIAN_POINT('',(13.916666666667,-11.5,4.691865808824));
#5276 = LINE('',#5277,#5278);
#5277 = CARTESIAN_POINT('',(13.916666666667,-11.5,6.895450367647));
#5278 = VECTOR('',#5279,1.);
#5279 = DIRECTION('',(0.,0.,-1.));
#5280 = ORIENTED_EDGE('',*,*,#5281,.T.);
#5281 = EDGE_CURVE('',#5274,#5282,#5284,.T.);
#5282 = VERTEX_POINT('',#5283);
#5283 = CARTESIAN_POINT('',(9.881587009804,-11.5,7.506663602941));
#5284 = LINE('',#5285,#5286);
#5285 = CARTESIAN_POINT('',(13.916666666667,-11.5,4.691865808824));
#5286 = VECTOR('',#5287,1.);
#5287 = DIRECTION('',(-0.820162630956,-0.,0.572130456088));
#5288 = ORIENTED_EDGE('',*,*,#5289,.T.);
#5289 = EDGE_CURVE('',#5282,#5200,#5290,.T.);
#5290 = LINE('',#5291,#5292);
#5291 = CARTESIAN_POINT('',(9.881587009804,-11.5,7.506663602941));
#5292 = VECTOR('',#5293,1.);
#5293 = DIRECTION('',(-0.812199523477,0.,-0.583379751161));
#5294 = PLANE('',#5295);
#5295 = AXIS2_PLACEMENT_3D('',#5296,#5297,#5298);
#5296 = CARTESIAN_POINT('',(22.,-11.5,0.));
#5297 = DIRECTION('',(0.,-1.,0.));
#5298 = DIRECTION('',(-1.,0.,0.));
#5299 = ADVANCED_FACE('',(#5300),#5346,.T.);
#5300 = FACE_BOUND('',#5301,.F.);
#5301 = EDGE_LOOP('',(#5302,#5312,#5319,#5320,#5321,#5322,#5331,#5339));
#5302 = ORIENTED_EDGE('',*,*,#5303,.F.);
#5303 = EDGE_CURVE('',#5304,#5306,#5308,.T.);
#5304 = VERTEX_POINT('',#5305);
#5305 = CARTESIAN_POINT('',(-0.8,11.472140166508,1.5));
#5306 = VERTEX_POINT('',#5307);
#5307 = CARTESIAN_POINT('',(-0.8,11.472140166508,1.));
#5308 = LINE('',#5309,#5310);
#5309 = CARTESIAN_POINT('',(-0.8,11.472140166508,0.));
#5310 = VECTOR('',#5311,1.);
#5311 = DIRECTION('',(-0.,-0.,-1.));
#5312 = ORIENTED_EDGE('',*,*,#5313,.T.);
#5313 = EDGE_CURVE('',#5304,#3054,#5314,.T.);
#5314 = CIRCLE('',#5315,11.5);
#5315 = AXIS2_PLACEMENT_3D('',#5316,#5317,#5318);
#5316 = CARTESIAN_POINT('',(0.,0.,1.5));
#5317 = DIRECTION('',(0.,0.,-1.));
#5318 = DIRECTION('',(1.,0.,0.));
#5319 = ORIENTED_EDGE('',*,*,#3053,.T.);
#5320 = ORIENTED_EDGE('',*,*,#2812,.T.);
#5321 = ORIENTED_EDGE('',*,*,#3825,.F.);
#5322 = ORIENTED_EDGE('',*,*,#5323,.T.);
#5323 = EDGE_CURVE('',#3826,#5324,#5326,.T.);
#5324 = VERTEX_POINT('',#5325);
#5325 = CARTESIAN_POINT('',(-0.8,-11.4721401665,1.5));
#5326 = CIRCLE('',#5327,11.5);
#5327 = AXIS2_PLACEMENT_3D('',#5328,#5329,#5330);
#5328 = CARTESIAN_POINT('',(0.,0.,1.5));
#5329 = DIRECTION('',(0.,0.,-1.));
#5330 = DIRECTION('',(1.,0.,0.));
#5331 = ORIENTED_EDGE('',*,*,#5332,.T.);
#5332 = EDGE_CURVE('',#5324,#5333,#5335,.T.);
#5333 = VERTEX_POINT('',#5334);
#5334 = CARTESIAN_POINT('',(-0.8,-11.4721401665,1.));
#5335 = LINE('',#5336,#5337);
#5336 = CARTESIAN_POINT('',(-0.8,-11.4721401665,0.));
#5337 = VECTOR('',#5338,1.);
#5338 = DIRECTION('',(-0.,-0.,-1.));
#5339 = ORIENTED_EDGE('',*,*,#5340,.F.);
#5340 = EDGE_CURVE('',#5306,#5333,#5341,.T.);
#5341 = CIRCLE('',#5342,11.5);
#5342 = AXIS2_PLACEMENT_3D('',#5343,#5344,#5345);
#5343 = CARTESIAN_POINT('',(0.,0.,1.));
#5344 = DIRECTION('',(0.,0.,1.));
#5345 = DIRECTION('',(-6.956521739132E-02,0.997577405783,0.));
#5346 = CYLINDRICAL_SURFACE('',#5347,11.5);
#5347 = AXIS2_PLACEMENT_3D('',#5348,#5349,#5350);
#5348 = CARTESIAN_POINT('',(0.,0.,0.));
#5349 = DIRECTION('',(-0.,-0.,-1.));
#5350 = DIRECTION('',(1.,0.,0.));
#5351 = ADVANCED_FACE('',(#5352),#5363,.T.);
#5352 = FACE_BOUND('',#5353,.T.);
#5353 = EDGE_LOOP('',(#5354,#5355,#5356,#5357));
#5354 = ORIENTED_EDGE('',*,*,#3005,.F.);
#5355 = ORIENTED_EDGE('',*,*,#2963,.T.);
#5356 = ORIENTED_EDGE('',*,*,#3774,.T.);
#5357 = ORIENTED_EDGE('',*,*,#5358,.F.);
#5358 = EDGE_CURVE('',#2998,#3775,#5359,.T.);
#5359 = LINE('',#5360,#5361);
#5360 = CARTESIAN_POINT('',(3.5,9.7,95.8));
#5361 = VECTOR('',#5362,1.);
#5362 = DIRECTION('',(-1.,0.,0.));
#5363 = PLANE('',#5364);
#5364 = AXIS2_PLACEMENT_3D('',#5365,#5366,#5367);
#5365 = CARTESIAN_POINT('',(3.5,10.095,96.4));
#5366 = DIRECTION('',(0.,-0.835248836088,0.549872150425));
#5367 = DIRECTION('',(-1.,0.,0.));
#5368 = ADVANCED_FACE('',(#5369),#5375,.F.);
#5369 = FACE_BOUND('',#5370,.F.);
#5370 = EDGE_LOOP('',(#5371,#5372,#5373,#5374));
#5371 = ORIENTED_EDGE('',*,*,#3782,.F.);
#5372 = ORIENTED_EDGE('',*,*,#5358,.F.);
#5373 = ORIENTED_EDGE('',*,*,#2997,.F.);
#5374 = ORIENTED_EDGE('',*,*,#3027,.F.);
#5375 = PLANE('',#5376);
#5376 = AXIS2_PLACEMENT_3D('',#5377,#5378,#5379);
#5377 = CARTESIAN_POINT('',(11.000000000009,9.7,96.));
#5378 = DIRECTION('',(0.,1.,0.));
#5379 = DIRECTION('',(0.,0.,1.));
#5380 = ADVANCED_FACE('',(#5381),#5406,.T.);
#5381 = FACE_BOUND('',#5382,.F.);
#5382 = EDGE_LOOP('',(#5383,#5391,#5399,#5405));
#5383 = ORIENTED_EDGE('',*,*,#5384,.F.);
#5384 = EDGE_CURVE('',#5385,#3070,#5387,.T.);
#5385 = VERTEX_POINT('',#5386);
#5386 = CARTESIAN_POINT('',(0.8,10.5,0.));
#5387 = LINE('',#5388,#5389);
#5388 = CARTESIAN_POINT('',(0.8,11.875,1.375));
#5389 = VECTOR('',#5390,1.);
#5390 = DIRECTION('',(0.,0.707106781187,0.707106781187));
#5391 = ORIENTED_EDGE('',*,*,#5392,.T.);
#5392 = EDGE_CURVE('',#5385,#5393,#5395,.T.);
#5393 = VERTEX_POINT('',#5394);
#5394 = CARTESIAN_POINT('',(22.,10.5,0.));
#5395 = LINE('',#5396,#5397);
#5396 = CARTESIAN_POINT('',(0.8,10.5,0.));
#5397 = VECTOR('',#5398,1.);
#5398 = DIRECTION('',(1.,0.,0.));
#5399 = ORIENTED_EDGE('',*,*,#5400,.T.);
#5400 = EDGE_CURVE('',#5393,#3045,#5401,.T.);
#5401 = LINE('',#5402,#5403);
#5402 = CARTESIAN_POINT('',(22.,11.,0.5));
#5403 = VECTOR('',#5404,1.);
#5404 = DIRECTION('',(0.,0.707106781187,0.707106781187));
#5405 = ORIENTED_EDGE('',*,*,#3077,.F.);
#5406 = PLANE('',#5407);
#5407 = AXIS2_PLACEMENT_3D('',#5408,#5409,#5410);
#5408 = CARTESIAN_POINT('',(0.8,11.,0.5));
#5409 = DIRECTION('',(0.,0.707106781187,-0.707106781187));
#5410 = DIRECTION('',(-1.,-0.,-0.));
#5411 = ADVANCED_FACE('',(#5412),#5447,.F.);
#5412 = FACE_BOUND('',#5413,.F.);
#5413 = EDGE_LOOP('',(#5414,#5422,#5423,#5424,#5432,#5440));
#5414 = ORIENTED_EDGE('',*,*,#5415,.F.);
#5415 = EDGE_CURVE('',#5385,#5416,#5418,.T.);
#5416 = VERTEX_POINT('',#5417);
#5417 = CARTESIAN_POINT('',(0.8,9.064766957843,0.));
#5418 = LINE('',#5419,#5420);
#5419 = CARTESIAN_POINT('',(0.8,15.,0.));
#5420 = VECTOR('',#5421,1.);
#5421 = DIRECTION('',(0.,-1.,0.));
#5422 = ORIENTED_EDGE('',*,*,#5384,.T.);
#5423 = ORIENTED_EDGE('',*,*,#3069,.T.);
#5424 = ORIENTED_EDGE('',*,*,#5425,.T.);
#5425 = EDGE_CURVE('',#3062,#5426,#5428,.T.);
#5426 = VERTEX_POINT('',#5427);
#5427 = CARTESIAN_POINT('',(0.8,8.060397012555,1.5));
#5428 = LINE('',#5429,#5430);
#5429 = CARTESIAN_POINT('',(0.8,15.,1.5));
#5430 = VECTOR('',#5431,1.);
#5431 = DIRECTION('',(0.,-1.,0.));
#5432 = ORIENTED_EDGE('',*,*,#5433,.T.);
#5433 = EDGE_CURVE('',#5426,#5434,#5436,.T.);
#5434 = VERTEX_POINT('',#5435);
#5435 = CARTESIAN_POINT('',(0.8,8.060397012555,1.));
#5436 = LINE('',#5437,#5438);
#5437 = CARTESIAN_POINT('',(0.8,8.060397012555,0.));
#5438 = VECTOR('',#5439,1.);
#5439 = DIRECTION('',(0.,0.,-1.));
#5440 = ORIENTED_EDGE('',*,*,#5441,.F.);
#5441 = EDGE_CURVE('',#5416,#5434,#5442,.T.);
#5442 = HYPERBOLA('',#5443,0.8,0.8);
#5443 = AXIS2_PLACEMENT_3D('',#5444,#5445,#5446);
#5444 = CARTESIAN_POINT('',(0.8,0.,9.1));
#5445 = DIRECTION('',(-1.,-0.,-0.));
#5446 = DIRECTION('',(0.,0.,-1.));
#5447 = PLANE('',#5448);
#5448 = AXIS2_PLACEMENT_3D('',#5449,#5450,#5451);
#5449 = CARTESIAN_POINT('',(0.8,15.,0.));
#5450 = DIRECTION('',(1.,0.,0.));
#5451 = DIRECTION('',(0.,-1.,0.));
#5452 = ADVANCED_FACE('',(#5453),#5473,.F.);
#5453 = FACE_BOUND('',#5454,.F.);
#5454 = EDGE_LOOP('',(#5455,#5456,#5464,#5471,#5472));
#5455 = ORIENTED_EDGE('',*,*,#5313,.F.);
#5456 = ORIENTED_EDGE('',*,*,#5457,.F.);
#5457 = EDGE_CURVE('',#5458,#5304,#5460,.T.);
#5458 = VERTEX_POINT('',#5459);
#5459 = CARTESIAN_POINT('',(-0.8,8.060397012555,1.5));
#5460 = LINE('',#5461,#5462);
#5461 = CARTESIAN_POINT('',(-0.8,-15.,1.5));
#5462 = VECTOR('',#5463,1.);
#5463 = DIRECTION('',(0.,1.,0.));
#5464 = ORIENTED_EDGE('',*,*,#5465,.T.);
#5465 = EDGE_CURVE('',#5458,#5426,#5466,.T.);
#5466 = CIRCLE('',#5467,8.1);
#5467 = AXIS2_PLACEMENT_3D('',#5468,#5469,#5470);
#5468 = CARTESIAN_POINT('',(0.,0.,1.5));
#5469 = DIRECTION('',(0.,0.,-1.));
#5470 = DIRECTION('',(1.,0.,0.));
#5471 = ORIENTED_EDGE('',*,*,#5425,.F.);
#5472 = ORIENTED_EDGE('',*,*,#3061,.T.);
#5473 = PLANE('',#5474);
#5474 = AXIS2_PLACEMENT_3D('',#5475,#5476,#5477);
#5475 = CARTESIAN_POINT('',(0.,0.,1.5));
#5476 = DIRECTION('',(0.,0.,1.));
#5477 = DIRECTION('',(1.,0.,0.));
#5478 = ADVANCED_FACE('',(#5479),#5498,.F.);
#5479 = FACE_BOUND('',#5480,.F.);
#5480 = EDGE_LOOP('',(#5481,#5489,#5496,#5497));
#5481 = ORIENTED_EDGE('',*,*,#5482,.T.);
#5482 = EDGE_CURVE('',#3086,#5483,#5485,.T.);
#5483 = VERTEX_POINT('',#5484);
#5484 = CARTESIAN_POINT('',(12.5,11.225,74.8));
#5485 = LINE('',#5486,#5487);
#5486 = CARTESIAN_POINT('',(12.5,11.5,74.8));
#5487 = VECTOR('',#5488,1.);
#5488 = DIRECTION('',(0.,-1.,2.2E-16));
#5489 = ORIENTED_EDGE('',*,*,#5490,.T.);
#5490 = EDGE_CURVE('',#5483,#5483,#5491,.T.);
#5491 = CIRCLE('',#5492,4.5);
#5492 = AXIS2_PLACEMENT_3D('',#5493,#5494,#5495);
#5493 = CARTESIAN_POINT('',(17.,11.225,74.8));
#5494 = DIRECTION('',(0.,1.,-0.));
#5495 = DIRECTION('',(-1.,0.,0.));
#5496 = ORIENTED_EDGE('',*,*,#5482,.F.);
#5497 = ORIENTED_EDGE('',*,*,#3085,.F.);
#5498 = CYLINDRICAL_SURFACE('',#5499,4.5);
#5499 = AXIS2_PLACEMENT_3D('',#5500,#5501,#5502);
#5500 = CARTESIAN_POINT('',(17.,11.5,74.8));
#5501 = DIRECTION('',(0.,1.,-2.2E-16));
#5502 = DIRECTION('',(-1.,0.,0.));
#5503 = ADVANCED_FACE('',(#5504),#5523,.F.);
#5504 = FACE_BOUND('',#5505,.F.);
#5505 = EDGE_LOOP('',(#5506,#5514,#5521,#5522));
#5506 = ORIENTED_EDGE('',*,*,#5507,.T.);
#5507 = EDGE_CURVE('',#3097,#5508,#5510,.T.);
#5508 = VERTEX_POINT('',#5509);
#5509 = CARTESIAN_POINT('',(6.5,11.225,84.8));
#5510 = LINE('',#5511,#5512);
#5511 = CARTESIAN_POINT('',(6.5,11.5,84.8));
#5512 = VECTOR('',#5513,1.);
#5513 = DIRECTION('',(0.,-1.,2.2E-16));
#5514 = ORIENTED_EDGE('',*,*,#5515,.T.);
#5515 = EDGE_CURVE('',#5508,#5508,#5516,.T.);
#5516 = CIRCLE('',#5517,4.5);
#5517 = AXIS2_PLACEMENT_3D('',#5518,#5519,#5520);
#5518 = CARTESIAN_POINT('',(11.,11.225,84.8));
#5519 = DIRECTION('',(0.,1.,-0.));
#5520 = DIRECTION('',(-1.,0.,0.));
#5521 = ORIENTED_EDGE('',*,*,#5507,.F.);
#5522 = ORIENTED_EDGE('',*,*,#3096,.F.);
#5523 = CYLINDRICAL_SURFACE('',#5524,4.5);
#5524 = AXIS2_PLACEMENT_3D('',#5525,#5526,#5527);
#5525 = CARTESIAN_POINT('',(11.,11.5,84.8));
#5526 = DIRECTION('',(0.,1.,-2.2E-16));
#5527 = DIRECTION('',(-1.,0.,0.));
#5528 = ADVANCED_FACE('',(#5529),#5548,.F.);
#5529 = FACE_BOUND('',#5530,.F.);
#5530 = EDGE_LOOP('',(#5531,#5539,#5546,#5547));
#5531 = ORIENTED_EDGE('',*,*,#5532,.T.);
#5532 = EDGE_CURVE('',#3108,#5533,#5535,.T.);
#5533 = VERTEX_POINT('',#5534);
#5534 = CARTESIAN_POINT('',(0.5,11.225,74.8));
#5535 = LINE('',#5536,#5537);
#5536 = CARTESIAN_POINT('',(0.5,11.5,74.8));
#5537 = VECTOR('',#5538,1.);
#5538 = DIRECTION('',(0.,-1.,2.2E-16));
#5539 = ORIENTED_EDGE('',*,*,#5540,.T.);
#5540 = EDGE_CURVE('',#5533,#5533,#5541,.T.);
#5541 = CIRCLE('',#5542,4.5);
#5542 = AXIS2_PLACEMENT_3D('',#5543,#5544,#5545);
#5543 = CARTESIAN_POINT('',(5.,11.225,74.8));
#5544 = DIRECTION('',(0.,1.,-0.));
#5545 = DIRECTION('',(-1.,0.,0.));
#5546 = ORIENTED_EDGE('',*,*,#5532,.F.);
#5547 = ORIENTED_EDGE('',*,*,#3107,.F.);
#5548 = CYLINDRICAL_SURFACE('',#5549,4.5);
#5549 = AXIS2_PLACEMENT_3D('',#5550,#5551,#5552);
#5550 = CARTESIAN_POINT('',(5.,11.5,74.8));
#5551 = DIRECTION('',(0.,1.,-2.2E-16));
#5552 = DIRECTION('',(-1.,0.,0.));
#5553 = ADVANCED_FACE('',(#5554),#5573,.F.);
#5554 = FACE_BOUND('',#5555,.F.);
#5555 = EDGE_LOOP('',(#5556,#5557,#5558,#5559,#5567));
#5556 = ORIENTED_EDGE('',*,*,#3235,.F.);
#5557 = ORIENTED_EDGE('',*,*,#3150,.T.);
#5558 = ORIENTED_EDGE('',*,*,#3188,.T.);
#5559 = ORIENTED_EDGE('',*,*,#5560,.T.);
#5560 = EDGE_CURVE('',#3181,#5561,#5563,.T.);
#5561 = VERTEX_POINT('',#5562);
#5562 = CARTESIAN_POINT('',(20.,9.7,95.8));
#5563 = LINE('',#5564,#5565);
#5564 = CARTESIAN_POINT('',(20.,9.7,95.));
#5565 = VECTOR('',#5566,1.);
#5566 = DIRECTION('',(0.,0.,1.));
#5567 = ORIENTED_EDGE('',*,*,#5568,.F.);
#5568 = EDGE_CURVE('',#3236,#5561,#5569,.T.);
#5569 = LINE('',#5570,#5571);
#5570 = CARTESIAN_POINT('',(20.,9.834731723269,96.004655782181));
#5571 = VECTOR('',#5572,1.);
#5572 = DIRECTION('',(-0.,-0.549872150425,-0.835248836088));
#5573 = PLANE('',#5574);
#5574 = AXIS2_PLACEMENT_3D('',#5575,#5576,#5577);
#5575 = CARTESIAN_POINT('',(20.,10.5,95.));
#5576 = DIRECTION('',(-1.,0.,0.));
#5577 = DIRECTION('',(0.,2.2E-16,1.));
#5578 = ADVANCED_FACE('',(#5579),#5590,.F.);
#5579 = FACE_BOUND('',#5580,.F.);
#5580 = EDGE_LOOP('',(#5581,#5582,#5588,#5589));
#5581 = ORIENTED_EDGE('',*,*,#3219,.F.);
#5582 = ORIENTED_EDGE('',*,*,#5583,.F.);
#5583 = EDGE_CURVE('',#5561,#3212,#5584,.T.);
#5584 = LINE('',#5585,#5586);
#5585 = CARTESIAN_POINT('',(20.,9.7,95.8));
#5586 = VECTOR('',#5587,1.);
#5587 = DIRECTION('',(-1.,0.,0.));
#5588 = ORIENTED_EDGE('',*,*,#5560,.F.);
#5589 = ORIENTED_EDGE('',*,*,#3180,.F.);
#5590 = PLANE('',#5591);
#5591 = AXIS2_PLACEMENT_3D('',#5592,#5593,#5594);
#5592 = CARTESIAN_POINT('',(11.000000000009,9.7,96.));
#5593 = DIRECTION('',(0.,1.,0.));
#5594 = DIRECTION('',(0.,0.,1.));
#5595 = ADVANCED_FACE('',(#5596),#5602,.T.);
#5596 = FACE_BOUND('',#5597,.T.);
#5597 = EDGE_LOOP('',(#5598,#5599,#5600,#5601));
#5598 = ORIENTED_EDGE('',*,*,#5568,.F.);
#5599 = ORIENTED_EDGE('',*,*,#3243,.T.);
#5600 = ORIENTED_EDGE('',*,*,#3211,.T.);
#5601 = ORIENTED_EDGE('',*,*,#5583,.F.);
#5602 = PLANE('',#5603);
#5603 = AXIS2_PLACEMENT_3D('',#5604,#5605,#5606);
#5604 = CARTESIAN_POINT('',(20.,10.095,96.4));
#5605 = DIRECTION('',(0.,-0.835248836088,0.549872150425));
#5606 = DIRECTION('',(-1.,0.,0.));
#5607 = ADVANCED_FACE('',(#5608),#5689,.T.);
#5608 = FACE_BOUND('',#5609,.T.);
#5609 = EDGE_LOOP('',(#5610,#5662,#5669,#5683,#5688));
#5610 = ORIENTED_EDGE('',*,*,#5611,.F.);
#5611 = EDGE_CURVE('',#5612,#3260,#5614,.T.);
#5612 = VERTEX_POINT('',#5613);
#5613 = CARTESIAN_POINT('',(-7.5,7.19436E-10,5.000000000097));
#5614 = B_SPLINE_CURVE_WITH_KNOTS('',6,(#5615,#5616,#5617,#5618,#5619,
    #5620,#5621,#5622,#5623,#5624,#5625,#5626,#5627,#5628,#5629,#5630,
    #5631,#5632,#5633,#5634,#5635,#5636,#5637,#5638,#5639,#5640,#5641,
    #5642,#5643,#5644,#5645,#5646,#5647,#5648,#5649,#5650,#5651,#5652,
    #5653,#5654,#5655,#5656,#5657,#5658,#5659,#5660,#5661),
  .UNSPECIFIED.,.F.,.F.,(7,5,5,5,5,5,5,5,5,7),(0.,8.865642269401E-02,
    0.248821168387,0.423837096356,0.539846539456,0.604367187175,
    0.654984103232,0.83009327293,0.972078169671,1.),.UNSPECIFIED.);
#5615 = CARTESIAN_POINT('',(-7.5,7.1963147E-10,5.000000000097));
#5616 = CARTESIAN_POINT('',(-7.500000000033,-0.348142005521,
    5.048020719356));
#5617 = CARTESIAN_POINT('',(-7.480607225259,-0.696288677242,
    5.096042074099));
#5618 = CARTESIAN_POINT('',(-7.441822224218,-1.043079719894,
    5.144062526702));
#5619 = CARTESIAN_POINT('',(-7.383770122614,-1.38717022753,
    5.192082906384));
#5620 = CARTESIAN_POINT('',(-7.306700356331,-1.727232696329,
    5.240104095557));
#5621 = CARTESIAN_POINT('',(-7.038071681555,-2.666668294148,
    5.374877714512));
#5622 = CARTESIAN_POINT('',(-6.804278864419,-3.2540650631,5.46164345314)
  );
#5623 = CARTESIAN_POINT('',(-6.511821695141,-3.816287870679,
    5.548395193743));
#5624 = CARTESIAN_POINT('',(-6.164228577502,-4.346197875709,
    5.635147117398));
#5625 = CARTESIAN_POINT('',(-5.766003564161,-4.837228083287,
    5.721913291221));
#5626 = CARTESIAN_POINT('',(-4.838759059912,-5.771372707967,
    5.903464065825));
#5627 = CARTESIAN_POINT('',(-4.300857693972,-6.206001378603,
    5.998280404145));
#5628 = CARTESIAN_POINT('',(-3.716724378536,-6.57985178914,
    6.093073538719));
#5629 = CARTESIAN_POINT('',(-3.094997438038,-6.887148993782,
    6.187866481536));
#5630 = CARTESIAN_POINT('',(-2.445082134728,-7.123475679114,
    6.282682395316));
#5631 = CARTESIAN_POINT('',(-1.334819362717,-7.394307709022,
    6.440315746215));
#5632 = CARTESIAN_POINT('',(-0.884356024525,-7.470013188793,
    6.503154783886));
#5633 = CARTESIAN_POINT('',(-0.42898331662,-7.512732869264,
    6.565991117983));
#5634 = CARTESIAN_POINT('',(2.829226730344E-02,-7.522126152673,
    6.628827665492));
#5635 = CARTESIAN_POINT('',(0.484445041245,-7.498189245165,
    6.691667264187));
#5636 = CARTESIAN_POINT('',(1.187814864498,-7.409675371469,
    6.789452246238));
#5637 = CARTESIAN_POINT('',(1.437914725773,-7.36785017416,6.824400207334
    ));
#5638 = CARTESIAN_POINT('',(1.68621456398,-7.315899615982,6.859348170115
    ));
#5639 = CARTESIAN_POINT('',(1.932203630387,-7.253923359726,
    6.894296094504));
#5640 = CARTESIAN_POINT('',(2.1753790802,-7.182055357451,6.929243944151)
  );
#5641 = CARTESIAN_POINT('',(2.603423289218,-7.036454721537,6.9916084437)
  );
#5642 = CARTESIAN_POINT('',(2.789565257119,-6.966460959159,
    7.019025176939));
#5643 = CARTESIAN_POINT('',(2.973433333216,-6.890563728134,
    7.046441875112));
#5644 = CARTESIAN_POINT('',(3.154794253014,-6.808856428622,7.07385852969
    ));
#5645 = CARTESIAN_POINT('',(3.333420030577,-6.721444696153,
    7.101275134646));
#5646 = CARTESIAN_POINT('',(4.1168109769,-6.30671889617,7.223539219617)
  );
#5647 = CARTESIAN_POINT('',(4.689263684288,-5.918061794352,
    7.318405668655));
#5648 = CARTESIAN_POINT('',(5.216939868844,-5.467444709397,
    7.413249104488));
#5649 = CARTESIAN_POINT('',(5.691791810323,-4.961467010003,
    7.508092758753));
#5650 = CARTESIAN_POINT('',(6.106850327135,-4.40785828559,7.602959686864
    ));
#5651 = CARTESIAN_POINT('',(6.74038136713,-3.335884814411,7.774713891054
    ));
#5652 = CARTESIAN_POINT('',(6.981262517978,-2.830538535035,
    7.851627280159));
#5653 = CARTESIAN_POINT('',(7.176456285787,-2.304705741436,
    7.928532876705));
#5654 = CARTESIAN_POINT('',(7.323925162831,-1.763546163948,8.0054384119)
  );
#5655 = CARTESIAN_POINT('',(7.422321419253,-1.212441049312,
    8.082351610768));
#5656 = CARTESIAN_POINT('',(7.480770802789,-0.547804977927,
    8.174381509235));
#5657 = CARTESIAN_POINT('',(7.488460015899,-0.438412642183,
    8.189505348692));
#5658 = CARTESIAN_POINT('',(7.494229391672,-0.328893841299,
    8.204629177323));
#5659 = CARTESIAN_POINT('',(7.498076464001,-0.219290694371,
    8.219752994434));
#5660 = CARTESIAN_POINT('',(7.499999999998,-0.109645352742,
    8.234876802712));
#5661 = CARTESIAN_POINT('',(7.5,2.66E-15,8.250000608229));
#5662 = ORIENTED_EDGE('',*,*,#5663,.T.);
#5663 = EDGE_CURVE('',#5612,#5664,#5666,.T.);
#5664 = VERTEX_POINT('',#5665);
#5665 = CARTESIAN_POINT('',(-7.899999999028,7.19126E-10,5.000000000096)
  );
#5666 = B_SPLINE_CURVE_WITH_KNOTS('',1,(#5667,#5668),.UNSPECIFIED.,.F.,
  .F.,(2,2),(-1.,-0.),.PIECEWISE_BEZIER_KNOTS.);
#5667 = CARTESIAN_POINT('',(-6.899999999028,7.2007943E-10,5.000000000097
    ));
#5668 = CARTESIAN_POINT('',(-7.899999999028,7.1900722E-10,5.000000000096
    ));
#5669 = ORIENTED_EDGE('',*,*,#5670,.T.);
#5670 = EDGE_CURVE('',#5664,#5671,#5673,.T.);
#5671 = VERTEX_POINT('',#5672);
#5672 = CARTESIAN_POINT('',(7.67044035345,1.890593744976,8.500000000468)
  );
#5673 = B_SPLINE_CURVE_WITH_KNOTS('',8,(#5674,#5675,#5676,#5677,#5678,
    #5679,#5680,#5681,#5682),.UNSPECIFIED.,.F.,.F.,(9,9),(0.,
    3.401309322044),.PIECEWISE_BEZIER_KNOTS.);
#5674 = CARTESIAN_POINT('',(-7.899999999028,7.1920248E-10,5.000000000096
    ));
#5675 = CARTESIAN_POINT('',(-7.899999950765,-3.340962931176,
    5.437500004884));
#5676 = CARTESIAN_POINT('',(-6.284629044198,-6.681928767089,
    5.874999988211));
#5677 = CARTESIAN_POINT('',(-3.058752473849,-9.112198575785,
    6.312500019602));
#5678 = CARTESIAN_POINT('',(1.180578266594,-9.722938168443,
    6.749999982591));
#5679 = CARTESIAN_POINT('',(5.1505628073,-8.115407264376,7.187500010827)
  );
#5680 = CARTESIAN_POINT('',(7.701099222517,-4.983753877891,
    7.624999997277));
#5681 = CARTESIAN_POINT('',(8.469985115578,-1.353286895293,
    8.062500000962));
#5682 = CARTESIAN_POINT('',(7.67044035345,1.890593744976,8.500000000468)
  );
#5683 = ORIENTED_EDGE('',*,*,#5684,.F.);
#5684 = EDGE_CURVE('',#3262,#5671,#5685,.T.);
#5685 = B_SPLINE_CURVE_WITH_KNOTS('',1,(#5686,#5687),.UNSPECIFIED.,.F.,
  .F.,(2,2),(-1.,-0.),.PIECEWISE_BEZIER_KNOTS.);
#5686 = CARTESIAN_POINT('',(6.699498536024,1.651278080686,8.500000000468
    ));
#5687 = CARTESIAN_POINT('',(7.67044035345,1.890593744976,8.500000000468)
  );
#5688 = ORIENTED_EDGE('',*,*,#3259,.F.);
#5689 = B_SPLINE_SURFACE_WITH_KNOTS('',1,8,(
    (#5690,#5691,#5692,#5693,#5694,#5695,#5696,#5697,#5698)
    ,(#5699,#5700,#5701,#5702,#5703,#5704,#5705,#5706,#5707
  )),.UNSPECIFIED.,.F.,.F.,.F.,(2,2),(9,9),(-1.,-0.),(0.,3.401309322044)
  ,.PIECEWISE_BEZIER_KNOTS.);
#5690 = CARTESIAN_POINT('',(-6.899999999028,7.2027806E-10,5.000000000097
    ));
#5691 = CARTESIAN_POINT('',(-6.899999950765,-2.918056227776,
    5.437500004892));
#5692 = CARTESIAN_POINT('',(-5.489106395539,-5.836115006692,
    5.874999988192));
#5693 = CARTESIAN_POINT('',(-2.671568593606,-7.958755703657,
    6.312500019632));
#5694 = CARTESIAN_POINT('',(1.031137959846,-8.492186514059,
    6.749999982569));
#5695 = CARTESIAN_POINT('',(4.498592839804,-7.088140513372,
    7.187500010835));
#5696 = CARTESIAN_POINT('',(6.726276534269,-4.352898959237,
    7.624999997278));
#5697 = CARTESIAN_POINT('',(7.397835099502,-1.181984756408,
    8.062500000963));
#5698 = CARTESIAN_POINT('',(6.699498536024,1.651278080686,8.500000000468
    ));
#5699 = CARTESIAN_POINT('',(-7.899999999028,7.1920248E-10,5.000000000096
    ));
#5700 = CARTESIAN_POINT('',(-7.899999950765,-3.340962931176,
    5.437500004884));
#5701 = CARTESIAN_POINT('',(-6.284629044198,-6.681928767089,
    5.874999988211));
#5702 = CARTESIAN_POINT('',(-3.058752473849,-9.112198575785,
    6.312500019602));
#5703 = CARTESIAN_POINT('',(1.180578266594,-9.722938168443,
    6.749999982591));
#5704 = CARTESIAN_POINT('',(5.1505628073,-8.115407264376,7.187500010827)
  );
#5705 = CARTESIAN_POINT('',(7.701099222517,-4.983753877891,
    7.624999997277));
#5706 = CARTESIAN_POINT('',(8.469985115578,-1.353286895293,
    8.062500000962));
#5707 = CARTESIAN_POINT('',(7.67044035345,1.890593744976,8.500000000468)
  );
#5708 = ADVANCED_FACE('',(#5709),#5725,.T.);
#5709 = FACE_BOUND('',#5710,.T.);
#5710 = EDGE_LOOP('',(#5711,#5718,#5723,#5724));
#5711 = ORIENTED_EDGE('',*,*,#5712,.T.);
#5712 = EDGE_CURVE('',#5671,#5713,#5715,.T.);
#5713 = VERTEX_POINT('',#5714);
#5714 = CARTESIAN_POINT('',(7.67044035345,1.890593744977,10.000000000468
    ));
#5715 = B_SPLINE_CURVE_WITH_KNOTS('',1,(#5716,#5717),.UNSPECIFIED.,.F.,
  .F.,(2,2),(-1.5,-0.),.PIECEWISE_BEZIER_KNOTS.);
#5716 = CARTESIAN_POINT('',(7.67044035345,1.890593744976,8.500000000468)
  );
#5717 = CARTESIAN_POINT('',(7.67044035345,1.890593744977,10.000000000468
    ));
#5718 = ORIENTED_EDGE('',*,*,#5719,.T.);
#5719 = EDGE_CURVE('',#5713,#3513,#5720,.T.);
#5720 = B_SPLINE_CURVE_WITH_KNOTS('',1,(#5721,#5722),.UNSPECIFIED.,.F.,
  .F.,(2,2),(-1.,-0.),.PIECEWISE_BEZIER_KNOTS.);
#5721 = CARTESIAN_POINT('',(7.67044035345,1.890593744977,10.000000000467
    ));
#5722 = CARTESIAN_POINT('',(6.699498536025,1.651278080687,
    10.000000000467));
#5723 = ORIENTED_EDGE('',*,*,#3523,.T.);
#5724 = ORIENTED_EDGE('',*,*,#5684,.T.);
#5725 = PLANE('',#5726);
#5726 = AXIS2_PLACEMENT_3D('',#5727,#5728,#5729);
#5727 = CARTESIAN_POINT('',(7.184969444737,1.770935912832,9.250000000468
    ));
#5728 = DIRECTION('',(0.23931566429,-0.970941817425,7.1E-15));
#5729 = DIRECTION('',(6.178502706372E-13,1.595989019817E-13,1.));
#5730 = ADVANCED_FACE('',(#5731),#5755,.T.);
#5731 = FACE_BOUND('',#5732,.T.);
#5732 = EDGE_LOOP('',(#5733,#5747,#5752,#5753,#5754));
#5733 = ORIENTED_EDGE('',*,*,#5734,.F.);
#5734 = EDGE_CURVE('',#5735,#5713,#5737,.T.);
#5735 = VERTEX_POINT('',#5736);
#5736 = CARTESIAN_POINT('',(-7.899999999028,7.19142E-10,6.500000000095)
  );
#5737 = B_SPLINE_CURVE_WITH_KNOTS('',8,(#5738,#5739,#5740,#5741,#5742,
    #5743,#5744,#5745,#5746),.UNSPECIFIED.,.F.,.F.,(9,9),(0.,
    3.401309322044),.PIECEWISE_BEZIER_KNOTS.);
#5738 = CARTESIAN_POINT('',(-7.899999999028,7.1921669E-10,6.500000000095
    ));
#5739 = CARTESIAN_POINT('',(-7.899999950775,-3.340962931176,
    6.937500004882));
#5740 = CARTESIAN_POINT('',(-6.284629044174,-6.681928767091,
    7.374999988216));
#5741 = CARTESIAN_POINT('',(-3.058752473888,-9.112198575784,
    7.812500019592));
#5742 = CARTESIAN_POINT('',(1.180578266628,-9.722938168448,
    8.249999982596));
#5743 = CARTESIAN_POINT('',(5.150562807284,-8.115407264374,
    8.687500010823));
#5744 = CARTESIAN_POINT('',(7.701099222521,-4.983753877893,
    9.124999997277));
#5745 = CARTESIAN_POINT('',(8.46998511558,-1.353286895293,9.562500000961
    ));
#5746 = CARTESIAN_POINT('',(7.67044035345,1.890593744977,10.000000000467
    ));
#5747 = ORIENTED_EDGE('',*,*,#5748,.T.);
#5748 = EDGE_CURVE('',#5735,#3410,#5749,.T.);
#5749 = B_SPLINE_CURVE_WITH_KNOTS('',1,(#5750,#5751),.UNSPECIFIED.,.F.,
  .F.,(2,2),(-1.,-0.),.PIECEWISE_BEZIER_KNOTS.);
#5750 = CARTESIAN_POINT('',(-7.899999999028,7.1902739E-10,6.500000000095
    ));
#5751 = CARTESIAN_POINT('',(-6.899999999028,7.2009293E-10,6.500000000095
    ));
#5752 = ORIENTED_EDGE('',*,*,#3452,.T.);
#5753 = ORIENTED_EDGE('',*,*,#3512,.T.);
#5754 = ORIENTED_EDGE('',*,*,#5719,.F.);
#5755 = B_SPLINE_SURFACE_WITH_KNOTS('',1,8,(
    (#5756,#5757,#5758,#5759,#5760,#5761,#5762,#5763,#5764)
    ,(#5765,#5766,#5767,#5768,#5769,#5770,#5771,#5772,#5773
  )),.UNSPECIFIED.,.F.,.F.,.F.,(2,2),(9,9),(-1.,-0.),(0.,3.401309322044)
  ,.PIECEWISE_BEZIER_KNOTS.);
#5756 = CARTESIAN_POINT('',(-7.899999999028,7.1921669E-10,6.500000000095
    ));
#5757 = CARTESIAN_POINT('',(-7.899999950775,-3.340962931176,
    6.937500004882));
#5758 = CARTESIAN_POINT('',(-6.284629044174,-6.681928767091,
    7.374999988216));
#5759 = CARTESIAN_POINT('',(-3.058752473888,-9.112198575784,
    7.812500019592));
#5760 = CARTESIAN_POINT('',(1.180578266628,-9.722938168448,
    8.249999982596));
#5761 = CARTESIAN_POINT('',(5.150562807284,-8.115407264374,
    8.687500010823));
#5762 = CARTESIAN_POINT('',(7.701099222521,-4.983753877893,
    9.124999997277));
#5763 = CARTESIAN_POINT('',(8.46998511558,-1.353286895293,9.562500000961
    ));
#5764 = CARTESIAN_POINT('',(7.67044035345,1.890593744977,10.000000000467
    ));
#5765 = CARTESIAN_POINT('',(-6.899999999028,7.2029493E-10,6.500000000095
    ));
#5766 = CARTESIAN_POINT('',(-6.899999950776,-2.918056227776,
    6.93750000489));
#5767 = CARTESIAN_POINT('',(-5.489106395515,-5.836115006694,
    7.374999988197));
#5768 = CARTESIAN_POINT('',(-2.671568593644,-7.958755703656,
    7.812500019623));
#5769 = CARTESIAN_POINT('',(1.03113795988,-8.492186514065,8.249999982574
    ));
#5770 = CARTESIAN_POINT('',(4.498592839788,-7.08814051337,8.687500010832
    ));
#5771 = CARTESIAN_POINT('',(6.726276534273,-4.352898959239,
    9.124999997277));
#5772 = CARTESIAN_POINT('',(7.397835099504,-1.181984756408,
    9.562500000962));
#5773 = CARTESIAN_POINT('',(6.699498536025,1.651278080687,
    10.000000000467));
#5774 = ADVANCED_FACE('',(#5775),#5804,.T.);
#5775 = FACE_BOUND('',#5776,.T.);
#5776 = EDGE_LOOP('',(#5777,#5794,#5802,#5803));
#5777 = ORIENTED_EDGE('',*,*,#5778,.F.);
#5778 = EDGE_CURVE('',#5779,#5735,#5781,.T.);
#5779 = VERTEX_POINT('',#5780);
#5780 = CARTESIAN_POINT('',(6.995104833079,3.671312153416,3.75));
#5781 = B_SPLINE_CURVE_WITH_KNOTS('',11,(#5782,#5783,#5784,#5785,#5786,
    #5787,#5788,#5789,#5790,#5791,#5792,#5793),.UNSPECIFIED.,.F.,.F.,(12
    ,12),(0.,6.316717312367),.PIECEWISE_BEZIER_KNOTS.);
#5782 = CARTESIAN_POINT('',(-7.9,-4.37E-15,-4.4E-16));
#5783 = CARTESIAN_POINT('',(-7.900000006317,-4.5124694811,0.590909090338
    ));
#5784 = CARTESIAN_POINT('',(-5.065341635701,-9.024836439554,
    1.181818183372));
#5785 = CARTESIAN_POINT('',(0.609855768962,-11.55887593037,
    1.772727270527));
#5786 = CARTESIAN_POINT('',(7.542977054734,-10.12837703082,2.36363636329
    ));
#5787 = CARTESIAN_POINT('',(12.712503188674,-4.17695334749,
    2.954545460906));
#5788 = CARTESIAN_POINT('',(12.712503026474,4.176953379064,
    3.545454533013));
#5789 = CARTESIAN_POINT('',(7.542977179478,10.12837695438,4.136363649771
    ));
#5790 = CARTESIAN_POINT('',(0.609855703355,11.558875995902,
    4.727272717786));
#5791 = CARTESIAN_POINT('',(-5.065341607348,9.024836407522,
    5.318181822445));
#5792 = CARTESIAN_POINT('',(-7.900000012157,4.512469491927,
    5.909090907861));
#5793 = CARTESIAN_POINT('',(-7.899999999028,7.1902739E-10,6.500000000095
    ));
#5794 = ORIENTED_EDGE('',*,*,#5795,.F.);
#5795 = EDGE_CURVE('',#3401,#5779,#5796,.T.);
#5796 = B_SPLINE_CURVE_WITH_KNOTS('',4,(#5797,#5798,#5799,#5800,#5801),
  .UNSPECIFIED.,.F.,.F.,(5,5),(0.,1.),.PIECEWISE_BEZIER_KNOTS.);
#5797 = CARTESIAN_POINT('',(6.109648525204,3.206589096029,3.75));
#5798 = CARTESIAN_POINT('',(6.331012602173,3.322769860376,3.75));
#5799 = CARTESIAN_POINT('',(6.552376679141,3.438950624722,3.75));
#5800 = CARTESIAN_POINT('',(6.77374075611,3.555131389069,3.75));
#5801 = CARTESIAN_POINT('',(6.995104833079,3.671312153416,3.75));
#5802 = ORIENTED_EDGE('',*,*,#3409,.T.);
#5803 = ORIENTED_EDGE('',*,*,#5748,.F.);
#5804 = B_SPLINE_SURFACE_WITH_KNOTS('',1,11,(
    (#5805,#5806,#5807,#5808,#5809,#5810,#5811,#5812,#5813,#5814,#5815
      ,#5816)
    ,(#5817,#5818,#5819,#5820,#5821,#5822,#5823,#5824,#5825,#5826,#5827
      ,#5828
    )),.UNSPECIFIED.,.F.,.F.,.F.,(2,2),(12,12),(-1.,-0.),(0.,
    6.316717312367),.PIECEWISE_BEZIER_KNOTS.);
#5805 = CARTESIAN_POINT('',(-7.9,-4.37E-15,-4.4E-16));
#5806 = CARTESIAN_POINT('',(-7.900000006317,-4.5124694811,0.590909090338
    ));
#5807 = CARTESIAN_POINT('',(-5.065341635701,-9.024836439554,
    1.181818183372));
#5808 = CARTESIAN_POINT('',(0.609855768962,-11.55887593037,
    1.772727270527));
#5809 = CARTESIAN_POINT('',(7.542977054734,-10.12837703082,2.36363636329
    ));
#5810 = CARTESIAN_POINT('',(12.712503188674,-4.17695334749,
    2.954545460906));
#5811 = CARTESIAN_POINT('',(12.712503026474,4.176953379064,
    3.545454533013));
#5812 = CARTESIAN_POINT('',(7.542977179478,10.12837695438,4.136363649771
    ));
#5813 = CARTESIAN_POINT('',(0.609855703355,11.558875995902,
    4.727272717786));
#5814 = CARTESIAN_POINT('',(-5.065341607348,9.024836407522,
    5.318181822445));
#5815 = CARTESIAN_POINT('',(-7.900000012157,4.512469491927,
    5.909090907861));
#5816 = CARTESIAN_POINT('',(-7.899999999028,7.1902739E-10,6.500000000095
    ));
#5817 = CARTESIAN_POINT('',(-6.9,5.31E-15,0.));
#5818 = CARTESIAN_POINT('',(-6.900000006317,-3.941270816856,
    0.590909090337));
#5819 = CARTESIAN_POINT('',(-4.424159148251,-7.88245205534,
    1.181818183377));
#5820 = CARTESIAN_POINT('',(0.532658833185,-10.09572715331,
    1.772727270513));
#5821 = CARTESIAN_POINT('',(6.588169832655,-8.846303840652,
    2.363636363313));
#5822 = CARTESIAN_POINT('',(11.103325576732,-3.648225284392,
    2.954545460884));
#5823 = CARTESIAN_POINT('',(11.10332541449,3.648225316016,3.545454533025
    ));
#5824 = CARTESIAN_POINT('',(6.588169957434,8.846303764092,4.136363649765
    ));
#5825 = CARTESIAN_POINT('',(0.532658767564,10.095727218938,4.72727271779
    ));
#5826 = CARTESIAN_POINT('',(-4.42415911989,7.882452023257,5.318181822444
    ));
#5827 = CARTESIAN_POINT('',(-6.900000012156,3.941270827698,5.90909090786
    ));
#5828 = CARTESIAN_POINT('',(-6.899999999028,7.2009293E-10,6.500000000095
    ));
#5829 = ADVANCED_FACE('',(#5830,#5841),#5949,.F.);
#5830 = FACE_BOUND('',#5831,.F.);
#5831 = EDGE_LOOP('',(#5832));
#5832 = ORIENTED_EDGE('',*,*,#5833,.F.);
#5833 = EDGE_CURVE('',#5834,#5834,#5836,.T.);
#5834 = VERTEX_POINT('',#5835);
#5835 = CARTESIAN_POINT('',(8.1,0.,3.75));
#5836 = CIRCLE('',#5837,8.1);
#5837 = AXIS2_PLACEMENT_3D('',#5838,#5839,#5840);
#5838 = CARTESIAN_POINT('',(0.,0.,3.75));
#5839 = DIRECTION('',(0.,0.,-1.));
#5840 = DIRECTION('',(1.,0.,0.));
#5841 = FACE_BOUND('',#5842,.F.);
#5842 = EDGE_LOOP('',(#5843,#5844,#5845,#5854,#5864,#5895,#5905,#5914,
    #5924));
#5843 = ORIENTED_EDGE('',*,*,#5795,.F.);
#5844 = ORIENTED_EDGE('',*,*,#3400,.T.);
#5845 = ORIENTED_EDGE('',*,*,#5846,.T.);
#5846 = EDGE_CURVE('',#3393,#5847,#5849,.T.);
#5847 = VERTEX_POINT('',#5848);
#5848 = CARTESIAN_POINT('',(2.659537417009,-7.012621530322,3.75));
#5849 = CIRCLE('',#5850,7.5);
#5850 = AXIS2_PLACEMENT_3D('',#5851,#5852,#5853);
#5851 = CARTESIAN_POINT('',(0.,0.,3.75));
#5852 = DIRECTION('',(0.,0.,-1.));
#5853 = DIRECTION('',(1.,0.,0.));
#5854 = ORIENTED_EDGE('',*,*,#5855,.T.);
#5855 = EDGE_CURVE('',#5847,#5856,#5858,.T.);
#5856 = VERTEX_POINT('',#5857);
#5857 = CARTESIAN_POINT('',(2.801379188445,-7.386627420782,3.75));
#5858 = B_SPLINE_CURVE_WITH_KNOTS('',4,(#5859,#5860,#5861,#5862,#5863),
  .UNSPECIFIED.,.F.,.F.,(5,5),(0.,1.),.PIECEWISE_BEZIER_KNOTS.);
#5859 = CARTESIAN_POINT('',(2.446774227833,-6.451611291804,3.75));
#5860 = CARTESIAN_POINT('',(2.535425467986,-6.685365324048,3.75));
#5861 = CARTESIAN_POINT('',(2.624076708139,-6.919119356293,3.75));
#5862 = CARTESIAN_POINT('',(2.712727948292,-7.152873388537,3.75));
#5863 = CARTESIAN_POINT('',(2.801379188445,-7.386627420782,3.75));
#5864 = ORIENTED_EDGE('',*,*,#5865,.T.);
#5865 = EDGE_CURVE('',#5856,#5866,#5868,.T.);
#5866 = VERTEX_POINT('',#5867);
#5867 = CARTESIAN_POINT('',(-6.995104833152,-3.671312153638,3.75));
#5868 = B_SPLINE_CURVE_WITH_KNOTS('',7,(#5869,#5870,#5871,#5872,#5873,
    #5874,#5875,#5876,#5877,#5878,#5879,#5880,#5881,#5882,#5883,#5884,
    #5885,#5886,#5887,#5888,#5889,#5890,#5891,#5892,#5893,#5894),
  .UNSPECIFIED.,.F.,.F.,(8,6,6,6,8),(0.,0.1580096444,0.183011272758,
    0.619997099655,1.),.UNSPECIFIED.);
#5869 = CARTESIAN_POINT('',(2.801379188445,-7.386627420782,3.75));
#5870 = CARTESIAN_POINT('',(2.559632692085,-7.478310219395,3.75));
#5871 = CARTESIAN_POINT('',(2.31438410422,-7.560762954453,3.75));
#5872 = CARTESIAN_POINT('',(2.066058801663,-7.633824432381,3.75));
#5873 = CARTESIAN_POINT('',(1.815088526529,-7.697358607143,3.75));
#5874 = CARTESIAN_POINT('',(1.56191138624,-7.751254580244,3.75));
#5875 = CARTESIAN_POINT('',(1.306971853516,-7.795426600724,3.75));
#5876 = CARTESIAN_POINT('',(1.010174542314,-7.835255141938,3.75));
#5877 = CARTESIAN_POINT('',(0.969595445449,-7.840451257076,3.75));
#5878 = CARTESIAN_POINT('',(0.928985251986,-7.84540217231,3.75));
#5879 = CARTESIAN_POINT('',(0.888345739988,-7.850107665506,3.75));
#5880 = CARTESIAN_POINT('',(0.847678689383,-7.854567530663,3.75));
#5881 = CARTESIAN_POINT('',(0.806985881968,-7.85878157791,3.75));
#5882 = CARTESIAN_POINT('',(5.460921391052E-02,-7.932104478432,3.75));
#5883 = CARTESIAN_POINT('',(-0.664597014506,-7.926332158996,3.75));
#5884 = CARTESIAN_POINT('',(-1.38143154601,-7.844386298867,3.75));
#5885 = CARTESIAN_POINT('',(-2.086301832663,-7.687008745988,3.75));
#5886 = CARTESIAN_POINT('',(-2.769916054156,-7.456274032333,3.75));
#5887 = CARTESIAN_POINT('',(-3.423277113754,-7.155590894572,3.75));
#5888 = CARTESIAN_POINT('',(-4.572289932995,-6.472315632591,3.75));
#5889 = CARTESIAN_POINT('',(-5.07763945745,-6.105373454511,3.75));
#5890 = CARTESIAN_POINT('',(-5.548302336022,-5.692587414795,3.75));
#5891 = CARTESIAN_POINT('',(-5.979386996054,-5.237951693856,3.75));
#5892 = CARTESIAN_POINT('',(-6.366577770831,-4.746017636272,3.75));
#5893 = CARTESIAN_POINT('',(-6.706145990157,-4.221882105842,3.75));
#5894 = CARTESIAN_POINT('',(-6.995104833152,-3.671312153638,3.75));
#5895 = ORIENTED_EDGE('',*,*,#5896,.T.);
#5896 = EDGE_CURVE('',#5866,#5897,#5899,.T.);
#5897 = VERTEX_POINT('',#5898);
#5898 = CARTESIAN_POINT('',(-6.640921003473,-3.485422244956,3.75));
#5899 = B_SPLINE_CURVE_WITH_KNOTS('',4,(#5900,#5901,#5902,#5903,#5904),
  .UNSPECIFIED.,.F.,.F.,(5,5),(0.,1.),.PIECEWISE_BEZIER_KNOTS.);
#5900 = CARTESIAN_POINT('',(-6.995104833152,-3.671312153638,3.75));
#5901 = CARTESIAN_POINT('',(-6.773740756185,-3.555131389287,3.75));
#5902 = CARTESIAN_POINT('',(-6.552376679218,-3.438950624936,3.75));
#5903 = CARTESIAN_POINT('',(-6.331012602252,-3.322769860586,3.75));
#5904 = CARTESIAN_POINT('',(-6.109648525285,-3.206589096235,3.75));
#5905 = ORIENTED_EDGE('',*,*,#5906,.T.);
#5906 = EDGE_CURVE('',#5897,#5907,#5909,.T.);
#5907 = VERTEX_POINT('',#5908);
#5908 = CARTESIAN_POINT('',(-2.65953741685,7.012621530382,3.75));
#5909 = CIRCLE('',#5910,7.5);
#5910 = AXIS2_PLACEMENT_3D('',#5911,#5912,#5913);
#5911 = CARTESIAN_POINT('',(0.,0.,3.75));
#5912 = DIRECTION('',(0.,0.,-1.));
#5913 = DIRECTION('',(1.,0.,0.));
#5914 = ORIENTED_EDGE('',*,*,#5915,.F.);
#5915 = EDGE_CURVE('',#5916,#5907,#5918,.T.);
#5916 = VERTEX_POINT('',#5917);
#5917 = CARTESIAN_POINT('',(-2.801379188216,7.386627420679,3.75));
#5918 = B_SPLINE_CURVE_WITH_KNOTS('',4,(#5919,#5920,#5921,#5922,#5923),
  .UNSPECIFIED.,.F.,.F.,(5,5),(0.,1.),.PIECEWISE_BEZIER_KNOTS.);
#5919 = CARTESIAN_POINT('',(-2.801379188216,7.386627420679,3.75));
#5920 = CARTESIAN_POINT('',(-2.712727948067,7.152873388433,3.75));
#5921 = CARTESIAN_POINT('',(-2.624076707919,6.919119356187,3.75));
#5922 = CARTESIAN_POINT('',(-2.53542546777,6.685365323941,3.75));
#5923 = CARTESIAN_POINT('',(-2.446774227621,6.451611291695,3.75));
#5924 = ORIENTED_EDGE('',*,*,#5925,.F.);
#5925 = EDGE_CURVE('',#5779,#5916,#5926,.T.);
#5926 = B_SPLINE_CURVE_WITH_KNOTS('',6,(#5927,#5928,#5929,#5930,#5931,
    #5932,#5933,#5934,#5935,#5936,#5937,#5938,#5939,#5940,#5941,#5942,
    #5943,#5944,#5945,#5946,#5947,#5948),.UNSPECIFIED.,.F.,.F.,(7,5,5,5,
    7),(0.,0.327995183748,0.598997022034,0.868998200199,1.),
  .UNSPECIFIED.);
#5927 = CARTESIAN_POINT('',(6.995104833082,3.671312153409,3.75));
#5928 = CARTESIAN_POINT('',(6.704110750652,4.225759964746,3.75));
#5929 = CARTESIAN_POINT('',(6.360344901176,4.75259702689,3.75));
#5930 = CARTESIAN_POINT('',(5.967153512477,5.245391100807,3.75));
#5931 = CARTESIAN_POINT('',(5.528838643567,5.698519745166,3.75));
#5932 = CARTESIAN_POINT('',(5.050424749578,6.106995526107,3.75));
#5933 = CARTESIAN_POINT('',(4.114363469178,6.763855766411,3.75));
#5934 = CARTESIAN_POINT('',(3.667486192131,7.027771513706,3.75));
#5935 = CARTESIAN_POINT('',(3.200547965242,7.256084087993,3.75));
#5936 = CARTESIAN_POINT('',(2.717101219366,7.446969337645,3.75));
#5937 = CARTESIAN_POINT('',(2.220888469631,7.599034174892,3.75));
#5938 = CARTESIAN_POINT('',(1.212723348889,7.823361324628,3.75));
#5939 = CARTESIAN_POINT('',(0.700779256927,7.895928826264,3.75));
#5940 = CARTESIAN_POINT('',(0.183957284356,7.928227954277,3.75));
#5941 = CARTESIAN_POINT('',(-0.333806556008,7.91993485662,3.75));
#5942 = CARTESIAN_POINT('',(-0.848565431312,7.871190072964,3.75));
#5943 = CARTESIAN_POINT('',(-1.602746518966,7.739751631193,3.75));
#5944 = CARTESIAN_POINT('',(-1.847496000597,7.68745267845,3.75));
#5945 = CARTESIAN_POINT('',(-2.090168859721,7.625871600392,3.75));
#5946 = CARTESIAN_POINT('',(-2.330326465897,7.555113788627,3.75));
#5947 = CARTESIAN_POINT('',(-2.567537746799,7.475312212818,3.75));
#5948 = CARTESIAN_POINT('',(-2.801379188216,7.386627420679,3.75));
#5949 = PLANE('',#5950);
#5950 = AXIS2_PLACEMENT_3D('',#5951,#5952,#5953);
#5951 = CARTESIAN_POINT('',(-3.4E-16,-6.8E-16,3.75));
#5952 = DIRECTION('',(0.,0.,1.));
#5953 = DIRECTION('',(1.,0.,0.));
#5954 = ADVANCED_FACE('',(#5955),#5979,.F.);
#5955 = FACE_BOUND('',#5956,.F.);
#5956 = EDGE_LOOP('',(#5957,#5958,#5959));
#5957 = ORIENTED_EDGE('',*,*,#5846,.F.);
#5958 = ORIENTED_EDGE('',*,*,#3392,.T.);
#5959 = ORIENTED_EDGE('',*,*,#5960,.F.);
#5960 = EDGE_CURVE('',#5847,#3341,#5961,.T.);
#5961 = B_SPLINE_CURVE_WITH_KNOTS('',6,(#5962,#5963,#5964,#5965,#5966,
    #5967,#5968,#5969,#5970,#5971,#5972,#5973,#5974,#5975,#5976,#5977,
    #5978),.UNSPECIFIED.,.F.,.F.,(7,5,5,7),(0.,0.309262968887,
    0.775654289692,1.),.UNSPECIFIED.);
#5962 = CARTESIAN_POINT('',(2.657721820465,-7.013309826681,3.74973217357
    ));
#5963 = CARTESIAN_POINT('',(3.094594089384,-6.847755332362,
    3.814173912834));
#5964 = CARTESIAN_POINT('',(3.519110752206,-6.649537063236,
    3.878618538024));
#5965 = CARTESIAN_POINT('',(3.928175183257,-6.419822375092,
    3.943059781394));
#5966 = CARTESIAN_POINT('',(4.318911152444,-6.160153420413,
    4.007500920254));
#5967 = CARTESIAN_POINT('',(4.688636342419,-5.872389217556,
    4.071945261302));
#5968 = CARTESIAN_POINT('',(5.557095723148,-5.08577291526,4.233568914785
    ));
#5969 = CARTESIAN_POINT('',(6.026090081928,-4.553815226853,4.33077275774
    ));
#5970 = CARTESIAN_POINT('',(6.433277177645,-3.970592571751,
    4.427950812374));
#5971 = CARTESIAN_POINT('',(6.772069167258,-3.345156881387,
    4.525128895621));
#5972 = CARTESIAN_POINT('',(7.037328194553,-2.687454283494,
    4.622333088486));
#5973 = CARTESIAN_POINT('',(7.316786902392,-1.682108341137,
    4.766262853421));
#5974 = CARTESIAN_POINT('',(7.389847503922,-1.350654459683,4.81301068409
    ));
#5975 = CARTESIAN_POINT('',(7.444867316584,-1.015483561418,
    4.859757904752));
#5976 = CARTESIAN_POINT('',(7.481622278404,-0.677821311447,
    4.906505106659));
#5977 = CARTESIAN_POINT('',(7.499999999985,-0.338908622064,4.95325288242
    ));
#5978 = CARTESIAN_POINT('',(7.5,-6.7845729E-10,5.000000000079));
#5979 = CYLINDRICAL_SURFACE('',#5980,7.5);
#5980 = AXIS2_PLACEMENT_3D('',#5981,#5982,#5983);
#5981 = CARTESIAN_POINT('',(0.,0.,0.));
#5982 = DIRECTION('',(0.,0.,-1.));
#5983 = DIRECTION('',(1.,0.,0.));
#5984 = ADVANCED_FACE('',(#5985),#6014,.F.);
#5985 = FACE_BOUND('',#5986,.F.);
#5986 = EDGE_LOOP('',(#5987,#6003,#6008,#6009));
#5987 = ORIENTED_EDGE('',*,*,#5988,.F.);
#5988 = EDGE_CURVE('',#5989,#5991,#5993,.T.);
#5989 = VERTEX_POINT('',#5990);
#5990 = CARTESIAN_POINT('',(7.899999999198,-6.78061E-10,5.000000000079)
  );
#5991 = VERTEX_POINT('',#5992);
#5992 = CARTESIAN_POINT('',(-7.670440353605,-1.89059374505,
    8.500000000451));
#5993 = B_SPLINE_CURVE_WITH_KNOTS('',8,(#5994,#5995,#5996,#5997,#5998,
    #5999,#6000,#6001,#6002),.UNSPECIFIED.,.F.,.F.,(9,9),(0.,
    3.401309322044),.PIECEWISE_BEZIER_KNOTS.);
#5994 = CARTESIAN_POINT('',(7.899999999198,-6.7813932E-10,5.000000000079
    ));
#5995 = CARTESIAN_POINT('',(7.899999950919,3.340962931289,5.437500004867
    ));
#5996 = CARTESIAN_POINT('',(6.284629044342,6.681928767148,5.874999988172
    ));
#5997 = CARTESIAN_POINT('',(3.058752473763,9.112198576307,6.312500019655
    ));
#5998 = CARTESIAN_POINT('',(-1.18057826651,9.722938168286,6.749999982477
    ));
#5999 = CARTESIAN_POINT('',(-5.150562807584,8.115407264813,
    7.187500010869));
#6000 = CARTESIAN_POINT('',(-7.701099222636,4.98375387784,7.624999997247
    ));
#6001 = CARTESIAN_POINT('',(-8.469985115767,1.353286895285,
    8.062500000945));
#6002 = CARTESIAN_POINT('',(-7.670440353605,-1.89059374505,
    8.500000000451));
#6003 = ORIENTED_EDGE('',*,*,#6004,.T.);
#6004 = EDGE_CURVE('',#5989,#3341,#6005,.T.);
#6005 = B_SPLINE_CURVE_WITH_KNOTS('',1,(#6006,#6007),.UNSPECIFIED.,.F.,
  .F.,(2,2),(-1.,-0.),.PIECEWISE_BEZIER_KNOTS.);
#6006 = CARTESIAN_POINT('',(7.899999999198,-6.7799292E-10,5.000000000079
    ));
#6007 = CARTESIAN_POINT('',(6.899999999198,-6.7906298E-10,5.00000000008)
  );
#6008 = ORIENTED_EDGE('',*,*,#3340,.T.);
#6009 = ORIENTED_EDGE('',*,*,#6010,.F.);
#6010 = EDGE_CURVE('',#5991,#3333,#6011,.T.);
#6011 = B_SPLINE_CURVE_WITH_KNOTS('',1,(#6012,#6013),.UNSPECIFIED.,.F.,
  .F.,(2,2),(-1.,-0.),.PIECEWISE_BEZIER_KNOTS.);
#6012 = CARTESIAN_POINT('',(-7.670440353605,-1.89059374505,
    8.500000000451));
#6013 = CARTESIAN_POINT('',(-6.69949853618,-1.65127808076,8.500000000451
    ));
#6014 = B_SPLINE_SURFACE_WITH_KNOTS('',1,8,(
    (#6015,#6016,#6017,#6018,#6019,#6020,#6021,#6022,#6023)
    ,(#6024,#6025,#6026,#6027,#6028,#6029,#6030,#6031,#6032
  )),.UNSPECIFIED.,.F.,.F.,.F.,(2,2),(9,9),(-1.,-0.),(0.,3.401309322044)
  ,.PIECEWISE_BEZIER_KNOTS.);
#6015 = CARTESIAN_POINT('',(7.899999999198,-6.7813932E-10,5.000000000079
    ));
#6016 = CARTESIAN_POINT('',(7.899999950919,3.340962931289,5.437500004867
    ));
#6017 = CARTESIAN_POINT('',(6.284629044342,6.681928767148,5.874999988172
    ));
#6018 = CARTESIAN_POINT('',(3.058752473763,9.112198576307,6.312500019655
    ));
#6019 = CARTESIAN_POINT('',(-1.18057826651,9.722938168286,6.749999982477
    ));
#6020 = CARTESIAN_POINT('',(-5.150562807584,8.115407264813,
    7.187500010869));
#6021 = CARTESIAN_POINT('',(-7.701099222636,4.98375387784,7.624999997247
    ));
#6022 = CARTESIAN_POINT('',(-8.469985115767,1.353286895285,
    8.062500000945));
#6023 = CARTESIAN_POINT('',(-7.670440353605,-1.89059374505,
    8.500000000451));
#6024 = CARTESIAN_POINT('',(6.899999999198,-6.7921402E-10,5.00000000008)
  );
#6025 = CARTESIAN_POINT('',(6.899999950919,2.918056227889,5.437500004874
    ));
#6026 = CARTESIAN_POINT('',(5.489106395683,5.836115006751,5.874999988153
    ));
#6027 = CARTESIAN_POINT('',(2.67156859352,7.958755704179,6.312500019683)
  );
#6028 = CARTESIAN_POINT('',(-1.031137959763,8.492186513904,
    6.749999982455));
#6029 = CARTESIAN_POINT('',(-4.498592840087,7.088140513809,
    7.187500010879));
#6030 = CARTESIAN_POINT('',(-6.726276534388,4.352898959186,
    7.624999997247));
#6031 = CARTESIAN_POINT('',(-7.397835099691,1.1819847564,8.062500000945)
  );
#6032 = CARTESIAN_POINT('',(-6.69949853618,-1.65127808076,8.500000000451
    ));
#6033 = ADVANCED_FACE('',(#6034),#6050,.F.);
#6034 = FACE_BOUND('',#6035,.F.);
#6035 = EDGE_LOOP('',(#6036,#6037,#6044,#6049));
#6036 = ORIENTED_EDGE('',*,*,#3332,.F.);
#6037 = ORIENTED_EDGE('',*,*,#6038,.T.);
#6038 = EDGE_CURVE('',#3281,#6039,#6041,.T.);
#6039 = VERTEX_POINT('',#6040);
#6040 = CARTESIAN_POINT('',(-7.670440353606,-1.89059374505,
    10.000000000451));
#6041 = B_SPLINE_CURVE_WITH_KNOTS('',1,(#6042,#6043),.UNSPECIFIED.,.F.,
  .F.,(2,2),(-1.,-0.),.PIECEWISE_BEZIER_KNOTS.);
#6042 = CARTESIAN_POINT('',(-6.699498536181,-1.651278080761,
    10.000000000451));
#6043 = CARTESIAN_POINT('',(-7.670440353606,-1.89059374505,
    10.000000000451));
#6044 = ORIENTED_EDGE('',*,*,#6045,.T.);
#6045 = EDGE_CURVE('',#6039,#5991,#6046,.T.);
#6046 = B_SPLINE_CURVE_WITH_KNOTS('',1,(#6047,#6048),.UNSPECIFIED.,.F.,
  .F.,(2,2),(-1.5,-0.),.PIECEWISE_BEZIER_KNOTS.);
#6047 = CARTESIAN_POINT('',(-7.670440353606,-1.89059374505,
    10.000000000451));
#6048 = CARTESIAN_POINT('',(-7.670440353605,-1.89059374505,
    8.500000000451));
#6049 = ORIENTED_EDGE('',*,*,#6010,.T.);
#6050 = PLANE('',#6051);
#6051 = AXIS2_PLACEMENT_3D('',#6052,#6053,#6054);
#6052 = CARTESIAN_POINT('',(-7.184969444893,-1.770935912905,
    9.250000000451));
#6053 = DIRECTION('',(0.23931566429,-0.970941817425,-1.62E-15));
#6054 = DIRECTION('',(-5.971587908424E-13,-1.488549057452E-13,1.));
#6055 = ADVANCED_FACE('',(#6056),#6079,.F.);
#6056 = FACE_BOUND('',#6057,.F.);
#6057 = EDGE_LOOP('',(#6058,#6059,#6066,#6078));
#6058 = ORIENTED_EDGE('',*,*,#3280,.F.);
#6059 = ORIENTED_EDGE('',*,*,#6060,.T.);
#6060 = EDGE_CURVE('',#3273,#6061,#6063,.T.);
#6061 = VERTEX_POINT('',#6062);
#6062 = CARTESIAN_POINT('',(7.899999999198,-6.78082E-10,6.500000000078)
  );
#6063 = B_SPLINE_CURVE_WITH_KNOTS('',1,(#6064,#6065),.UNSPECIFIED.,.F.,
  .F.,(2,2),(-1.,-0.),.PIECEWISE_BEZIER_KNOTS.);
#6064 = CARTESIAN_POINT('',(6.899999999198,-6.7909218E-10,6.500000000079
    ));
#6065 = CARTESIAN_POINT('',(7.899999999198,-6.7801527E-10,6.500000000078
    ));
#6066 = ORIENTED_EDGE('',*,*,#6067,.T.);
#6067 = EDGE_CURVE('',#6061,#6039,#6068,.T.);
#6068 = B_SPLINE_CURVE_WITH_KNOTS('',8,(#6069,#6070,#6071,#6072,#6073,
    #6074,#6075,#6076,#6077),.UNSPECIFIED.,.F.,.F.,(9,9),(0.,
    3.401309322044),.PIECEWISE_BEZIER_KNOTS.);
#6069 = CARTESIAN_POINT('',(7.899999999198,-6.7815975E-10,6.500000000078
    ));
#6070 = CARTESIAN_POINT('',(7.899999950929,3.340962931289,6.937500004866
    ));
#6071 = CARTESIAN_POINT('',(6.284629044319,6.681928767149,7.374999988179
    ));
#6072 = CARTESIAN_POINT('',(3.058752473798,9.112198576307,7.812500019642
    ));
#6073 = CARTESIAN_POINT('',(-1.180578266539,9.72293816829,8.24999998249)
  );
#6074 = CARTESIAN_POINT('',(-5.150562807572,8.115407264812,
    8.687500010861));
#6075 = CARTESIAN_POINT('',(-7.701099222639,4.983753877842,
    9.124999997249));
#6076 = CARTESIAN_POINT('',(-8.469985115769,1.353286895285,
    9.562500000945));
#6077 = CARTESIAN_POINT('',(-7.670440353606,-1.89059374505,
    10.000000000451));
#6078 = ORIENTED_EDGE('',*,*,#6038,.F.);
#6079 = B_SPLINE_SURFACE_WITH_KNOTS('',1,8,(
    (#6080,#6081,#6082,#6083,#6084,#6085,#6086,#6087,#6088)
    ,(#6089,#6090,#6091,#6092,#6093,#6094,#6095,#6096,#6097
  )),.UNSPECIFIED.,.F.,.F.,.F.,(2,2),(9,9),(-1.,-0.),(0.,3.401309322044)
  ,.PIECEWISE_BEZIER_KNOTS.);
#6080 = CARTESIAN_POINT('',(6.899999999198,-6.7923622E-10,6.500000000079
    ));
#6081 = CARTESIAN_POINT('',(6.899999950929,2.918056227889,6.937500004873
    ));
#6082 = CARTESIAN_POINT('',(5.489106395661,5.836115006752,7.374999988159
    ));
#6083 = CARTESIAN_POINT('',(2.671568593554,7.958755704179,7.812500019671
    ));
#6084 = CARTESIAN_POINT('',(-1.031137959791,8.492186513906,
    8.249999982468));
#6085 = CARTESIAN_POINT('',(-4.498592840075,7.088140513809,
    8.687500010872));
#6086 = CARTESIAN_POINT('',(-6.726276534391,4.352898959188,
    9.124999997249));
#6087 = CARTESIAN_POINT('',(-7.397835099693,1.1819847564,9.562500000945)
  );
#6088 = CARTESIAN_POINT('',(-6.699498536181,-1.651278080761,
    10.000000000451));
#6089 = CARTESIAN_POINT('',(7.899999999198,-6.7815975E-10,6.500000000078
    ));
#6090 = CARTESIAN_POINT('',(7.899999950929,3.340962931289,6.937500004866
    ));
#6091 = CARTESIAN_POINT('',(6.284629044319,6.681928767149,7.374999988179
    ));
#6092 = CARTESIAN_POINT('',(3.058752473798,9.112198576307,7.812500019642
    ));
#6093 = CARTESIAN_POINT('',(-1.180578266539,9.72293816829,8.24999998249)
  );
#6094 = CARTESIAN_POINT('',(-5.150562807572,8.115407264812,
    8.687500010861));
#6095 = CARTESIAN_POINT('',(-7.701099222639,4.983753877842,
    9.124999997249));
#6096 = CARTESIAN_POINT('',(-8.469985115769,1.353286895285,
    9.562500000945));
#6097 = CARTESIAN_POINT('',(-7.670440353606,-1.89059374505,
    10.000000000451));
#6098 = ADVANCED_FACE('',(#6099),#6165,.F.);
#6099 = FACE_BOUND('',#6100,.F.);
#6100 = EDGE_LOOP('',(#6101,#6102,#6143,#6144,#6145));
#6101 = ORIENTED_EDGE('',*,*,#5906,.F.);
#6102 = ORIENTED_EDGE('',*,*,#6103,.T.);
#6103 = EDGE_CURVE('',#5897,#3273,#6104,.T.);
#6104 = B_SPLINE_CURVE_WITH_KNOTS('',7,(#6105,#6106,#6107,#6108,#6109,
    #6110,#6111,#6112,#6113,#6114,#6115,#6116,#6117,#6118,#6119,#6120,
    #6121,#6122,#6123,#6124,#6125,#6126,#6127,#6128,#6129,#6130,#6131,
    #6132,#6133,#6134,#6135,#6136,#6137,#6138,#6139,#6140,#6141,#6142),
  .UNSPECIFIED.,.F.,.F.,(8,6,6,6,6,6,8),(0.,0.118025956572,
    0.365363881159,0.490206075493,0.686347794574,0.895121969243,1.),
  .UNSPECIFIED.);
#6105 = CARTESIAN_POINT('',(-6.641823129887,-3.483702844862,
    3.74973217357));
#6106 = CARTESIAN_POINT('',(-6.485673962867,-3.781407670851,
    3.796101722162));
#6107 = CARTESIAN_POINT('',(-6.313953937505,-4.070952506031,
    3.842472139179));
#6108 = CARTESIAN_POINT('',(-6.127179541704,-4.351350153153,
    3.888841929894));
#6109 = CARTESIAN_POINT('',(-5.925940834814,-4.621666637816,
    3.935211315409));
#6110 = CARTESIAN_POINT('',(-5.710895836902,-4.881018067434,
    3.981581088932));
#6111 = CARTESIAN_POINT('',(-5.482770030907,-5.128571295972,
    4.027951472418));
#6112 = CARTESIAN_POINT('',(-4.738554204984,-5.855971837157,
    4.171493972753));
#6113 = CARTESIAN_POINT('',(-4.180607602751,-6.29335624443,
    4.268700844072));
#6114 = CARTESIAN_POINT('',(-3.576037276688,-6.668227679641,
    4.365879825413));
#6115 = CARTESIAN_POINT('',(-2.933320210323,-6.974878877994,
    4.46304929543));
#6116 = CARTESIAN_POINT('',(-2.261575849894,-7.208958869984,
    4.560228003681));
#6117 = CARTESIAN_POINT('',(-1.570573418708,-7.367469139172,
    4.65743452319));
#6118 = CARTESIAN_POINT('',(-0.51767113477,-7.490557892281,
    4.803654479573));
#6119 = CARTESIAN_POINT('',(-0.162198816966,-7.512311576689,
    4.85270294879));
#6120 = CARTESIAN_POINT('',(0.194254589357,-7.514375757299,
    4.901750643206));
#6121 = CARTESIAN_POINT('',(0.55038199998,-7.496709773192,4.950797863967
    ));
#6122 = CARTESIAN_POINT('',(0.904881047492,-7.45937824545,4.999845670068
    ));
#6123 = CARTESIAN_POINT('',(1.256455201949,-7.402550999471,
    5.048894362395));
#6124 = CARTESIAN_POINT('',(2.14955869178,-7.207045546041,5.175001497903
    ));
#6125 = CARTESIAN_POINT('',(2.684996465054,-7.040135191295,
    5.252071768052));
#6126 = CARTESIAN_POINT('',(3.205040407208,-6.826870923669,
    5.329134295089));
#6127 = CARTESIAN_POINT('',(3.704925276364,-6.569016623922,5.4061918273)
  );
#6128 = CARTESIAN_POINT('',(4.180162162482,-6.268887782234,
    5.483254195491));
#6129 = CARTESIAN_POINT('',(4.626551438065,-5.929344822944,
    5.560324173139));
#6130 = CARTESIAN_POINT('',(5.480603619619,-5.154278738669,
    5.719405488604));
#6131 = CARTESIAN_POINT('',(5.884064885058,-4.713851573476,
    5.801441780901));
#6132 = CARTESIAN_POINT('',(6.245953464881,-4.236827652108,
    5.883467284067));
#6133 = CARTESIAN_POINT('',(6.562392380914,-3.727955372691,
    5.965485968225));
#6134 = CARTESIAN_POINT('',(6.830165558276,-3.19240607611,6.047511605731
    ));
#6135 = CARTESIAN_POINT('',(7.04672909722,-2.635756671617,6.129548283257
    ));
#6136 = CARTESIAN_POINT('',(7.292592616968,-1.776887010343,
    6.252774532709));
#6137 = CARTESIAN_POINT('',(7.361459514778,-1.485877320199,
    6.293979069134));
#6138 = CARTESIAN_POINT('',(7.416767891762,-1.191793946682,
    6.335183313085));
#6139 = CARTESIAN_POINT('',(7.458356814472,-0.895395071643,
    6.376387345819));
#6140 = CARTESIAN_POINT('',(7.486118825642,-0.597446614707,
    6.417591555944));
#6141 = CARTESIAN_POINT('',(7.499999999986,-0.298721679632,
    6.458796039505));
#6142 = CARTESIAN_POINT('',(7.5,-6.7872019E-10,6.500000000079));
#6143 = ORIENTED_EDGE('',*,*,#3272,.T.);
#6144 = ORIENTED_EDGE('',*,*,#5611,.F.);
#6145 = ORIENTED_EDGE('',*,*,#6146,.F.);
#6146 = EDGE_CURVE('',#5907,#5612,#6147,.T.);
#6147 = B_SPLINE_CURVE_WITH_KNOTS('',6,(#6148,#6149,#6150,#6151,#6152,
    #6153,#6154,#6155,#6156,#6157,#6158,#6159,#6160,#6161,#6162,#6163,
    #6164),.UNSPECIFIED.,.F.,.F.,(7,5,5,7),(0.,0.31148056588,
    0.770976141763,1.),.UNSPECIFIED.);
#6148 = CARTESIAN_POINT('',(-2.657722149186,7.013309702111,
    3.749732222082));
#6149 = CARTESIAN_POINT('',(-3.097727816607,6.846567770307,
    3.814636160869));
#6150 = CARTESIAN_POINT('',(-3.525200391826,6.64669168295,3.879543083627
    ));
#6151 = CARTESIAN_POINT('',(-3.936975498247,6.414874218283,
    3.944446502901));
#6152 = CARTESIAN_POINT('',(-4.330116168102,6.152693899539,
    4.009349816879));
#6153 = CARTESIAN_POINT('',(-4.701885122844,5.862054616394,
    4.074256452308));
#6154 = CARTESIAN_POINT('',(-5.563008884221,5.077869876623,
    4.234905576119));
#6155 = CARTESIAN_POINT('',(-6.024435317209,4.553401073008,
    4.330671171914));
#6156 = CARTESIAN_POINT('',(-6.425862914295,3.979221353538,
    4.426412796978));
#6157 = CARTESIAN_POINT('',(-6.760984405429,3.363981637192,
    4.522154450215));
#6158 = CARTESIAN_POINT('',(-7.024866297063,2.717183013703,
    4.617920361237));
#6159 = CARTESIAN_POINT('',(-7.309090125175,1.716654049623,
    4.761388271793));
#6160 = CARTESIAN_POINT('',(-7.385210141643,1.3786076723,4.809111059192)
  );
#6161 = CARTESIAN_POINT('',(-7.442543777328,1.036607714417,4.85683317302
    ));
#6162 = CARTESIAN_POINT('',(-7.480847739738,0.691957318589,
    4.904555261979));
#6163 = CARTESIAN_POINT('',(-7.499999999967,0.345976443075,
    4.952277987617));
#6164 = CARTESIAN_POINT('',(-7.5,7.1928545E-10,5.000000000097));
#6165 = CYLINDRICAL_SURFACE('',#6166,7.5);
#6166 = AXIS2_PLACEMENT_3D('',#6167,#6168,#6169);
#6167 = CARTESIAN_POINT('',(0.,0.,0.));
#6168 = DIRECTION('',(0.,0.,-1.));
#6169 = DIRECTION('',(1.,0.,0.));
#6170 = ADVANCED_FACE('',(#6171),#6182,.F.);
#6171 = FACE_BOUND('',#6172,.T.);
#6172 = EDGE_LOOP('',(#6173,#6174,#6175,#6176));
#6173 = ORIENTED_EDGE('',*,*,#3598,.F.);
#6174 = ORIENTED_EDGE('',*,*,#3557,.T.);
#6175 = ORIENTED_EDGE('',*,*,#3637,.T.);
#6176 = ORIENTED_EDGE('',*,*,#6177,.F.);
#6177 = EDGE_CURVE('',#3591,#3638,#6178,.T.);
#6178 = LINE('',#6179,#6180);
#6179 = CARTESIAN_POINT('',(2.,-9.7,95.8));
#6180 = VECTOR('',#6181,1.);
#6181 = DIRECTION('',(1.,0.,0.));
#6182 = PLANE('',#6183);
#6183 = AXIS2_PLACEMENT_3D('',#6184,#6185,#6186);
#6184 = CARTESIAN_POINT('',(2.,-10.095,96.4));
#6185 = DIRECTION('',(0.,-0.835248836088,-0.549872150425));
#6186 = DIRECTION('',(-1.,-0.,-0.));
#6187 = ADVANCED_FACE('',(#6188),#6194,.T.);
#6188 = FACE_BOUND('',#6189,.T.);
#6189 = EDGE_LOOP('',(#6190,#6191,#6192,#6193));
#6190 = ORIENTED_EDGE('',*,*,#3645,.T.);
#6191 = ORIENTED_EDGE('',*,*,#3620,.T.);
#6192 = ORIENTED_EDGE('',*,*,#3590,.T.);
#6193 = ORIENTED_EDGE('',*,*,#6177,.T.);
#6194 = PLANE('',#6195);
#6195 = AXIS2_PLACEMENT_3D('',#6196,#6197,#6198);
#6196 = CARTESIAN_POINT('',(10.999999999886,-9.7,95.999999999976));
#6197 = DIRECTION('',(0.,1.,0.));
#6198 = DIRECTION('',(0.,0.,1.));
#6199 = ADVANCED_FACE('',(#6200),#6211,.F.);
#6200 = FACE_BOUND('',#6201,.T.);
#6201 = EDGE_LOOP('',(#6202,#6203,#6204,#6205));
#6202 = ORIENTED_EDGE('',*,*,#3710,.F.);
#6203 = ORIENTED_EDGE('',*,*,#3669,.T.);
#6204 = ORIENTED_EDGE('',*,*,#3749,.T.);
#6205 = ORIENTED_EDGE('',*,*,#6206,.F.);
#6206 = EDGE_CURVE('',#3703,#3750,#6207,.T.);
#6207 = LINE('',#6208,#6209);
#6208 = CARTESIAN_POINT('',(18.5,-9.7,95.8));
#6209 = VECTOR('',#6210,1.);
#6210 = DIRECTION('',(1.,0.,0.));
#6211 = PLANE('',#6212);
#6212 = AXIS2_PLACEMENT_3D('',#6213,#6214,#6215);
#6213 = CARTESIAN_POINT('',(18.5,-10.095,96.4));
#6214 = DIRECTION('',(0.,-0.835248836088,-0.549872150425));
#6215 = DIRECTION('',(-1.,-0.,-0.));
#6216 = ADVANCED_FACE('',(#6217),#6223,.T.);
#6217 = FACE_BOUND('',#6218,.T.);
#6218 = EDGE_LOOP('',(#6219,#6220,#6221,#6222));
#6219 = ORIENTED_EDGE('',*,*,#3757,.T.);
#6220 = ORIENTED_EDGE('',*,*,#3732,.T.);
#6221 = ORIENTED_EDGE('',*,*,#3702,.T.);
#6222 = ORIENTED_EDGE('',*,*,#6206,.T.);
#6223 = PLANE('',#6224);
#6224 = AXIS2_PLACEMENT_3D('',#6225,#6226,#6227);
#6225 = CARTESIAN_POINT('',(10.999999999886,-9.7,95.999999999976));
#6226 = DIRECTION('',(0.,1.,0.));
#6227 = DIRECTION('',(0.,0.,1.));
#6228 = ADVANCED_FACE('',(#6229),#6248,.T.);
#6229 = FACE_BOUND('',#6230,.F.);
#6230 = EDGE_LOOP('',(#6231,#6232,#6241,#6247));
#6231 = ORIENTED_EDGE('',*,*,#5400,.F.);
#6232 = ORIENTED_EDGE('',*,*,#6233,.T.);
#6233 = EDGE_CURVE('',#5393,#6234,#6236,.T.);
#6234 = VERTEX_POINT('',#6235);
#6235 = CARTESIAN_POINT('',(22.,-10.5,0.));
#6236 = CIRCLE('',#6237,10.5);
#6237 = AXIS2_PLACEMENT_3D('',#6238,#6239,#6240);
#6238 = CARTESIAN_POINT('',(22.,0.,0.));
#6239 = DIRECTION('',(0.,0.,-1.));
#6240 = DIRECTION('',(3.1E-16,1.,0.));
#6241 = ORIENTED_EDGE('',*,*,#6242,.T.);
#6242 = EDGE_CURVE('',#6234,#3799,#6243,.T.);
#6243 = LINE('',#6244,#6245);
#6244 = CARTESIAN_POINT('',(22.,-11.5,1.));
#6245 = VECTOR('',#6246,1.);
#6246 = DIRECTION('',(-1.3E-16,-0.707106781187,0.707106781187));
#6247 = ORIENTED_EDGE('',*,*,#3808,.F.);
#6248 = CONICAL_SURFACE('',#6249,11.5,0.785398163397);
#6249 = AXIS2_PLACEMENT_3D('',#6250,#6251,#6252);
#6250 = CARTESIAN_POINT('',(22.,0.,1.));
#6251 = DIRECTION('',(0.,0.,1.));
#6252 = DIRECTION('',(3.1E-16,1.,0.));
#6253 = ADVANCED_FACE('',(#6254),#6272,.F.);
#6254 = FACE_BOUND('',#6255,.F.);
#6255 = EDGE_LOOP('',(#6256,#6257,#6265,#6271));
#6256 = ORIENTED_EDGE('',*,*,#6242,.F.);
#6257 = ORIENTED_EDGE('',*,*,#6258,.T.);
#6258 = EDGE_CURVE('',#6234,#6259,#6261,.T.);
#6259 = VERTEX_POINT('',#6260);
#6260 = CARTESIAN_POINT('',(0.8,-10.5,0.));
#6261 = LINE('',#6262,#6263);
#6262 = CARTESIAN_POINT('',(22.,-10.5,0.));
#6263 = VECTOR('',#6264,1.);
#6264 = DIRECTION('',(-1.,0.,0.));
#6265 = ORIENTED_EDGE('',*,*,#6266,.T.);
#6266 = EDGE_CURVE('',#6259,#3842,#6267,.T.);
#6267 = LINE('',#6268,#6269);
#6268 = CARTESIAN_POINT('',(0.8,-4.375,-6.125));
#6269 = VECTOR('',#6270,1.);
#6270 = DIRECTION('',(0.,-0.707106781187,0.707106781187));
#6271 = ORIENTED_EDGE('',*,*,#3849,.F.);
#6272 = PLANE('',#6273);
#6273 = AXIS2_PLACEMENT_3D('',#6274,#6275,#6276);
#6274 = CARTESIAN_POINT('',(22.,-11.,0.5));
#6275 = DIRECTION('',(0.,0.707106781187,0.707106781187));
#6276 = DIRECTION('',(-1.,0.,0.));
#6277 = ADVANCED_FACE('',(#6278),#6313,.F.);
#6278 = FACE_BOUND('',#6279,.F.);
#6279 = EDGE_LOOP('',(#6280,#6288,#6297,#6305,#6311,#6312));
#6280 = ORIENTED_EDGE('',*,*,#6281,.F.);
#6281 = EDGE_CURVE('',#6282,#6259,#6284,.T.);
#6282 = VERTEX_POINT('',#6283);
#6283 = CARTESIAN_POINT('',(0.8,-9.064766957843,0.));
#6284 = LINE('',#6285,#6286);
#6285 = CARTESIAN_POINT('',(0.8,15.,0.));
#6286 = VECTOR('',#6287,1.);
#6287 = DIRECTION('',(0.,-1.,0.));
#6288 = ORIENTED_EDGE('',*,*,#6289,.T.);
#6289 = EDGE_CURVE('',#6282,#6290,#6292,.T.);
#6290 = VERTEX_POINT('',#6291);
#6291 = CARTESIAN_POINT('',(0.8,-8.060397012555,1.));
#6292 = HYPERBOLA('',#6293,0.8,0.8);
#6293 = AXIS2_PLACEMENT_3D('',#6294,#6295,#6296);
#6294 = CARTESIAN_POINT('',(0.8,0.,9.1));
#6295 = DIRECTION('',(1.,-0.,0.));
#6296 = DIRECTION('',(0.,0.,-1.));
#6297 = ORIENTED_EDGE('',*,*,#6298,.F.);
#6298 = EDGE_CURVE('',#6299,#6290,#6301,.T.);
#6299 = VERTEX_POINT('',#6300);
#6300 = CARTESIAN_POINT('',(0.8,-8.060397012555,1.5));
#6301 = LINE('',#6302,#6303);
#6302 = CARTESIAN_POINT('',(0.8,-8.060397012555,0.));
#6303 = VECTOR('',#6304,1.);
#6304 = DIRECTION('',(0.,0.,-1.));
#6305 = ORIENTED_EDGE('',*,*,#6306,.T.);
#6306 = EDGE_CURVE('',#6299,#3834,#6307,.T.);
#6307 = LINE('',#6308,#6309);
#6308 = CARTESIAN_POINT('',(0.8,15.,1.5));
#6309 = VECTOR('',#6310,1.);
#6310 = DIRECTION('',(0.,-1.,0.));
#6311 = ORIENTED_EDGE('',*,*,#3841,.F.);
#6312 = ORIENTED_EDGE('',*,*,#6266,.F.);
#6313 = PLANE('',#6314);
#6314 = AXIS2_PLACEMENT_3D('',#6315,#6316,#6317);
#6315 = CARTESIAN_POINT('',(0.8,15.,0.));
#6316 = DIRECTION('',(1.,0.,0.));
#6317 = DIRECTION('',(0.,-1.,0.));
#6318 = ADVANCED_FACE('',(#6319),#6339,.F.);
#6319 = FACE_BOUND('',#6320,.F.);
#6320 = EDGE_LOOP('',(#6321,#6330,#6336,#6337,#6338));
#6321 = ORIENTED_EDGE('',*,*,#6322,.T.);
#6322 = EDGE_CURVE('',#6299,#6323,#6325,.T.);
#6323 = VERTEX_POINT('',#6324);
#6324 = CARTESIAN_POINT('',(-0.8,-8.060397012555,1.5));
#6325 = CIRCLE('',#6326,8.1);
#6326 = AXIS2_PLACEMENT_3D('',#6327,#6328,#6329);
#6327 = CARTESIAN_POINT('',(0.,0.,1.5));
#6328 = DIRECTION('',(0.,0.,-1.));
#6329 = DIRECTION('',(1.,0.,0.));
#6330 = ORIENTED_EDGE('',*,*,#6331,.F.);
#6331 = EDGE_CURVE('',#5324,#6323,#6332,.T.);
#6332 = LINE('',#6333,#6334);
#6333 = CARTESIAN_POINT('',(-0.8,-15.,1.5));
#6334 = VECTOR('',#6335,1.);
#6335 = DIRECTION('',(0.,1.,0.));
#6336 = ORIENTED_EDGE('',*,*,#5323,.F.);
#6337 = ORIENTED_EDGE('',*,*,#3833,.F.);
#6338 = ORIENTED_EDGE('',*,*,#6306,.F.);
#6339 = PLANE('',#6340);
#6340 = AXIS2_PLACEMENT_3D('',#6341,#6342,#6343);
#6341 = CARTESIAN_POINT('',(0.,0.,1.5));
#6342 = DIRECTION('',(0.,0.,1.));
#6343 = DIRECTION('',(1.,0.,0.));
#6344 = ADVANCED_FACE('',(#6345),#6370,.F.);
#6345 = FACE_BOUND('',#6346,.F.);
#6346 = EDGE_LOOP('',(#6347,#6355,#6363,#6369));
#6347 = ORIENTED_EDGE('',*,*,#6348,.T.);
#6348 = EDGE_CURVE('',#3858,#6349,#6351,.T.);
#6349 = VERTEX_POINT('',#6350);
#6350 = CARTESIAN_POINT('',(18.4,-11.25,82.6));
#6351 = LINE('',#6352,#6353);
#6352 = CARTESIAN_POINT('',(18.4,-11.5,82.6));
#6353 = VECTOR('',#6354,1.);
#6354 = DIRECTION('',(0.,1.,-2.2E-16));
#6355 = ORIENTED_EDGE('',*,*,#6356,.T.);
#6356 = EDGE_CURVE('',#6349,#6357,#6359,.T.);
#6357 = VERTEX_POINT('',#6358);
#6358 = CARTESIAN_POINT('',(21.,-11.25,82.6));
#6359 = LINE('',#6360,#6361);
#6360 = CARTESIAN_POINT('',(18.4,-11.25,82.6));
#6361 = VECTOR('',#6362,1.);
#6362 = DIRECTION('',(1.,0.,0.));
#6363 = ORIENTED_EDGE('',*,*,#6364,.F.);
#6364 = EDGE_CURVE('',#3860,#6357,#6365,.T.);
#6365 = LINE('',#6366,#6367);
#6366 = CARTESIAN_POINT('',(21.,-11.5,82.6));
#6367 = VECTOR('',#6368,1.);
#6368 = DIRECTION('',(0.,1.,-2.2E-16));
#6369 = ORIENTED_EDGE('',*,*,#3857,.F.);
#6370 = PLANE('',#6371);
#6371 = AXIS2_PLACEMENT_3D('',#6372,#6373,#6374);
#6372 = CARTESIAN_POINT('',(18.4,-11.5,82.6));
#6373 = DIRECTION('',(0.,-2.2E-16,-1.));
#6374 = DIRECTION('',(1.,0.,0.));
#6375 = ADVANCED_FACE('',(#6376),#6394,.T.);
#6376 = FACE_BOUND('',#6377,.T.);
#6377 = EDGE_LOOP('',(#6378,#6379,#6387,#6393));
#6378 = ORIENTED_EDGE('',*,*,#6348,.T.);
#6379 = ORIENTED_EDGE('',*,*,#6380,.T.);
#6380 = EDGE_CURVE('',#6349,#6381,#6383,.T.);
#6381 = VERTEX_POINT('',#6382);
#6382 = CARTESIAN_POINT('',(18.4,-11.25,91.4));
#6383 = LINE('',#6384,#6385);
#6384 = CARTESIAN_POINT('',(18.4,-11.25,82.6));
#6385 = VECTOR('',#6386,1.);
#6386 = DIRECTION('',(0.,0.,1.));
#6387 = ORIENTED_EDGE('',*,*,#6388,.F.);
#6388 = EDGE_CURVE('',#3868,#6381,#6389,.T.);
#6389 = LINE('',#6390,#6391);
#6390 = CARTESIAN_POINT('',(18.4,-11.5,91.4));
#6391 = VECTOR('',#6392,1.);
#6392 = DIRECTION('',(0.,1.,-2.2E-16));
#6393 = ORIENTED_EDGE('',*,*,#3867,.F.);
#6394 = PLANE('',#6395);
#6395 = AXIS2_PLACEMENT_3D('',#6396,#6397,#6398);
#6396 = CARTESIAN_POINT('',(18.4,-11.5,82.6));
#6397 = DIRECTION('',(1.,0.,0.));
#6398 = DIRECTION('',(0.,2.2E-16,1.));
#6399 = ADVANCED_FACE('',(#6400),#6418,.F.);
#6400 = FACE_BOUND('',#6401,.F.);
#6401 = EDGE_LOOP('',(#6402,#6403,#6411,#6417));
#6402 = ORIENTED_EDGE('',*,*,#6364,.T.);
#6403 = ORIENTED_EDGE('',*,*,#6404,.T.);
#6404 = EDGE_CURVE('',#6357,#6405,#6407,.T.);
#6405 = VERTEX_POINT('',#6406);
#6406 = CARTESIAN_POINT('',(21.,-11.25,92.25));
#6407 = LINE('',#6408,#6409);
#6408 = CARTESIAN_POINT('',(21.,-11.25,82.6));
#6409 = VECTOR('',#6410,1.);
#6410 = DIRECTION('',(0.,0.,1.));
#6411 = ORIENTED_EDGE('',*,*,#6412,.F.);
#6412 = EDGE_CURVE('',#3900,#6405,#6413,.T.);
#6413 = LINE('',#6414,#6415);
#6414 = CARTESIAN_POINT('',(21.,-11.5,92.25));
#6415 = VECTOR('',#6416,1.);
#6416 = DIRECTION('',(0.,1.,-2.2E-16));
#6417 = ORIENTED_EDGE('',*,*,#3908,.F.);
#6418 = PLANE('',#6419);
#6419 = AXIS2_PLACEMENT_3D('',#6420,#6421,#6422);
#6420 = CARTESIAN_POINT('',(21.,-11.5,82.6));
#6421 = DIRECTION('',(1.,0.,0.));
#6422 = DIRECTION('',(0.,2.2E-16,1.));
#6423 = ADVANCED_FACE('',(#6424),#6442,.T.);
#6424 = FACE_BOUND('',#6425,.T.);
#6425 = EDGE_LOOP('',(#6426,#6427,#6435,#6441));
#6426 = ORIENTED_EDGE('',*,*,#6388,.T.);
#6427 = ORIENTED_EDGE('',*,*,#6428,.T.);
#6428 = EDGE_CURVE('',#6381,#6429,#6431,.T.);
#6429 = VERTEX_POINT('',#6430);
#6430 = CARTESIAN_POINT('',(12.5,-11.25,91.4));
#6431 = LINE('',#6432,#6433);
#6432 = CARTESIAN_POINT('',(18.4,-11.25,91.4));
#6433 = VECTOR('',#6434,1.);
#6434 = DIRECTION('',(-1.,0.,0.));
#6435 = ORIENTED_EDGE('',*,*,#6436,.F.);
#6436 = EDGE_CURVE('',#3876,#6429,#6437,.T.);
#6437 = LINE('',#6438,#6439);
#6438 = CARTESIAN_POINT('',(12.5,-11.5,91.4));
#6439 = VECTOR('',#6440,1.);
#6440 = DIRECTION('',(0.,1.,-2.2E-16));
#6441 = ORIENTED_EDGE('',*,*,#3875,.F.);
#6442 = PLANE('',#6443);
#6443 = AXIS2_PLACEMENT_3D('',#6444,#6445,#6446);
#6444 = CARTESIAN_POINT('',(18.4,-11.5,91.4));
#6445 = DIRECTION('',(0.,2.2E-16,1.));
#6446 = DIRECTION('',(-1.,0.,0.));
#6447 = ADVANCED_FACE('',(#6448),#6467,.F.);
#6448 = FACE_BOUND('',#6449,.F.);
#6449 = EDGE_LOOP('',(#6450,#6451,#6460,#6466));
#6450 = ORIENTED_EDGE('',*,*,#6412,.T.);
#6451 = ORIENTED_EDGE('',*,*,#6452,.T.);
#6452 = EDGE_CURVE('',#6405,#6453,#6455,.T.);
#6453 = VERTEX_POINT('',#6454);
#6454 = CARTESIAN_POINT('',(19.25,-11.25,94.));
#6455 = CIRCLE('',#6456,1.75);
#6456 = AXIS2_PLACEMENT_3D('',#6457,#6458,#6459);
#6457 = CARTESIAN_POINT('',(19.25,-11.25,92.25));
#6458 = DIRECTION('',(0.,-1.,0.));
#6459 = DIRECTION('',(1.,0.,0.));
#6460 = ORIENTED_EDGE('',*,*,#6461,.F.);
#6461 = EDGE_CURVE('',#3892,#6453,#6462,.T.);
#6462 = LINE('',#6463,#6464);
#6463 = CARTESIAN_POINT('',(19.25,-11.5,94.));
#6464 = VECTOR('',#6465,1.);
#6465 = DIRECTION('',(0.,1.,-2.2E-16));
#6466 = ORIENTED_EDGE('',*,*,#3899,.F.);
#6467 = CYLINDRICAL_SURFACE('',#6468,1.75);
#6468 = AXIS2_PLACEMENT_3D('',#6469,#6470,#6471);
#6469 = CARTESIAN_POINT('',(19.25,-11.5,92.25));
#6470 = DIRECTION('',(0.,-1.,2.2E-16));
#6471 = DIRECTION('',(1.,0.,0.));
#6472 = ADVANCED_FACE('',(#6473),#6491,.T.);
#6473 = FACE_BOUND('',#6474,.T.);
#6474 = EDGE_LOOP('',(#6475,#6476,#6484,#6490));
#6475 = ORIENTED_EDGE('',*,*,#6436,.T.);
#6476 = ORIENTED_EDGE('',*,*,#6477,.T.);
#6477 = EDGE_CURVE('',#6429,#6478,#6480,.T.);
#6478 = VERTEX_POINT('',#6479);
#6479 = CARTESIAN_POINT('',(12.5,-11.25,94.));
#6480 = LINE('',#6481,#6482);
#6481 = CARTESIAN_POINT('',(12.5,-11.25,91.4));
#6482 = VECTOR('',#6483,1.);
#6483 = DIRECTION('',(0.,0.,1.));
#6484 = ORIENTED_EDGE('',*,*,#6485,.F.);
#6485 = EDGE_CURVE('',#3884,#6478,#6486,.T.);
#6486 = LINE('',#6487,#6488);
#6487 = CARTESIAN_POINT('',(12.5,-11.5,94.));
#6488 = VECTOR('',#6489,1.);
#6489 = DIRECTION('',(0.,1.,-2.2E-16));
#6490 = ORIENTED_EDGE('',*,*,#3883,.F.);
#6491 = PLANE('',#6492);
#6492 = AXIS2_PLACEMENT_3D('',#6493,#6494,#6495);
#6493 = CARTESIAN_POINT('',(12.5,-11.5,91.4));
#6494 = DIRECTION('',(1.,0.,0.));
#6495 = DIRECTION('',(0.,2.2E-16,1.));
#6496 = ADVANCED_FACE('',(#6497),#6508,.F.);
#6497 = FACE_BOUND('',#6498,.F.);
#6498 = EDGE_LOOP('',(#6499,#6500,#6506,#6507));
#6499 = ORIENTED_EDGE('',*,*,#6461,.T.);
#6500 = ORIENTED_EDGE('',*,*,#6501,.T.);
#6501 = EDGE_CURVE('',#6453,#6478,#6502,.T.);
#6502 = LINE('',#6503,#6504);
#6503 = CARTESIAN_POINT('',(19.25,-11.25,94.));
#6504 = VECTOR('',#6505,1.);
#6505 = DIRECTION('',(-1.,0.,0.));
#6506 = ORIENTED_EDGE('',*,*,#6485,.F.);
#6507 = ORIENTED_EDGE('',*,*,#3891,.F.);
#6508 = PLANE('',#6509);
#6509 = AXIS2_PLACEMENT_3D('',#6510,#6511,#6512);
#6510 = CARTESIAN_POINT('',(19.25,-11.5,94.));
#6511 = DIRECTION('',(0.,2.2E-16,1.));
#6512 = DIRECTION('',(-1.,0.,0.));
#6513 = ADVANCED_FACE('',(#6514),#6539,.F.);
#6514 = FACE_BOUND('',#6515,.F.);
#6515 = EDGE_LOOP('',(#6516,#6524,#6532,#6538));
#6516 = ORIENTED_EDGE('',*,*,#6517,.T.);
#6517 = EDGE_CURVE('',#3917,#6518,#6520,.T.);
#6518 = VERTEX_POINT('',#6519);
#6519 = CARTESIAN_POINT('',(12.5,-11.25,72.6));
#6520 = LINE('',#6521,#6522);
#6521 = CARTESIAN_POINT('',(12.5,-11.5,72.6));
#6522 = VECTOR('',#6523,1.);
#6523 = DIRECTION('',(0.,1.,-2.2E-16));
#6524 = ORIENTED_EDGE('',*,*,#6525,.T.);
#6525 = EDGE_CURVE('',#6518,#6526,#6528,.T.);
#6526 = VERTEX_POINT('',#6527);
#6527 = CARTESIAN_POINT('',(12.5,-11.25,70.));
#6528 = LINE('',#6529,#6530);
#6529 = CARTESIAN_POINT('',(12.5,-11.25,72.6));
#6530 = VECTOR('',#6531,1.);
#6531 = DIRECTION('',(0.,0.,-1.));
#6532 = ORIENTED_EDGE('',*,*,#6533,.F.);
#6533 = EDGE_CURVE('',#3919,#6526,#6534,.T.);
#6534 = LINE('',#6535,#6536);
#6535 = CARTESIAN_POINT('',(12.5,-11.5,70.));
#6536 = VECTOR('',#6537,1.);
#6537 = DIRECTION('',(0.,1.,-2.2E-16));
#6538 = ORIENTED_EDGE('',*,*,#3916,.F.);
#6539 = PLANE('',#6540);
#6540 = AXIS2_PLACEMENT_3D('',#6541,#6542,#6543);
#6541 = CARTESIAN_POINT('',(12.5,-11.5,72.6));
#6542 = DIRECTION('',(-1.,0.,0.));
#6543 = DIRECTION('',(0.,-2.2E-16,-1.));
#6544 = ADVANCED_FACE('',(#6545),#6563,.T.);
#6545 = FACE_BOUND('',#6546,.T.);
#6546 = EDGE_LOOP('',(#6547,#6548,#6556,#6562));
#6547 = ORIENTED_EDGE('',*,*,#6517,.T.);
#6548 = ORIENTED_EDGE('',*,*,#6549,.T.);
#6549 = EDGE_CURVE('',#6518,#6550,#6552,.T.);
#6550 = VERTEX_POINT('',#6551);
#6551 = CARTESIAN_POINT('',(18.4,-11.25,72.6));
#6552 = LINE('',#6553,#6554);
#6553 = CARTESIAN_POINT('',(12.5,-11.25,72.6));
#6554 = VECTOR('',#6555,1.);
#6555 = DIRECTION('',(1.,0.,0.));
#6556 = ORIENTED_EDGE('',*,*,#6557,.F.);
#6557 = EDGE_CURVE('',#3927,#6550,#6558,.T.);
#6558 = LINE('',#6559,#6560);
#6559 = CARTESIAN_POINT('',(18.4,-11.5,72.6));
#6560 = VECTOR('',#6561,1.);
#6561 = DIRECTION('',(0.,1.,-2.2E-16));
#6562 = ORIENTED_EDGE('',*,*,#3926,.F.);
#6563 = PLANE('',#6564);
#6564 = AXIS2_PLACEMENT_3D('',#6565,#6566,#6567);
#6565 = CARTESIAN_POINT('',(12.5,-11.5,72.6));
#6566 = DIRECTION('',(0.,-2.2E-16,-1.));
#6567 = DIRECTION('',(1.,0.,0.));
#6568 = ADVANCED_FACE('',(#6569),#6587,.F.);
#6569 = FACE_BOUND('',#6570,.F.);
#6570 = EDGE_LOOP('',(#6571,#6572,#6580,#6586));
#6571 = ORIENTED_EDGE('',*,*,#6533,.T.);
#6572 = ORIENTED_EDGE('',*,*,#6573,.T.);
#6573 = EDGE_CURVE('',#6526,#6574,#6576,.T.);
#6574 = VERTEX_POINT('',#6575);
#6575 = CARTESIAN_POINT('',(19.25,-11.25,70.));
#6576 = LINE('',#6577,#6578);
#6577 = CARTESIAN_POINT('',(12.5,-11.25,70.));
#6578 = VECTOR('',#6579,1.);
#6579 = DIRECTION('',(1.,0.,0.));
#6580 = ORIENTED_EDGE('',*,*,#6581,.F.);
#6581 = EDGE_CURVE('',#3959,#6574,#6582,.T.);
#6582 = LINE('',#6583,#6584);
#6583 = CARTESIAN_POINT('',(19.25,-11.5,70.));
#6584 = VECTOR('',#6585,1.);
#6585 = DIRECTION('',(0.,1.,-2.2E-16));
#6586 = ORIENTED_EDGE('',*,*,#3967,.F.);
#6587 = PLANE('',#6588);
#6588 = AXIS2_PLACEMENT_3D('',#6589,#6590,#6591);
#6589 = CARTESIAN_POINT('',(12.5,-11.5,70.));
#6590 = DIRECTION('',(0.,-2.2E-16,-1.));
#6591 = DIRECTION('',(1.,0.,0.));
#6592 = ADVANCED_FACE('',(#6593),#6611,.T.);
#6593 = FACE_BOUND('',#6594,.T.);
#6594 = EDGE_LOOP('',(#6595,#6596,#6604,#6610));
#6595 = ORIENTED_EDGE('',*,*,#6557,.T.);
#6596 = ORIENTED_EDGE('',*,*,#6597,.T.);
#6597 = EDGE_CURVE('',#6550,#6598,#6600,.T.);
#6598 = VERTEX_POINT('',#6599);
#6599 = CARTESIAN_POINT('',(18.4,-11.25,81.4));
#6600 = LINE('',#6601,#6602);
#6601 = CARTESIAN_POINT('',(18.4,-11.25,72.6));
#6602 = VECTOR('',#6603,1.);
#6603 = DIRECTION('',(0.,0.,1.));
#6604 = ORIENTED_EDGE('',*,*,#6605,.F.);
#6605 = EDGE_CURVE('',#3935,#6598,#6606,.T.);
#6606 = LINE('',#6607,#6608);
#6607 = CARTESIAN_POINT('',(18.4,-11.5,81.4));
#6608 = VECTOR('',#6609,1.);
#6609 = DIRECTION('',(0.,1.,-2.2E-16));
#6610 = ORIENTED_EDGE('',*,*,#3934,.F.);
#6611 = PLANE('',#6612);
#6612 = AXIS2_PLACEMENT_3D('',#6613,#6614,#6615);
#6613 = CARTESIAN_POINT('',(18.4,-11.5,72.6));
#6614 = DIRECTION('',(1.,0.,0.));
#6615 = DIRECTION('',(0.,2.2E-16,1.));
#6616 = ADVANCED_FACE('',(#6617),#6636,.F.);
#6617 = FACE_BOUND('',#6618,.F.);
#6618 = EDGE_LOOP('',(#6619,#6620,#6629,#6635));
#6619 = ORIENTED_EDGE('',*,*,#6581,.T.);
#6620 = ORIENTED_EDGE('',*,*,#6621,.T.);
#6621 = EDGE_CURVE('',#6574,#6622,#6624,.T.);
#6622 = VERTEX_POINT('',#6623);
#6623 = CARTESIAN_POINT('',(21.,-11.25,71.75));
#6624 = CIRCLE('',#6625,1.75);
#6625 = AXIS2_PLACEMENT_3D('',#6626,#6627,#6628);
#6626 = CARTESIAN_POINT('',(19.25,-11.25,71.75));
#6627 = DIRECTION('',(0.,-1.,0.));
#6628 = DIRECTION('',(1.,0.,0.));
#6629 = ORIENTED_EDGE('',*,*,#6630,.F.);
#6630 = EDGE_CURVE('',#3951,#6622,#6631,.T.);
#6631 = LINE('',#6632,#6633);
#6632 = CARTESIAN_POINT('',(21.,-11.5,71.75));
#6633 = VECTOR('',#6634,1.);
#6634 = DIRECTION('',(0.,1.,-2.2E-16));
#6635 = ORIENTED_EDGE('',*,*,#3958,.F.);
#6636 = CYLINDRICAL_SURFACE('',#6637,1.75);
#6637 = AXIS2_PLACEMENT_3D('',#6638,#6639,#6640);
#6638 = CARTESIAN_POINT('',(19.25,-11.5,71.75));
#6639 = DIRECTION('',(0.,-1.,2.2E-16));
#6640 = DIRECTION('',(1.,0.,0.));
#6641 = ADVANCED_FACE('',(#6642),#6660,.T.);
#6642 = FACE_BOUND('',#6643,.T.);
#6643 = EDGE_LOOP('',(#6644,#6645,#6653,#6659));
#6644 = ORIENTED_EDGE('',*,*,#6605,.T.);
#6645 = ORIENTED_EDGE('',*,*,#6646,.T.);
#6646 = EDGE_CURVE('',#6598,#6647,#6649,.T.);
#6647 = VERTEX_POINT('',#6648);
#6648 = CARTESIAN_POINT('',(21.,-11.25,81.4));
#6649 = LINE('',#6650,#6651);
#6650 = CARTESIAN_POINT('',(18.4,-11.25,81.4));
#6651 = VECTOR('',#6652,1.);
#6652 = DIRECTION('',(1.,0.,0.));
#6653 = ORIENTED_EDGE('',*,*,#6654,.F.);
#6654 = EDGE_CURVE('',#3943,#6647,#6655,.T.);
#6655 = LINE('',#6656,#6657);
#6656 = CARTESIAN_POINT('',(21.,-11.5,81.4));
#6657 = VECTOR('',#6658,1.);
#6658 = DIRECTION('',(0.,1.,-2.2E-16));
#6659 = ORIENTED_EDGE('',*,*,#3942,.F.);
#6660 = PLANE('',#6661);
#6661 = AXIS2_PLACEMENT_3D('',#6662,#6663,#6664);
#6662 = CARTESIAN_POINT('',(18.4,-11.5,81.4));
#6663 = DIRECTION('',(0.,-2.2E-16,-1.));
#6664 = DIRECTION('',(1.,0.,0.));
#6665 = ADVANCED_FACE('',(#6666),#6677,.F.);
#6666 = FACE_BOUND('',#6667,.F.);
#6667 = EDGE_LOOP('',(#6668,#6669,#6675,#6676));
#6668 = ORIENTED_EDGE('',*,*,#6630,.T.);
#6669 = ORIENTED_EDGE('',*,*,#6670,.T.);
#6670 = EDGE_CURVE('',#6622,#6647,#6671,.T.);
#6671 = LINE('',#6672,#6673);
#6672 = CARTESIAN_POINT('',(21.,-11.25,71.75));
#6673 = VECTOR('',#6674,1.);
#6674 = DIRECTION('',(0.,0.,1.));
#6675 = ORIENTED_EDGE('',*,*,#6654,.F.);
#6676 = ORIENTED_EDGE('',*,*,#3950,.F.);
#6677 = PLANE('',#6678);
#6678 = AXIS2_PLACEMENT_3D('',#6679,#6680,#6681);
#6679 = CARTESIAN_POINT('',(21.,-11.5,71.75));
#6680 = DIRECTION('',(1.,0.,0.));
#6681 = DIRECTION('',(0.,2.2E-16,1.));
#6682 = ADVANCED_FACE('',(#6683),#6708,.T.);
#6683 = FACE_BOUND('',#6684,.T.);
#6684 = EDGE_LOOP('',(#6685,#6693,#6701,#6707));
#6685 = ORIENTED_EDGE('',*,*,#6686,.T.);
#6686 = EDGE_CURVE('',#3976,#6687,#6689,.T.);
#6687 = VERTEX_POINT('',#6688);
#6688 = CARTESIAN_POINT('',(14.637254901961,-11.25,64.183823529412));
#6689 = LINE('',#6690,#6691);
#6690 = CARTESIAN_POINT('',(14.637254901961,-11.5,64.183823529412));
#6691 = VECTOR('',#6692,1.);
#6692 = DIRECTION('',(0.,1.,-2.2E-16));
#6693 = ORIENTED_EDGE('',*,*,#6694,.T.);
#6694 = EDGE_CURVE('',#6687,#6695,#6697,.T.);
#6695 = VERTEX_POINT('',#6696);
#6696 = CARTESIAN_POINT('',(14.637254901961,-11.25,66.5));
#6697 = LINE('',#6698,#6699);
#6698 = CARTESIAN_POINT('',(14.637254901961,-11.25,64.183823529412));
#6699 = VECTOR('',#6700,1.);
#6700 = DIRECTION('',(0.,0.,1.));
#6701 = ORIENTED_EDGE('',*,*,#6702,.F.);
#6702 = EDGE_CURVE('',#3978,#6695,#6703,.T.);
#6703 = LINE('',#6704,#6705);
#6704 = CARTESIAN_POINT('',(14.637254901961,-11.5,66.5));
#6705 = VECTOR('',#6706,1.);
#6706 = DIRECTION('',(0.,1.,-2.2E-16));
#6707 = ORIENTED_EDGE('',*,*,#3975,.F.);
#6708 = PLANE('',#6709);
#6709 = AXIS2_PLACEMENT_3D('',#6710,#6711,#6712);
#6710 = CARTESIAN_POINT('',(14.637254901961,-11.5,64.183823529412));
#6711 = DIRECTION('',(1.,0.,-2.2E-16));
#6712 = DIRECTION('',(2.2E-16,2.2E-16,1.));
#6713 = ADVANCED_FACE('',(#6714),#6732,.T.);
#6714 = FACE_BOUND('',#6715,.T.);
#6715 = EDGE_LOOP('',(#6716,#6724,#6730,#6731));
#6716 = ORIENTED_EDGE('',*,*,#6717,.T.);
#6717 = EDGE_CURVE('',#4058,#6718,#6720,.T.);
#6718 = VERTEX_POINT('',#6719);
#6719 = CARTESIAN_POINT('',(7.397058823529,-11.25,64.183823529412));
#6720 = LINE('',#6721,#6722);
#6721 = CARTESIAN_POINT('',(7.397058823529,-11.5,64.183823529412));
#6722 = VECTOR('',#6723,1.);
#6723 = DIRECTION('',(0.,1.,-2.2E-16));
#6724 = ORIENTED_EDGE('',*,*,#6725,.T.);
#6725 = EDGE_CURVE('',#6718,#6687,#6726,.T.);
#6726 = LINE('',#6727,#6728);
#6727 = CARTESIAN_POINT('',(7.397058823529,-11.25,64.183823529412));
#6728 = VECTOR('',#6729,1.);
#6729 = DIRECTION('',(1.,0.,0.));
#6730 = ORIENTED_EDGE('',*,*,#6686,.F.);
#6731 = ORIENTED_EDGE('',*,*,#4065,.F.);
#6732 = PLANE('',#6733);
#6733 = AXIS2_PLACEMENT_3D('',#6734,#6735,#6736);
#6734 = CARTESIAN_POINT('',(7.397058823529,-11.5,64.183823529412));
#6735 = DIRECTION('',(-2.2E-16,-2.2E-16,-1.));
#6736 = DIRECTION('',(1.,0.,-2.2E-16));
#6737 = ADVANCED_FACE('',(#6738),#6756,.T.);
#6738 = FACE_BOUND('',#6739,.T.);
#6739 = EDGE_LOOP('',(#6740,#6748,#6754,#6755));
#6740 = ORIENTED_EDGE('',*,*,#6741,.T.);
#6741 = EDGE_CURVE('',#4050,#6742,#6744,.T.);
#6742 = VERTEX_POINT('',#6743);
#6743 = CARTESIAN_POINT('',(7.397058823529,-11.25,66.5));
#6744 = LINE('',#6745,#6746);
#6745 = CARTESIAN_POINT('',(7.397058823529,-11.5,66.5));
#6746 = VECTOR('',#6747,1.);
#6747 = DIRECTION('',(0.,1.,-2.2E-16));
#6748 = ORIENTED_EDGE('',*,*,#6749,.T.);
#6749 = EDGE_CURVE('',#6742,#6718,#6750,.T.);
#6750 = LINE('',#6751,#6752);
#6751 = CARTESIAN_POINT('',(7.397058823529,-11.25,66.5));
#6752 = VECTOR('',#6753,1.);
#6753 = DIRECTION('',(0.,0.,-1.));
#6754 = ORIENTED_EDGE('',*,*,#6717,.F.);
#6755 = ORIENTED_EDGE('',*,*,#4057,.F.);
#6756 = PLANE('',#6757);
#6757 = AXIS2_PLACEMENT_3D('',#6758,#6759,#6760);
#6758 = CARTESIAN_POINT('',(7.397058823529,-11.5,66.5));
#6759 = DIRECTION('',(-1.,0.,2.2E-16));
#6760 = DIRECTION('',(-2.2E-16,-2.2E-16,-1.));
#6761 = ADVANCED_FACE('',(#6762),#6780,.T.);
#6762 = FACE_BOUND('',#6763,.T.);
#6763 = EDGE_LOOP('',(#6764,#6772,#6778,#6779));
#6764 = ORIENTED_EDGE('',*,*,#6765,.T.);
#6765 = EDGE_CURVE('',#4042,#6766,#6768,.T.);
#6766 = VERTEX_POINT('',#6767);
#6767 = CARTESIAN_POINT('',(5.75,-11.25,66.5));
#6768 = LINE('',#6769,#6770);
#6769 = CARTESIAN_POINT('',(5.75,-11.5,66.5));
#6770 = VECTOR('',#6771,1.);
#6771 = DIRECTION('',(0.,1.,-2.2E-16));
#6772 = ORIENTED_EDGE('',*,*,#6773,.T.);
#6773 = EDGE_CURVE('',#6766,#6742,#6774,.T.);
#6774 = LINE('',#6775,#6776);
#6775 = CARTESIAN_POINT('',(5.75,-11.25,66.5));
#6776 = VECTOR('',#6777,1.);
#6777 = DIRECTION('',(1.,0.,0.));
#6778 = ORIENTED_EDGE('',*,*,#6741,.F.);
#6779 = ORIENTED_EDGE('',*,*,#4049,.F.);
#6780 = PLANE('',#6781);
#6781 = AXIS2_PLACEMENT_3D('',#6782,#6783,#6784);
#6782 = CARTESIAN_POINT('',(5.75,-11.5,66.5));
#6783 = DIRECTION('',(-2.2E-16,-2.2E-16,-1.));
#6784 = DIRECTION('',(1.,0.,-2.2E-16));
#6785 = ADVANCED_FACE('',(#6786),#6804,.T.);
#6786 = FACE_BOUND('',#6787,.T.);
#6787 = EDGE_LOOP('',(#6788,#6796,#6802,#6803));
#6788 = ORIENTED_EDGE('',*,*,#6789,.T.);
#6789 = EDGE_CURVE('',#4034,#6790,#6792,.T.);
#6790 = VERTEX_POINT('',#6791);
#6791 = CARTESIAN_POINT('',(5.75,-11.25,59.857077205882));
#6792 = LINE('',#6793,#6794);
#6793 = CARTESIAN_POINT('',(5.75,-11.5,59.857077205882));
#6794 = VECTOR('',#6795,1.);
#6795 = DIRECTION('',(0.,1.,-2.2E-16));
#6796 = ORIENTED_EDGE('',*,*,#6797,.T.);
#6797 = EDGE_CURVE('',#6790,#6766,#6798,.T.);
#6798 = LINE('',#6799,#6800);
#6799 = CARTESIAN_POINT('',(5.75,-11.25,59.857077205882));
#6800 = VECTOR('',#6801,1.);
#6801 = DIRECTION('',(0.,0.,1.));
#6802 = ORIENTED_EDGE('',*,*,#6765,.F.);
#6803 = ORIENTED_EDGE('',*,*,#4041,.F.);
#6804 = PLANE('',#6805);
#6805 = AXIS2_PLACEMENT_3D('',#6806,#6807,#6808);
#6806 = CARTESIAN_POINT('',(5.75,-11.5,59.857077205882));
#6807 = DIRECTION('',(1.,0.,-2.2E-16));
#6808 = DIRECTION('',(2.2E-16,2.2E-16,1.));
#6809 = ADVANCED_FACE('',(#6810),#6828,.T.);
#6810 = FACE_BOUND('',#6811,.T.);
#6811 = EDGE_LOOP('',(#6812,#6820,#6826,#6827));
#6812 = ORIENTED_EDGE('',*,*,#6813,.T.);
#6813 = EDGE_CURVE('',#4026,#6814,#6816,.T.);
#6814 = VERTEX_POINT('',#6815);
#6815 = CARTESIAN_POINT('',(7.397058823529,-11.25,59.857077205882));
#6816 = LINE('',#6817,#6818);
#6817 = CARTESIAN_POINT('',(7.397058823529,-11.5,59.857077205882));
#6818 = VECTOR('',#6819,1.);
#6819 = DIRECTION('',(0.,1.,-2.2E-16));
#6820 = ORIENTED_EDGE('',*,*,#6821,.T.);
#6821 = EDGE_CURVE('',#6814,#6790,#6822,.T.);
#6822 = LINE('',#6823,#6824);
#6823 = CARTESIAN_POINT('',(7.397058823529,-11.25,59.857077205882));
#6824 = VECTOR('',#6825,1.);
#6825 = DIRECTION('',(-1.,0.,0.));
#6826 = ORIENTED_EDGE('',*,*,#6789,.F.);
#6827 = ORIENTED_EDGE('',*,*,#4033,.F.);
#6828 = PLANE('',#6829);
#6829 = AXIS2_PLACEMENT_3D('',#6830,#6831,#6832);
#6830 = CARTESIAN_POINT('',(7.397058823529,-11.5,59.857077205882));
#6831 = DIRECTION('',(2.2E-16,2.2E-16,1.));
#6832 = DIRECTION('',(-1.,0.,2.2E-16));
#6833 = ADVANCED_FACE('',(#6834),#6852,.T.);
#6834 = FACE_BOUND('',#6835,.T.);
#6835 = EDGE_LOOP('',(#6836,#6844,#6850,#6851));
#6836 = ORIENTED_EDGE('',*,*,#6837,.T.);
#6837 = EDGE_CURVE('',#4018,#6838,#6840,.T.);
#6838 = VERTEX_POINT('',#6839);
#6839 = CARTESIAN_POINT('',(7.397058823529,-11.25,62.173253676471));
#6840 = LINE('',#6841,#6842);
#6841 = CARTESIAN_POINT('',(7.397058823529,-11.5,62.173253676471));
#6842 = VECTOR('',#6843,1.);
#6843 = DIRECTION('',(0.,1.,-2.2E-16));
#6844 = ORIENTED_EDGE('',*,*,#6845,.T.);
#6845 = EDGE_CURVE('',#6838,#6814,#6846,.T.);
#6846 = LINE('',#6847,#6848);
#6847 = CARTESIAN_POINT('',(7.397058823529,-11.25,62.173253676471));
#6848 = VECTOR('',#6849,1.);
#6849 = DIRECTION('',(0.,0.,-1.));
#6850 = ORIENTED_EDGE('',*,*,#6813,.F.);
#6851 = ORIENTED_EDGE('',*,*,#4025,.F.);
#6852 = PLANE('',#6853);
#6853 = AXIS2_PLACEMENT_3D('',#6854,#6855,#6856);
#6854 = CARTESIAN_POINT('',(7.397058823529,-11.5,62.173253676471));
#6855 = DIRECTION('',(-1.,0.,2.2E-16));
#6856 = DIRECTION('',(-2.2E-16,-2.2E-16,-1.));
#6857 = ADVANCED_FACE('',(#6858),#6876,.T.);
#6858 = FACE_BOUND('',#6859,.T.);
#6859 = EDGE_LOOP('',(#6860,#6868,#6874,#6875));
#6860 = ORIENTED_EDGE('',*,*,#6861,.T.);
#6861 = EDGE_CURVE('',#4010,#6862,#6864,.T.);
#6862 = VERTEX_POINT('',#6863);
#6863 = CARTESIAN_POINT('',(14.637254901961,-11.25,62.173253676471));
#6864 = LINE('',#6865,#6866);
#6865 = CARTESIAN_POINT('',(14.637254901961,-11.5,62.173253676471));
#6866 = VECTOR('',#6867,1.);
#6867 = DIRECTION('',(0.,1.,-2.2E-16));
#6868 = ORIENTED_EDGE('',*,*,#6869,.T.);
#6869 = EDGE_CURVE('',#6862,#6838,#6870,.T.);
#6870 = LINE('',#6871,#6872);
#6871 = CARTESIAN_POINT('',(14.637254901961,-11.25,62.173253676471));
#6872 = VECTOR('',#6873,1.);
#6873 = DIRECTION('',(-1.,0.,0.));
#6874 = ORIENTED_EDGE('',*,*,#6837,.F.);
#6875 = ORIENTED_EDGE('',*,*,#4017,.F.);
#6876 = PLANE('',#6877);
#6877 = AXIS2_PLACEMENT_3D('',#6878,#6879,#6880);
#6878 = CARTESIAN_POINT('',(14.637254901961,-11.5,62.173253676471));
#6879 = DIRECTION('',(2.2E-16,2.2E-16,1.));
#6880 = DIRECTION('',(-1.,0.,2.2E-16));
#6881 = ADVANCED_FACE('',(#6882),#6900,.T.);
#6882 = FACE_BOUND('',#6883,.T.);
#6883 = EDGE_LOOP('',(#6884,#6892,#6898,#6899));
#6884 = ORIENTED_EDGE('',*,*,#6885,.T.);
#6885 = EDGE_CURVE('',#4002,#6886,#6888,.T.);
#6886 = VERTEX_POINT('',#6887);
#6887 = CARTESIAN_POINT('',(14.637254901961,-11.25,59.857077205882));
#6888 = LINE('',#6889,#6890);
#6889 = CARTESIAN_POINT('',(14.637254901961,-11.5,59.857077205882));
#6890 = VECTOR('',#6891,1.);
#6891 = DIRECTION('',(0.,1.,-2.2E-16));
#6892 = ORIENTED_EDGE('',*,*,#6893,.T.);
#6893 = EDGE_CURVE('',#6886,#6862,#6894,.T.);
#6894 = LINE('',#6895,#6896);
#6895 = CARTESIAN_POINT('',(14.637254901961,-11.25,59.857077205882));
#6896 = VECTOR('',#6897,1.);
#6897 = DIRECTION('',(0.,0.,1.));
#6898 = ORIENTED_EDGE('',*,*,#6861,.F.);
#6899 = ORIENTED_EDGE('',*,*,#4009,.F.);
#6900 = PLANE('',#6901);
#6901 = AXIS2_PLACEMENT_3D('',#6902,#6903,#6904);
#6902 = CARTESIAN_POINT('',(14.637254901961,-11.5,59.857077205882));
#6903 = DIRECTION('',(1.,0.,-2.2E-16));
#6904 = DIRECTION('',(2.2E-16,2.2E-16,1.));
#6905 = ADVANCED_FACE('',(#6906),#6924,.T.);
#6906 = FACE_BOUND('',#6907,.T.);
#6907 = EDGE_LOOP('',(#6908,#6916,#6922,#6923));
#6908 = ORIENTED_EDGE('',*,*,#6909,.T.);
#6909 = EDGE_CURVE('',#3994,#6910,#6912,.T.);
#6910 = VERTEX_POINT('',#6911);
#6911 = CARTESIAN_POINT('',(16.25,-11.25,59.857077205882));
#6912 = LINE('',#6913,#6914);
#6913 = CARTESIAN_POINT('',(16.25,-11.5,59.857077205882));
#6914 = VECTOR('',#6915,1.);
#6915 = DIRECTION('',(0.,1.,-2.2E-16));
#6916 = ORIENTED_EDGE('',*,*,#6917,.T.);
#6917 = EDGE_CURVE('',#6910,#6886,#6918,.T.);
#6918 = LINE('',#6919,#6920);
#6919 = CARTESIAN_POINT('',(16.25,-11.25,59.857077205882));
#6920 = VECTOR('',#6921,1.);
#6921 = DIRECTION('',(-1.,0.,0.));
#6922 = ORIENTED_EDGE('',*,*,#6885,.F.);
#6923 = ORIENTED_EDGE('',*,*,#4001,.F.);
#6924 = PLANE('',#6925);
#6925 = AXIS2_PLACEMENT_3D('',#6926,#6927,#6928);
#6926 = CARTESIAN_POINT('',(16.25,-11.5,59.857077205882));
#6927 = DIRECTION('',(2.2E-16,2.2E-16,1.));
#6928 = DIRECTION('',(-1.,0.,2.2E-16));
#6929 = ADVANCED_FACE('',(#6930),#6948,.T.);
#6930 = FACE_BOUND('',#6931,.T.);
#6931 = EDGE_LOOP('',(#6932,#6940,#6946,#6947));
#6932 = ORIENTED_EDGE('',*,*,#6933,.T.);
#6933 = EDGE_CURVE('',#3986,#6934,#6936,.T.);
#6934 = VERTEX_POINT('',#6935);
#6935 = CARTESIAN_POINT('',(16.25,-11.25,66.5));
#6936 = LINE('',#6937,#6938);
#6937 = CARTESIAN_POINT('',(16.25,-11.5,66.5));
#6938 = VECTOR('',#6939,1.);
#6939 = DIRECTION('',(0.,1.,-2.2E-16));
#6940 = ORIENTED_EDGE('',*,*,#6941,.T.);
#6941 = EDGE_CURVE('',#6934,#6910,#6942,.T.);
#6942 = LINE('',#6943,#6944);
#6943 = CARTESIAN_POINT('',(16.25,-11.25,66.5));
#6944 = VECTOR('',#6945,1.);
#6945 = DIRECTION('',(0.,0.,-1.));
#6946 = ORIENTED_EDGE('',*,*,#6909,.F.);
#6947 = ORIENTED_EDGE('',*,*,#3993,.F.);
#6948 = PLANE('',#6949);
#6949 = AXIS2_PLACEMENT_3D('',#6950,#6951,#6952);
#6950 = CARTESIAN_POINT('',(16.25,-11.5,66.5));
#6951 = DIRECTION('',(-1.,0.,2.2E-16));
#6952 = DIRECTION('',(-2.2E-16,-2.2E-16,-1.));
#6953 = ADVANCED_FACE('',(#6954),#6965,.T.);
#6954 = FACE_BOUND('',#6955,.T.);
#6955 = EDGE_LOOP('',(#6956,#6957,#6963,#6964));
#6956 = ORIENTED_EDGE('',*,*,#6702,.T.);
#6957 = ORIENTED_EDGE('',*,*,#6958,.T.);
#6958 = EDGE_CURVE('',#6695,#6934,#6959,.T.);
#6959 = LINE('',#6960,#6961);
#6960 = CARTESIAN_POINT('',(14.637254901961,-11.25,66.5));
#6961 = VECTOR('',#6962,1.);
#6962 = DIRECTION('',(1.,0.,0.));
#6963 = ORIENTED_EDGE('',*,*,#6933,.F.);
#6964 = ORIENTED_EDGE('',*,*,#3985,.F.);
#6965 = PLANE('',#6966);
#6966 = AXIS2_PLACEMENT_3D('',#6967,#6968,#6969);
#6967 = CARTESIAN_POINT('',(14.637254901961,-11.5,66.5));
#6968 = DIRECTION('',(-2.2E-16,-2.2E-16,-1.));
#6969 = DIRECTION('',(1.,0.,-2.2E-16));
#6970 = ADVANCED_FACE('',(#6971),#6996,.F.);
#6971 = FACE_BOUND('',#6972,.F.);
#6972 = EDGE_LOOP('',(#6973,#6981,#6989,#6995));
#6973 = ORIENTED_EDGE('',*,*,#6974,.T.);
#6974 = EDGE_CURVE('',#4074,#6975,#6977,.T.);
#6975 = VERTEX_POINT('',#6976);
#6976 = CARTESIAN_POINT('',(10.125,-11.25,68.25));
#6977 = LINE('',#6978,#6979);
#6978 = CARTESIAN_POINT('',(10.125,-11.5,68.25));
#6979 = VECTOR('',#6980,1.);
#6980 = DIRECTION('',(0.,1.,-2.2E-16));
#6981 = ORIENTED_EDGE('',*,*,#6982,.T.);
#6982 = EDGE_CURVE('',#6975,#6983,#6985,.T.);
#6983 = VERTEX_POINT('',#6984);
#6984 = CARTESIAN_POINT('',(11.925,-11.25,68.25));
#6985 = LINE('',#6986,#6987);
#6986 = CARTESIAN_POINT('',(10.125,-11.25,68.25));
#6987 = VECTOR('',#6988,1.);
#6988 = DIRECTION('',(1.,0.,0.));
#6989 = ORIENTED_EDGE('',*,*,#6990,.F.);
#6990 = EDGE_CURVE('',#4076,#6983,#6991,.T.);
#6991 = LINE('',#6992,#6993);
#6992 = CARTESIAN_POINT('',(11.925,-11.5,68.25));
#6993 = VECTOR('',#6994,1.);
#6994 = DIRECTION('',(0.,1.,-2.2E-16));
#6995 = ORIENTED_EDGE('',*,*,#4073,.F.);
#6996 = PLANE('',#6997);
#6997 = AXIS2_PLACEMENT_3D('',#6998,#6999,#7000);
#6998 = CARTESIAN_POINT('',(10.125,-11.5,68.25));
#6999 = DIRECTION('',(0.,-2.2E-16,-1.));
#7000 = DIRECTION('',(1.,0.,0.));
#7001 = ADVANCED_FACE('',(#7002),#7020,.F.);
#7002 = FACE_BOUND('',#7003,.F.);
#7003 = EDGE_LOOP('',(#7004,#7012,#7018,#7019));
#7004 = ORIENTED_EDGE('',*,*,#7005,.T.);
#7005 = EDGE_CURVE('',#4084,#7006,#7008,.T.);
#7006 = VERTEX_POINT('',#7007);
#7007 = CARTESIAN_POINT('',(10.125,-11.25,75.770718331364));
#7008 = LINE('',#7009,#7010);
#7009 = CARTESIAN_POINT('',(10.125,-11.5,75.770718331364));
#7010 = VECTOR('',#7011,1.);
#7011 = DIRECTION('',(0.,1.,-2.2E-16));
#7012 = ORIENTED_EDGE('',*,*,#7013,.T.);
#7013 = EDGE_CURVE('',#7006,#6975,#7014,.T.);
#7014 = LINE('',#7015,#7016);
#7015 = CARTESIAN_POINT('',(10.125,-11.25,75.770718331364));
#7016 = VECTOR('',#7017,1.);
#7017 = DIRECTION('',(0.,0.,-1.));
#7018 = ORIENTED_EDGE('',*,*,#6974,.F.);
#7019 = ORIENTED_EDGE('',*,*,#4083,.F.);
#7020 = PLANE('',#7021);
#7021 = AXIS2_PLACEMENT_3D('',#7022,#7023,#7024);
#7022 = CARTESIAN_POINT('',(10.125,-11.5,75.770718331364));
#7023 = DIRECTION('',(-1.,0.,0.));
#7024 = DIRECTION('',(0.,-2.2E-16,-1.));
#7025 = ADVANCED_FACE('',(#7026),#7044,.F.);
#7026 = FACE_BOUND('',#7027,.F.);
#7027 = EDGE_LOOP('',(#7028,#7029,#7037,#7043));
#7028 = ORIENTED_EDGE('',*,*,#6990,.T.);
#7029 = ORIENTED_EDGE('',*,*,#7030,.T.);
#7030 = EDGE_CURVE('',#6983,#7031,#7033,.T.);
#7031 = VERTEX_POINT('',#7032);
#7032 = CARTESIAN_POINT('',(11.925,-11.25,75.223632789558));
#7033 = LINE('',#7034,#7035);
#7034 = CARTESIAN_POINT('',(11.925,-11.25,68.25));
#7035 = VECTOR('',#7036,1.);
#7036 = DIRECTION('',(0.,0.,1.));
#7037 = ORIENTED_EDGE('',*,*,#7038,.F.);
#7038 = EDGE_CURVE('',#4192,#7031,#7039,.T.);
#7039 = LINE('',#7040,#7041);
#7040 = CARTESIAN_POINT('',(11.925,-11.5,75.223632789558));
#7041 = VECTOR('',#7042,1.);
#7042 = DIRECTION('',(0.,1.,-2.2E-16));
#7043 = ORIENTED_EDGE('',*,*,#4199,.F.);
#7044 = PLANE('',#7045);
#7045 = AXIS2_PLACEMENT_3D('',#7046,#7047,#7048);
#7046 = CARTESIAN_POINT('',(11.925,-11.5,68.25));
#7047 = DIRECTION('',(1.,0.,0.));
#7048 = DIRECTION('',(0.,2.2E-16,1.));
#7049 = ADVANCED_FACE('',(#7050),#7069,.F.);
#7050 = FACE_BOUND('',#7051,.F.);
#7051 = EDGE_LOOP('',(#7052,#7060,#7067,#7068));
#7052 = ORIENTED_EDGE('',*,*,#7053,.T.);
#7053 = EDGE_CURVE('',#4092,#7054,#7056,.T.);
#7054 = VERTEX_POINT('',#7055);
#7055 = CARTESIAN_POINT('',(10.493570145054,-11.25,76.444415800753));
#7056 = LINE('',#7057,#7058);
#7057 = CARTESIAN_POINT('',(10.493570145054,-11.5,76.444415800753));
#7058 = VECTOR('',#7059,1.);
#7059 = DIRECTION('',(0.,1.,-2.2E-16));
#7060 = ORIENTED_EDGE('',*,*,#7061,.T.);
#7061 = EDGE_CURVE('',#7054,#7006,#7062,.T.);
#7062 = CIRCLE('',#7063,0.8);
#7063 = AXIS2_PLACEMENT_3D('',#7064,#7065,#7066);
#7064 = CARTESIAN_POINT('',(10.925,-11.25,75.770718331364));
#7065 = DIRECTION('',(0.,-1.,0.));
#7066 = DIRECTION('',(1.,0.,0.));
#7067 = ORIENTED_EDGE('',*,*,#7005,.F.);
#7068 = ORIENTED_EDGE('',*,*,#4091,.F.);
#7069 = CYLINDRICAL_SURFACE('',#7070,0.8);
#7070 = AXIS2_PLACEMENT_3D('',#7071,#7072,#7073);
#7071 = CARTESIAN_POINT('',(10.925,-11.5,75.770718331364));
#7072 = DIRECTION('',(0.,-1.,2.2E-16));
#7073 = DIRECTION('',(1.,0.,0.));
#7074 = ADVANCED_FACE('',(#7075),#7093,.F.);
#7075 = FACE_BOUND('',#7076,.F.);
#7076 = EDGE_LOOP('',(#7077,#7078,#7086,#7092));
#7077 = ORIENTED_EDGE('',*,*,#7038,.T.);
#7078 = ORIENTED_EDGE('',*,*,#7079,.T.);
#7079 = EDGE_CURVE('',#7031,#7080,#7082,.T.);
#7080 = VERTEX_POINT('',#7081);
#7081 = CARTESIAN_POINT('',(16.535728974092,-11.25,78.176302530611));
#7082 = LINE('',#7083,#7084);
#7083 = CARTESIAN_POINT('',(11.925,-11.25,75.223632789558));
#7084 = VECTOR('',#7085,1.);
#7085 = DIRECTION('',(0.842121836736,0.,0.539287318683));
#7086 = ORIENTED_EDGE('',*,*,#7087,.F.);
#7087 = EDGE_CURVE('',#4183,#7080,#7088,.T.);
#7088 = LINE('',#7089,#7090);
#7089 = CARTESIAN_POINT('',(16.535728974092,-11.5,78.176302530611));
#7090 = VECTOR('',#7091,1.);
#7091 = DIRECTION('',(0.,1.,-2.2E-16));
#7092 = ORIENTED_EDGE('',*,*,#4191,.F.);
#7093 = PLANE('',#7094);
#7094 = AXIS2_PLACEMENT_3D('',#7095,#7096,#7097);
#7095 = CARTESIAN_POINT('',(11.925,-11.5,75.223632789558));
#7096 = DIRECTION('',(0.539287318683,-1.9E-16,-0.842121836736));
#7097 = DIRECTION('',(0.842121836736,1.2E-16,0.539287318683));
#7098 = ADVANCED_FACE('',(#7099),#7117,.F.);
#7099 = FACE_BOUND('',#7100,.F.);
#7100 = EDGE_LOOP('',(#7101,#7109,#7115,#7116));
#7101 = ORIENTED_EDGE('',*,*,#7102,.T.);
#7102 = EDGE_CURVE('',#4101,#7103,#7105,.T.);
#7103 = VERTEX_POINT('',#7104);
#7104 = CARTESIAN_POINT('',(14.25,-11.25,78.85));
#7105 = LINE('',#7106,#7107);
#7106 = CARTESIAN_POINT('',(14.25,-11.5,78.85));
#7107 = VECTOR('',#7108,1.);
#7108 = DIRECTION('',(0.,1.,-2.2E-16));
#7109 = ORIENTED_EDGE('',*,*,#7110,.T.);
#7110 = EDGE_CURVE('',#7103,#7054,#7111,.T.);
#7111 = LINE('',#7112,#7113);
#7112 = CARTESIAN_POINT('',(14.25,-11.25,78.85));
#7113 = VECTOR('',#7114,1.);
#7114 = DIRECTION('',(-0.842121836736,-0.,-0.539287318683));
#7115 = ORIENTED_EDGE('',*,*,#7053,.F.);
#7116 = ORIENTED_EDGE('',*,*,#4100,.F.);
#7117 = PLANE('',#7118);
#7118 = AXIS2_PLACEMENT_3D('',#7119,#7120,#7121);
#7119 = CARTESIAN_POINT('',(14.25,-11.5,78.85));
#7120 = DIRECTION('',(-0.539287318683,1.9E-16,0.842121836736));
#7121 = DIRECTION('',(-0.842121836736,-1.2E-16,-0.539287318683));
#7122 = ADVANCED_FACE('',(#7123),#7142,.F.);
#7123 = FACE_BOUND('',#7124,.F.);
#7124 = EDGE_LOOP('',(#7125,#7126,#7135,#7141));
#7125 = ORIENTED_EDGE('',*,*,#7087,.T.);
#7126 = ORIENTED_EDGE('',*,*,#7127,.T.);
#7127 = EDGE_CURVE('',#7080,#7128,#7130,.T.);
#7128 = VERTEX_POINT('',#7129);
#7129 = CARTESIAN_POINT('',(16.535728974092,-11.25,79.523697469389));
#7130 = CIRCLE('',#7131,0.8);
#7131 = AXIS2_PLACEMENT_3D('',#7132,#7133,#7134);
#7132 = CARTESIAN_POINT('',(16.104299119146,-11.25,78.85));
#7133 = DIRECTION('',(0.,-1.,0.));
#7134 = DIRECTION('',(1.,0.,0.));
#7135 = ORIENTED_EDGE('',*,*,#7136,.F.);
#7136 = EDGE_CURVE('',#4175,#7128,#7137,.T.);
#7137 = LINE('',#7138,#7139);
#7138 = CARTESIAN_POINT('',(16.535728974092,-11.5,79.523697469389));
#7139 = VECTOR('',#7140,1.);
#7140 = DIRECTION('',(0.,1.,-2.2E-16));
#7141 = ORIENTED_EDGE('',*,*,#4182,.F.);
#7142 = CYLINDRICAL_SURFACE('',#7143,0.8);
#7143 = AXIS2_PLACEMENT_3D('',#7144,#7145,#7146);
#7144 = CARTESIAN_POINT('',(16.104299119146,-11.5,78.85));
#7145 = DIRECTION('',(0.,-1.,2.2E-16));
#7146 = DIRECTION('',(1.,0.,0.));
#7147 = ADVANCED_FACE('',(#7148),#7166,.F.);
#7148 = FACE_BOUND('',#7149,.F.);
#7149 = EDGE_LOOP('',(#7150,#7158,#7164,#7165));
#7150 = ORIENTED_EDGE('',*,*,#7151,.T.);
#7151 = EDGE_CURVE('',#4109,#7152,#7154,.T.);
#7152 = VERTEX_POINT('',#7153);
#7153 = CARTESIAN_POINT('',(5.464271025908,-11.25,84.476302530611));
#7154 = LINE('',#7155,#7156);
#7155 = CARTESIAN_POINT('',(5.464271025908,-11.5,84.476302530611));
#7156 = VECTOR('',#7157,1.);
#7157 = DIRECTION('',(0.,1.,-2.2E-16));
#7158 = ORIENTED_EDGE('',*,*,#7159,.T.);
#7159 = EDGE_CURVE('',#7152,#7103,#7160,.T.);
#7160 = LINE('',#7161,#7162);
#7161 = CARTESIAN_POINT('',(5.464271025908,-11.25,84.476302530611));
#7162 = VECTOR('',#7163,1.);
#7163 = DIRECTION('',(0.842121836736,0.,-0.539287318683));
#7164 = ORIENTED_EDGE('',*,*,#7102,.F.);
#7165 = ORIENTED_EDGE('',*,*,#4108,.F.);
#7166 = PLANE('',#7167);
#7167 = AXIS2_PLACEMENT_3D('',#7168,#7169,#7170);
#7168 = CARTESIAN_POINT('',(5.464271025908,-11.5,84.476302530611));
#7169 = DIRECTION('',(-0.539287318683,-1.9E-16,-0.842121836736));
#7170 = DIRECTION('',(0.842121836736,-1.2E-16,-0.539287318683));
#7171 = ADVANCED_FACE('',(#7172),#7190,.F.);
#7172 = FACE_BOUND('',#7173,.F.);
#7173 = EDGE_LOOP('',(#7174,#7175,#7183,#7189));
#7174 = ORIENTED_EDGE('',*,*,#7136,.T.);
#7175 = ORIENTED_EDGE('',*,*,#7176,.T.);
#7176 = EDGE_CURVE('',#7128,#7177,#7179,.T.);
#7177 = VERTEX_POINT('',#7178);
#7178 = CARTESIAN_POINT('',(7.75,-11.25,85.15));
#7179 = LINE('',#7180,#7181);
#7180 = CARTESIAN_POINT('',(16.535728974092,-11.25,79.523697469389));
#7181 = VECTOR('',#7182,1.);
#7182 = DIRECTION('',(-0.842121836736,0.,0.539287318683));
#7183 = ORIENTED_EDGE('',*,*,#7184,.F.);
#7184 = EDGE_CURVE('',#4167,#7177,#7185,.T.);
#7185 = LINE('',#7186,#7187);
#7186 = CARTESIAN_POINT('',(7.75,-11.5,85.15));
#7187 = VECTOR('',#7188,1.);
#7188 = DIRECTION('',(0.,1.,-2.2E-16));
#7189 = ORIENTED_EDGE('',*,*,#4174,.F.);
#7190 = PLANE('',#7191);
#7191 = AXIS2_PLACEMENT_3D('',#7192,#7193,#7194);
#7192 = CARTESIAN_POINT('',(16.535728974092,-11.5,79.523697469389));
#7193 = DIRECTION('',(0.539287318683,1.9E-16,0.842121836736));
#7194 = DIRECTION('',(-0.842121836736,1.2E-16,0.539287318683));
#7195 = ADVANCED_FACE('',(#7196),#7215,.F.);
#7196 = FACE_BOUND('',#7197,.F.);
#7197 = EDGE_LOOP('',(#7198,#7206,#7213,#7214));
#7198 = ORIENTED_EDGE('',*,*,#7199,.T.);
#7199 = EDGE_CURVE('',#4117,#7200,#7202,.T.);
#7200 = VERTEX_POINT('',#7201);
#7201 = CARTESIAN_POINT('',(5.464271025908,-11.25,85.823697469389));
#7202 = LINE('',#7203,#7204);
#7203 = CARTESIAN_POINT('',(5.464271025908,-11.5,85.823697469389));
#7204 = VECTOR('',#7205,1.);
#7205 = DIRECTION('',(0.,1.,-2.2E-16));
#7206 = ORIENTED_EDGE('',*,*,#7207,.T.);
#7207 = EDGE_CURVE('',#7200,#7152,#7208,.T.);
#7208 = CIRCLE('',#7209,0.8);
#7209 = AXIS2_PLACEMENT_3D('',#7210,#7211,#7212);
#7210 = CARTESIAN_POINT('',(5.895700880854,-11.25,85.15));
#7211 = DIRECTION('',(0.,-1.,0.));
#7212 = DIRECTION('',(1.,0.,0.));
#7213 = ORIENTED_EDGE('',*,*,#7151,.F.);
#7214 = ORIENTED_EDGE('',*,*,#4116,.F.);
#7215 = CYLINDRICAL_SURFACE('',#7216,0.8);
#7216 = AXIS2_PLACEMENT_3D('',#7217,#7218,#7219);
#7217 = CARTESIAN_POINT('',(5.895700880854,-11.5,85.15));
#7218 = DIRECTION('',(0.,-1.,2.2E-16));
#7219 = DIRECTION('',(1.,0.,0.));
#7220 = ADVANCED_FACE('',(#7221),#7239,.F.);
#7221 = FACE_BOUND('',#7222,.F.);
#7222 = EDGE_LOOP('',(#7223,#7224,#7232,#7238));
#7223 = ORIENTED_EDGE('',*,*,#7184,.T.);
#7224 = ORIENTED_EDGE('',*,*,#7225,.T.);
#7225 = EDGE_CURVE('',#7177,#7226,#7228,.T.);
#7226 = VERTEX_POINT('',#7227);
#7227 = CARTESIAN_POINT('',(11.556429854946,-11.25,87.587603753613));
#7228 = LINE('',#7229,#7230);
#7229 = CARTESIAN_POINT('',(7.75,-11.25,85.15));
#7230 = VECTOR('',#7231,1.);
#7231 = DIRECTION('',(0.842121836736,0.,0.539287318683));
#7232 = ORIENTED_EDGE('',*,*,#7233,.F.);
#7233 = EDGE_CURVE('',#4158,#7226,#7234,.T.);
#7234 = LINE('',#7235,#7236);
#7235 = CARTESIAN_POINT('',(11.556429854946,-11.5,87.587603753613));
#7236 = VECTOR('',#7237,1.);
#7237 = DIRECTION('',(0.,1.,-2.2E-16));
#7238 = ORIENTED_EDGE('',*,*,#4166,.F.);
#7239 = PLANE('',#7240);
#7240 = AXIS2_PLACEMENT_3D('',#7241,#7242,#7243);
#7241 = CARTESIAN_POINT('',(7.75,-11.5,85.15));
#7242 = DIRECTION('',(0.539287318683,-1.9E-16,-0.842121836736));
#7243 = DIRECTION('',(0.842121836736,1.2E-16,0.539287318683));
#7244 = ADVANCED_FACE('',(#7245),#7263,.F.);
#7245 = FACE_BOUND('',#7246,.F.);
#7246 = EDGE_LOOP('',(#7247,#7255,#7261,#7262));
#7247 = ORIENTED_EDGE('',*,*,#7248,.T.);
#7248 = EDGE_CURVE('',#4126,#7249,#7251,.T.);
#7249 = VERTEX_POINT('',#7250);
#7250 = CARTESIAN_POINT('',(10.125,-11.25,88.808386764808));
#7251 = LINE('',#7252,#7253);
#7252 = CARTESIAN_POINT('',(10.125,-11.5,88.808386764808));
#7253 = VECTOR('',#7254,1.);
#7254 = DIRECTION('',(0.,1.,-2.2E-16));
#7255 = ORIENTED_EDGE('',*,*,#7256,.T.);
#7256 = EDGE_CURVE('',#7249,#7200,#7257,.T.);
#7257 = LINE('',#7258,#7259);
#7258 = CARTESIAN_POINT('',(10.125,-11.25,88.808386764808));
#7259 = VECTOR('',#7260,1.);
#7260 = DIRECTION('',(-0.842121836736,-0.,-0.539287318683));
#7261 = ORIENTED_EDGE('',*,*,#7199,.F.);
#7262 = ORIENTED_EDGE('',*,*,#4125,.F.);
#7263 = PLANE('',#7264);
#7264 = AXIS2_PLACEMENT_3D('',#7265,#7266,#7267);
#7265 = CARTESIAN_POINT('',(10.125,-11.5,88.808386764808));
#7266 = DIRECTION('',(-0.539287318683,1.9E-16,0.842121836736));
#7267 = DIRECTION('',(-0.842121836736,-1.2E-16,-0.539287318683));
#7268 = ADVANCED_FACE('',(#7269),#7288,.F.);
#7269 = FACE_BOUND('',#7270,.F.);
#7270 = EDGE_LOOP('',(#7271,#7272,#7281,#7287));
#7271 = ORIENTED_EDGE('',*,*,#7233,.T.);
#7272 = ORIENTED_EDGE('',*,*,#7273,.T.);
#7273 = EDGE_CURVE('',#7226,#7274,#7276,.T.);
#7274 = VERTEX_POINT('',#7275);
#7275 = CARTESIAN_POINT('',(11.925,-11.25,88.261301223002));
#7276 = CIRCLE('',#7277,0.8);
#7277 = AXIS2_PLACEMENT_3D('',#7278,#7279,#7280);
#7278 = CARTESIAN_POINT('',(11.125,-11.25,88.261301223002));
#7279 = DIRECTION('',(0.,-1.,0.));
#7280 = DIRECTION('',(1.,0.,0.));
#7281 = ORIENTED_EDGE('',*,*,#7282,.F.);
#7282 = EDGE_CURVE('',#4150,#7274,#7283,.T.);
#7283 = LINE('',#7284,#7285);
#7284 = CARTESIAN_POINT('',(11.925,-11.5,88.261301223002));
#7285 = VECTOR('',#7286,1.);
#7286 = DIRECTION('',(0.,1.,-2.2E-16));
#7287 = ORIENTED_EDGE('',*,*,#4157,.F.);
#7288 = CYLINDRICAL_SURFACE('',#7289,0.8);
#7289 = AXIS2_PLACEMENT_3D('',#7290,#7291,#7292);
#7290 = CARTESIAN_POINT('',(11.125,-11.5,88.261301223002));
#7291 = DIRECTION('',(0.,-1.,2.2E-16));
#7292 = DIRECTION('',(1.,0.,0.));
#7293 = ADVANCED_FACE('',(#7294),#7312,.F.);
#7294 = FACE_BOUND('',#7295,.F.);
#7295 = EDGE_LOOP('',(#7296,#7304,#7310,#7311));
#7296 = ORIENTED_EDGE('',*,*,#7297,.T.);
#7297 = EDGE_CURVE('',#4134,#7298,#7300,.T.);
#7298 = VERTEX_POINT('',#7299);
#7299 = CARTESIAN_POINT('',(10.125,-11.25,95.75));
#7300 = LINE('',#7301,#7302);
#7301 = CARTESIAN_POINT('',(10.125,-11.5,95.75));
#7302 = VECTOR('',#7303,1.);
#7303 = DIRECTION('',(0.,1.,-2.2E-16));
#7304 = ORIENTED_EDGE('',*,*,#7305,.T.);
#7305 = EDGE_CURVE('',#7298,#7249,#7306,.T.);
#7306 = LINE('',#7307,#7308);
#7307 = CARTESIAN_POINT('',(10.125,-11.25,95.75));
#7308 = VECTOR('',#7309,1.);
#7309 = DIRECTION('',(0.,0.,-1.));
#7310 = ORIENTED_EDGE('',*,*,#7248,.F.);
#7311 = ORIENTED_EDGE('',*,*,#4133,.F.);
#7312 = PLANE('',#7313);
#7313 = AXIS2_PLACEMENT_3D('',#7314,#7315,#7316);
#7314 = CARTESIAN_POINT('',(10.125,-11.5,95.75));
#7315 = DIRECTION('',(-1.,0.,0.));
#7316 = DIRECTION('',(0.,-2.2E-16,-1.));
#7317 = ADVANCED_FACE('',(#7318),#7336,.F.);
#7318 = FACE_BOUND('',#7319,.F.);
#7319 = EDGE_LOOP('',(#7320,#7321,#7329,#7335));
#7320 = ORIENTED_EDGE('',*,*,#7282,.T.);
#7321 = ORIENTED_EDGE('',*,*,#7322,.T.);
#7322 = EDGE_CURVE('',#7274,#7323,#7325,.T.);
#7323 = VERTEX_POINT('',#7324);
#7324 = CARTESIAN_POINT('',(11.925,-11.25,95.75));
#7325 = LINE('',#7326,#7327);
#7326 = CARTESIAN_POINT('',(11.925,-11.25,88.261301223002));
#7327 = VECTOR('',#7328,1.);
#7328 = DIRECTION('',(0.,0.,1.));
#7329 = ORIENTED_EDGE('',*,*,#7330,.F.);
#7330 = EDGE_CURVE('',#4142,#7323,#7331,.T.);
#7331 = LINE('',#7332,#7333);
#7332 = CARTESIAN_POINT('',(11.925,-11.5,95.75));
#7333 = VECTOR('',#7334,1.);
#7334 = DIRECTION('',(0.,1.,-2.2E-16));
#7335 = ORIENTED_EDGE('',*,*,#4149,.F.);
#7336 = PLANE('',#7337);
#7337 = AXIS2_PLACEMENT_3D('',#7338,#7339,#7340);
#7338 = CARTESIAN_POINT('',(11.925,-11.5,88.261301223002));
#7339 = DIRECTION('',(1.,0.,0.));
#7340 = DIRECTION('',(0.,2.2E-16,1.));
#7341 = ADVANCED_FACE('',(#7342),#7353,.F.);
#7342 = FACE_BOUND('',#7343,.F.);
#7343 = EDGE_LOOP('',(#7344,#7345,#7351,#7352));
#7344 = ORIENTED_EDGE('',*,*,#7330,.T.);
#7345 = ORIENTED_EDGE('',*,*,#7346,.T.);
#7346 = EDGE_CURVE('',#7323,#7298,#7347,.T.);
#7347 = LINE('',#7348,#7349);
#7348 = CARTESIAN_POINT('',(11.925,-11.25,95.75));
#7349 = VECTOR('',#7350,1.);
#7350 = DIRECTION('',(-1.,0.,0.));
#7351 = ORIENTED_EDGE('',*,*,#7297,.F.);
#7352 = ORIENTED_EDGE('',*,*,#4141,.F.);
#7353 = PLANE('',#7354);
#7354 = AXIS2_PLACEMENT_3D('',#7355,#7356,#7357);
#7355 = CARTESIAN_POINT('',(11.925,-11.5,95.75));
#7356 = DIRECTION('',(0.,2.2E-16,1.));
#7357 = DIRECTION('',(-1.,0.,0.));
#7358 = ADVANCED_FACE('',(#7359),#7384,.F.);
#7359 = FACE_BOUND('',#7360,.F.);
#7360 = EDGE_LOOP('',(#7361,#7369,#7377,#7383));
#7361 = ORIENTED_EDGE('',*,*,#7362,.T.);
#7362 = EDGE_CURVE('',#4208,#7363,#7365,.T.);
#7363 = VERTEX_POINT('',#7364);
#7364 = CARTESIAN_POINT('',(9.5,-11.25,91.4));
#7365 = LINE('',#7366,#7367);
#7366 = CARTESIAN_POINT('',(9.5,-11.5,91.4));
#7367 = VECTOR('',#7368,1.);
#7368 = DIRECTION('',(0.,1.,-2.2E-16));
#7369 = ORIENTED_EDGE('',*,*,#7370,.T.);
#7370 = EDGE_CURVE('',#7363,#7371,#7373,.T.);
#7371 = VERTEX_POINT('',#7372);
#7372 = CARTESIAN_POINT('',(9.5,-11.25,94.));
#7373 = LINE('',#7374,#7375);
#7374 = CARTESIAN_POINT('',(9.5,-11.25,91.4));
#7375 = VECTOR('',#7376,1.);
#7376 = DIRECTION('',(0.,0.,1.));
#7377 = ORIENTED_EDGE('',*,*,#7378,.F.);
#7378 = EDGE_CURVE('',#4210,#7371,#7379,.T.);
#7379 = LINE('',#7380,#7381);
#7380 = CARTESIAN_POINT('',(9.5,-11.5,94.));
#7381 = VECTOR('',#7382,1.);
#7382 = DIRECTION('',(0.,1.,-2.2E-16));
#7383 = ORIENTED_EDGE('',*,*,#4207,.F.);
#7384 = PLANE('',#7385);
#7385 = AXIS2_PLACEMENT_3D('',#7386,#7387,#7388);
#7386 = CARTESIAN_POINT('',(9.5,-11.5,91.4));
#7387 = DIRECTION('',(1.,0.,0.));
#7388 = DIRECTION('',(0.,2.2E-16,1.));
#7389 = ADVANCED_FACE('',(#7390),#7408,.T.);
#7390 = FACE_BOUND('',#7391,.T.);
#7391 = EDGE_LOOP('',(#7392,#7393,#7401,#7407));
#7392 = ORIENTED_EDGE('',*,*,#7362,.T.);
#7393 = ORIENTED_EDGE('',*,*,#7394,.T.);
#7394 = EDGE_CURVE('',#7363,#7395,#7397,.T.);
#7395 = VERTEX_POINT('',#7396);
#7396 = CARTESIAN_POINT('',(3.6,-11.25,91.4));
#7397 = LINE('',#7398,#7399);
#7398 = CARTESIAN_POINT('',(9.5,-11.25,91.4));
#7399 = VECTOR('',#7400,1.);
#7400 = DIRECTION('',(-1.,0.,0.));
#7401 = ORIENTED_EDGE('',*,*,#7402,.F.);
#7402 = EDGE_CURVE('',#4218,#7395,#7403,.T.);
#7403 = LINE('',#7404,#7405);
#7404 = CARTESIAN_POINT('',(3.6,-11.5,91.4));
#7405 = VECTOR('',#7406,1.);
#7406 = DIRECTION('',(0.,1.,-2.2E-16));
#7407 = ORIENTED_EDGE('',*,*,#4217,.F.);
#7408 = PLANE('',#7409);
#7409 = AXIS2_PLACEMENT_3D('',#7410,#7411,#7412);
#7410 = CARTESIAN_POINT('',(9.5,-11.5,91.4));
#7411 = DIRECTION('',(0.,2.2E-16,1.));
#7412 = DIRECTION('',(-1.,0.,0.));
#7413 = ADVANCED_FACE('',(#7414),#7432,.F.);
#7414 = FACE_BOUND('',#7415,.F.);
#7415 = EDGE_LOOP('',(#7416,#7417,#7425,#7431));
#7416 = ORIENTED_EDGE('',*,*,#7378,.T.);
#7417 = ORIENTED_EDGE('',*,*,#7418,.T.);
#7418 = EDGE_CURVE('',#7371,#7419,#7421,.T.);
#7419 = VERTEX_POINT('',#7420);
#7420 = CARTESIAN_POINT('',(2.75,-11.25,94.));
#7421 = LINE('',#7422,#7423);
#7422 = CARTESIAN_POINT('',(9.5,-11.25,94.));
#7423 = VECTOR('',#7424,1.);
#7424 = DIRECTION('',(-1.,0.,0.));
#7425 = ORIENTED_EDGE('',*,*,#7426,.F.);
#7426 = EDGE_CURVE('',#4250,#7419,#7427,.T.);
#7427 = LINE('',#7428,#7429);
#7428 = CARTESIAN_POINT('',(2.75,-11.5,94.));
#7429 = VECTOR('',#7430,1.);
#7430 = DIRECTION('',(0.,1.,-2.2E-16));
#7431 = ORIENTED_EDGE('',*,*,#4258,.F.);
#7432 = PLANE('',#7433);
#7433 = AXIS2_PLACEMENT_3D('',#7434,#7435,#7436);
#7434 = CARTESIAN_POINT('',(9.5,-11.5,94.));
#7435 = DIRECTION('',(0.,2.2E-16,1.));
#7436 = DIRECTION('',(-1.,0.,0.));
#7437 = ADVANCED_FACE('',(#7438),#7456,.T.);
#7438 = FACE_BOUND('',#7439,.T.);
#7439 = EDGE_LOOP('',(#7440,#7441,#7449,#7455));
#7440 = ORIENTED_EDGE('',*,*,#7402,.T.);
#7441 = ORIENTED_EDGE('',*,*,#7442,.T.);
#7442 = EDGE_CURVE('',#7395,#7443,#7445,.T.);
#7443 = VERTEX_POINT('',#7444);
#7444 = CARTESIAN_POINT('',(3.6,-11.25,82.6));
#7445 = LINE('',#7446,#7447);
#7446 = CARTESIAN_POINT('',(3.6,-11.25,91.4));
#7447 = VECTOR('',#7448,1.);
#7448 = DIRECTION('',(0.,0.,-1.));
#7449 = ORIENTED_EDGE('',*,*,#7450,.F.);
#7450 = EDGE_CURVE('',#4226,#7443,#7451,.T.);
#7451 = LINE('',#7452,#7453);
#7452 = CARTESIAN_POINT('',(3.6,-11.5,82.6));
#7453 = VECTOR('',#7454,1.);
#7454 = DIRECTION('',(0.,1.,-2.2E-16));
#7455 = ORIENTED_EDGE('',*,*,#4225,.F.);
#7456 = PLANE('',#7457);
#7457 = AXIS2_PLACEMENT_3D('',#7458,#7459,#7460);
#7458 = CARTESIAN_POINT('',(3.6,-11.5,91.4));
#7459 = DIRECTION('',(-1.,0.,0.));
#7460 = DIRECTION('',(0.,-2.2E-16,-1.));
#7461 = ADVANCED_FACE('',(#7462),#7481,.F.);
#7462 = FACE_BOUND('',#7463,.F.);
#7463 = EDGE_LOOP('',(#7464,#7465,#7474,#7480));
#7464 = ORIENTED_EDGE('',*,*,#7426,.T.);
#7465 = ORIENTED_EDGE('',*,*,#7466,.T.);
#7466 = EDGE_CURVE('',#7419,#7467,#7469,.T.);
#7467 = VERTEX_POINT('',#7468);
#7468 = CARTESIAN_POINT('',(1.,-11.25,92.25));
#7469 = CIRCLE('',#7470,1.75);
#7470 = AXIS2_PLACEMENT_3D('',#7471,#7472,#7473);
#7471 = CARTESIAN_POINT('',(2.75,-11.25,92.25));
#7472 = DIRECTION('',(0.,-1.,0.));
#7473 = DIRECTION('',(1.,0.,0.));
#7474 = ORIENTED_EDGE('',*,*,#7475,.F.);
#7475 = EDGE_CURVE('',#4242,#7467,#7476,.T.);
#7476 = LINE('',#7477,#7478);
#7477 = CARTESIAN_POINT('',(1.,-11.5,92.25));
#7478 = VECTOR('',#7479,1.);
#7479 = DIRECTION('',(0.,1.,-2.2E-16));
#7480 = ORIENTED_EDGE('',*,*,#4249,.F.);
#7481 = CYLINDRICAL_SURFACE('',#7482,1.75);
#7482 = AXIS2_PLACEMENT_3D('',#7483,#7484,#7485);
#7483 = CARTESIAN_POINT('',(2.75,-11.5,92.25));
#7484 = DIRECTION('',(0.,-1.,2.2E-16));
#7485 = DIRECTION('',(1.,0.,0.));
#7486 = ADVANCED_FACE('',(#7487),#7505,.F.);
#7487 = FACE_BOUND('',#7488,.F.);
#7488 = EDGE_LOOP('',(#7489,#7497,#7503,#7504));
#7489 = ORIENTED_EDGE('',*,*,#7490,.T.);
#7490 = EDGE_CURVE('',#4234,#7491,#7493,.T.);
#7491 = VERTEX_POINT('',#7492);
#7492 = CARTESIAN_POINT('',(1.,-11.25,82.6));
#7493 = LINE('',#7494,#7495);
#7494 = CARTESIAN_POINT('',(1.,-11.5,82.6));
#7495 = VECTOR('',#7496,1.);
#7496 = DIRECTION('',(0.,1.,-2.2E-16));
#7497 = ORIENTED_EDGE('',*,*,#7498,.T.);
#7498 = EDGE_CURVE('',#7491,#7443,#7499,.T.);
#7499 = LINE('',#7500,#7501);
#7500 = CARTESIAN_POINT('',(1.,-11.25,82.6));
#7501 = VECTOR('',#7502,1.);
#7502 = DIRECTION('',(1.,0.,0.));
#7503 = ORIENTED_EDGE('',*,*,#7450,.F.);
#7504 = ORIENTED_EDGE('',*,*,#4233,.F.);
#7505 = PLANE('',#7506);
#7506 = AXIS2_PLACEMENT_3D('',#7507,#7508,#7509);
#7507 = CARTESIAN_POINT('',(1.,-11.5,82.6));
#7508 = DIRECTION('',(0.,-2.2E-16,-1.));
#7509 = DIRECTION('',(1.,0.,0.));
#7510 = ADVANCED_FACE('',(#7511),#7522,.F.);
#7511 = FACE_BOUND('',#7512,.F.);
#7512 = EDGE_LOOP('',(#7513,#7514,#7520,#7521));
#7513 = ORIENTED_EDGE('',*,*,#7475,.T.);
#7514 = ORIENTED_EDGE('',*,*,#7515,.T.);
#7515 = EDGE_CURVE('',#7467,#7491,#7516,.T.);
#7516 = LINE('',#7517,#7518);
#7517 = CARTESIAN_POINT('',(1.,-11.25,92.25));
#7518 = VECTOR('',#7519,1.);
#7519 = DIRECTION('',(0.,0.,-1.));
#7520 = ORIENTED_EDGE('',*,*,#7490,.F.);
#7521 = ORIENTED_EDGE('',*,*,#4241,.F.);
#7522 = PLANE('',#7523);
#7523 = AXIS2_PLACEMENT_3D('',#7524,#7525,#7526);
#7524 = CARTESIAN_POINT('',(1.,-11.5,92.25));
#7525 = DIRECTION('',(-1.,0.,0.));
#7526 = DIRECTION('',(0.,-2.2E-16,-1.));
#7527 = ADVANCED_FACE('',(#7528),#7553,.F.);
#7528 = FACE_BOUND('',#7529,.F.);
#7529 = EDGE_LOOP('',(#7530,#7538,#7546,#7552));
#7530 = ORIENTED_EDGE('',*,*,#7531,.T.);
#7531 = EDGE_CURVE('',#4267,#7532,#7534,.T.);
#7532 = VERTEX_POINT('',#7533);
#7533 = CARTESIAN_POINT('',(1.,-11.25,81.4));
#7534 = LINE('',#7535,#7536);
#7535 = CARTESIAN_POINT('',(1.,-11.5,81.4));
#7536 = VECTOR('',#7537,1.);
#7537 = DIRECTION('',(0.,1.,-2.2E-16));
#7538 = ORIENTED_EDGE('',*,*,#7539,.T.);
#7539 = EDGE_CURVE('',#7532,#7540,#7542,.T.);
#7540 = VERTEX_POINT('',#7541);
#7541 = CARTESIAN_POINT('',(1.,-11.25,71.75));
#7542 = LINE('',#7543,#7544);
#7543 = CARTESIAN_POINT('',(1.,-11.25,81.4));
#7544 = VECTOR('',#7545,1.);
#7545 = DIRECTION('',(0.,0.,-1.));
#7546 = ORIENTED_EDGE('',*,*,#7547,.F.);
#7547 = EDGE_CURVE('',#4269,#7540,#7548,.T.);
#7548 = LINE('',#7549,#7550);
#7549 = CARTESIAN_POINT('',(1.,-11.5,71.75));
#7550 = VECTOR('',#7551,1.);
#7551 = DIRECTION('',(0.,1.,-2.2E-16));
#7552 = ORIENTED_EDGE('',*,*,#4266,.F.);
#7553 = PLANE('',#7554);
#7554 = AXIS2_PLACEMENT_3D('',#7555,#7556,#7557);
#7555 = CARTESIAN_POINT('',(1.,-11.5,81.4));
#7556 = DIRECTION('',(-1.,0.,0.));
#7557 = DIRECTION('',(0.,-2.2E-16,-1.));
#7558 = ADVANCED_FACE('',(#7559),#7577,.T.);
#7559 = FACE_BOUND('',#7560,.T.);
#7560 = EDGE_LOOP('',(#7561,#7562,#7570,#7576));
#7561 = ORIENTED_EDGE('',*,*,#7531,.T.);
#7562 = ORIENTED_EDGE('',*,*,#7563,.T.);
#7563 = EDGE_CURVE('',#7532,#7564,#7566,.T.);
#7564 = VERTEX_POINT('',#7565);
#7565 = CARTESIAN_POINT('',(3.6,-11.25,81.4));
#7566 = LINE('',#7567,#7568);
#7567 = CARTESIAN_POINT('',(1.,-11.25,81.4));
#7568 = VECTOR('',#7569,1.);
#7569 = DIRECTION('',(1.,0.,0.));
#7570 = ORIENTED_EDGE('',*,*,#7571,.F.);
#7571 = EDGE_CURVE('',#4277,#7564,#7572,.T.);
#7572 = LINE('',#7573,#7574);
#7573 = CARTESIAN_POINT('',(3.6,-11.5,81.4));
#7574 = VECTOR('',#7575,1.);
#7575 = DIRECTION('',(0.,1.,-2.2E-16));
#7576 = ORIENTED_EDGE('',*,*,#4276,.F.);
#7577 = PLANE('',#7578);
#7578 = AXIS2_PLACEMENT_3D('',#7579,#7580,#7581);
#7579 = CARTESIAN_POINT('',(1.,-11.5,81.4));
#7580 = DIRECTION('',(0.,-2.2E-16,-1.));
#7581 = DIRECTION('',(1.,0.,0.));
#7582 = ADVANCED_FACE('',(#7583),#7602,.F.);
#7583 = FACE_BOUND('',#7584,.F.);
#7584 = EDGE_LOOP('',(#7585,#7586,#7595,#7601));
#7585 = ORIENTED_EDGE('',*,*,#7547,.T.);
#7586 = ORIENTED_EDGE('',*,*,#7587,.T.);
#7587 = EDGE_CURVE('',#7540,#7588,#7590,.T.);
#7588 = VERTEX_POINT('',#7589);
#7589 = CARTESIAN_POINT('',(2.75,-11.25,70.));
#7590 = CIRCLE('',#7591,1.75);
#7591 = AXIS2_PLACEMENT_3D('',#7592,#7593,#7594);
#7592 = CARTESIAN_POINT('',(2.75,-11.25,71.75));
#7593 = DIRECTION('',(0.,-1.,0.));
#7594 = DIRECTION('',(1.,0.,0.));
#7595 = ORIENTED_EDGE('',*,*,#7596,.F.);
#7596 = EDGE_CURVE('',#4309,#7588,#7597,.T.);
#7597 = LINE('',#7598,#7599);
#7598 = CARTESIAN_POINT('',(2.75,-11.5,70.));
#7599 = VECTOR('',#7600,1.);
#7600 = DIRECTION('',(0.,1.,-2.2E-16));
#7601 = ORIENTED_EDGE('',*,*,#4316,.F.);
#7602 = CYLINDRICAL_SURFACE('',#7603,1.75);
#7603 = AXIS2_PLACEMENT_3D('',#7604,#7605,#7606);
#7604 = CARTESIAN_POINT('',(2.75,-11.5,71.75));
#7605 = DIRECTION('',(0.,-1.,2.2E-16));
#7606 = DIRECTION('',(1.,0.,0.));
#7607 = ADVANCED_FACE('',(#7608),#7626,.T.);
#7608 = FACE_BOUND('',#7609,.T.);
#7609 = EDGE_LOOP('',(#7610,#7611,#7619,#7625));
#7610 = ORIENTED_EDGE('',*,*,#7571,.T.);
#7611 = ORIENTED_EDGE('',*,*,#7612,.T.);
#7612 = EDGE_CURVE('',#7564,#7613,#7615,.T.);
#7613 = VERTEX_POINT('',#7614);
#7614 = CARTESIAN_POINT('',(3.6,-11.25,72.6));
#7615 = LINE('',#7616,#7617);
#7616 = CARTESIAN_POINT('',(3.6,-11.25,81.4));
#7617 = VECTOR('',#7618,1.);
#7618 = DIRECTION('',(0.,0.,-1.));
#7619 = ORIENTED_EDGE('',*,*,#7620,.F.);
#7620 = EDGE_CURVE('',#4285,#7613,#7621,.T.);
#7621 = LINE('',#7622,#7623);
#7622 = CARTESIAN_POINT('',(3.6,-11.5,72.6));
#7623 = VECTOR('',#7624,1.);
#7624 = DIRECTION('',(0.,1.,-2.2E-16));
#7625 = ORIENTED_EDGE('',*,*,#4284,.F.);
#7626 = PLANE('',#7627);
#7627 = AXIS2_PLACEMENT_3D('',#7628,#7629,#7630);
#7628 = CARTESIAN_POINT('',(3.6,-11.5,81.4));
#7629 = DIRECTION('',(-1.,0.,0.));
#7630 = DIRECTION('',(0.,-2.2E-16,-1.));
#7631 = ADVANCED_FACE('',(#7632),#7650,.F.);
#7632 = FACE_BOUND('',#7633,.F.);
#7633 = EDGE_LOOP('',(#7634,#7635,#7643,#7649));
#7634 = ORIENTED_EDGE('',*,*,#7596,.T.);
#7635 = ORIENTED_EDGE('',*,*,#7636,.T.);
#7636 = EDGE_CURVE('',#7588,#7637,#7639,.T.);
#7637 = VERTEX_POINT('',#7638);
#7638 = CARTESIAN_POINT('',(9.5,-11.25,70.));
#7639 = LINE('',#7640,#7641);
#7640 = CARTESIAN_POINT('',(2.75,-11.25,70.));
#7641 = VECTOR('',#7642,1.);
#7642 = DIRECTION('',(1.,0.,0.));
#7643 = ORIENTED_EDGE('',*,*,#7644,.F.);
#7644 = EDGE_CURVE('',#4301,#7637,#7645,.T.);
#7645 = LINE('',#7646,#7647);
#7646 = CARTESIAN_POINT('',(9.5,-11.5,70.));
#7647 = VECTOR('',#7648,1.);
#7648 = DIRECTION('',(0.,1.,-2.2E-16));
#7649 = ORIENTED_EDGE('',*,*,#4308,.F.);
#7650 = PLANE('',#7651);
#7651 = AXIS2_PLACEMENT_3D('',#7652,#7653,#7654);
#7652 = CARTESIAN_POINT('',(2.75,-11.5,70.));
#7653 = DIRECTION('',(0.,-2.2E-16,-1.));
#7654 = DIRECTION('',(1.,0.,0.));
#7655 = ADVANCED_FACE('',(#7656),#7674,.T.);
#7656 = FACE_BOUND('',#7657,.T.);
#7657 = EDGE_LOOP('',(#7658,#7659,#7667,#7673));
#7658 = ORIENTED_EDGE('',*,*,#7620,.T.);
#7659 = ORIENTED_EDGE('',*,*,#7660,.T.);
#7660 = EDGE_CURVE('',#7613,#7661,#7663,.T.);
#7661 = VERTEX_POINT('',#7662);
#7662 = CARTESIAN_POINT('',(9.5,-11.25,72.6));
#7663 = LINE('',#7664,#7665);
#7664 = CARTESIAN_POINT('',(3.6,-11.25,72.6));
#7665 = VECTOR('',#7666,1.);
#7666 = DIRECTION('',(1.,0.,0.));
#7667 = ORIENTED_EDGE('',*,*,#7668,.F.);
#7668 = EDGE_CURVE('',#4293,#7661,#7669,.T.);
#7669 = LINE('',#7670,#7671);
#7670 = CARTESIAN_POINT('',(9.5,-11.5,72.6));
#7671 = VECTOR('',#7672,1.);
#7672 = DIRECTION('',(0.,1.,-2.2E-16));
#7673 = ORIENTED_EDGE('',*,*,#4292,.F.);
#7674 = PLANE('',#7675);
#7675 = AXIS2_PLACEMENT_3D('',#7676,#7677,#7678);
#7676 = CARTESIAN_POINT('',(3.6,-11.5,72.6));
#7677 = DIRECTION('',(0.,-2.2E-16,-1.));
#7678 = DIRECTION('',(1.,0.,0.));
#7679 = ADVANCED_FACE('',(#7680),#7691,.T.);
#7680 = FACE_BOUND('',#7681,.T.);
#7681 = EDGE_LOOP('',(#7682,#7683,#7689,#7690));
#7682 = ORIENTED_EDGE('',*,*,#7668,.T.);
#7683 = ORIENTED_EDGE('',*,*,#7684,.T.);
#7684 = EDGE_CURVE('',#7661,#7637,#7685,.T.);
#7685 = LINE('',#7686,#7687);
#7686 = CARTESIAN_POINT('',(9.5,-11.25,72.6));
#7687 = VECTOR('',#7688,1.);
#7688 = DIRECTION('',(0.,0.,-1.));
#7689 = ORIENTED_EDGE('',*,*,#7644,.F.);
#7690 = ORIENTED_EDGE('',*,*,#4300,.F.);
#7691 = PLANE('',#7692);
#7692 = AXIS2_PLACEMENT_3D('',#7693,#7694,#7695);
#7693 = CARTESIAN_POINT('',(9.5,-11.5,72.6));
#7694 = DIRECTION('',(-1.,0.,0.));
#7695 = DIRECTION('',(0.,-2.2E-16,-1.));
#7696 = ADVANCED_FACE('',(#7697),#7722,.T.);
#7697 = FACE_BOUND('',#7698,.T.);
#7698 = EDGE_LOOP('',(#7699,#7707,#7715,#7721));
#7699 = ORIENTED_EDGE('',*,*,#7700,.T.);
#7700 = EDGE_CURVE('',#4326,#7701,#7703,.T.);
#7701 = VERTEX_POINT('',#7702);
#7702 = CARTESIAN_POINT('',(5.75,-11.25,50.693704044118));
#7703 = LINE('',#7704,#7705);
#7704 = CARTESIAN_POINT('',(5.75,-11.5,50.693704044118));
#7705 = VECTOR('',#7706,1.);
#7706 = DIRECTION('',(0.,1.,-2.2E-16));
#7707 = ORIENTED_EDGE('',*,*,#7708,.T.);
#7708 = EDGE_CURVE('',#7701,#7709,#7711,.T.);
#7709 = VERTEX_POINT('',#7710);
#7710 = CARTESIAN_POINT('',(5.75,-11.25,52.656020220588));
#7711 = LINE('',#7712,#7713);
#7712 = CARTESIAN_POINT('',(5.75,-11.25,50.693704044118));
#7713 = VECTOR('',#7714,1.);
#7714 = DIRECTION('',(0.,0.,1.));
#7715 = ORIENTED_EDGE('',*,*,#7716,.F.);
#7716 = EDGE_CURVE('',#4328,#7709,#7717,.T.);
#7717 = LINE('',#7718,#7719);
#7718 = CARTESIAN_POINT('',(5.75,-11.5,52.656020220588));
#7719 = VECTOR('',#7720,1.);
#7720 = DIRECTION('',(0.,1.,-2.2E-16));
#7721 = ORIENTED_EDGE('',*,*,#4325,.F.);
#7722 = PLANE('',#7723);
#7723 = AXIS2_PLACEMENT_3D('',#7724,#7725,#7726);
#7724 = CARTESIAN_POINT('',(5.75,-11.5,50.693704044118));
#7725 = DIRECTION('',(1.,0.,-2.2E-16));
#7726 = DIRECTION('',(2.2E-16,2.2E-16,1.));
#7727 = ADVANCED_FACE('',(#7728),#7746,.T.);
#7728 = FACE_BOUND('',#7729,.T.);
#7729 = EDGE_LOOP('',(#7730,#7738,#7744,#7745));
#7730 = ORIENTED_EDGE('',*,*,#7731,.T.);
#7731 = EDGE_CURVE('',#4464,#7732,#7734,.T.);
#7732 = VERTEX_POINT('',#7733);
#7733 = CARTESIAN_POINT('',(11.228400735294,-11.25,50.693704044118));
#7734 = LINE('',#7735,#7736);
#7735 = CARTESIAN_POINT('',(11.228400735294,-11.5,50.693704044118));
#7736 = VECTOR('',#7737,1.);
#7737 = DIRECTION('',(0.,1.,-2.2E-16));
#7738 = ORIENTED_EDGE('',*,*,#7739,.T.);
#7739 = EDGE_CURVE('',#7732,#7701,#7740,.T.);
#7740 = LINE('',#7741,#7742);
#7741 = CARTESIAN_POINT('',(11.228400735294,-11.25,50.693704044118));
#7742 = VECTOR('',#7743,1.);
#7743 = DIRECTION('',(-1.,0.,0.));
#7744 = ORIENTED_EDGE('',*,*,#7700,.F.);
#7745 = ORIENTED_EDGE('',*,*,#4471,.F.);
#7746 = PLANE('',#7747);
#7747 = AXIS2_PLACEMENT_3D('',#7748,#7749,#7750);
#7748 = CARTESIAN_POINT('',(11.228400735294,-11.5,50.693704044118));
#7749 = DIRECTION('',(2.2E-16,2.2E-16,1.));
#7750 = DIRECTION('',(-1.,0.,2.2E-16));
#7751 = ADVANCED_FACE('',(#7752),#7770,.T.);
#7752 = FACE_BOUND('',#7753,.T.);
#7753 = EDGE_LOOP('',(#7754,#7762,#7768,#7769));
#7754 = ORIENTED_EDGE('',*,*,#7755,.T.);
#7755 = EDGE_CURVE('',#4456,#7756,#7758,.T.);
#7756 = VERTEX_POINT('',#7757);
#7757 = CARTESIAN_POINT('',(12.405254289216,-11.25,50.850796568627));
#7758 = LINE('',#7759,#7760);
#7759 = CARTESIAN_POINT('',(12.405254289216,-11.5,50.850796568627));
#7760 = VECTOR('',#7761,1.);
#7761 = DIRECTION('',(0.,1.,-2.2E-16));
#7762 = ORIENTED_EDGE('',*,*,#7763,.T.);
#7763 = EDGE_CURVE('',#7756,#7732,#7764,.T.);
#7764 = B_SPLINE_CURVE_WITH_KNOTS('',2,(#7765,#7766,#7767),
  .UNSPECIFIED.,.F.,.F.,(3,3),(0.,1.),.PIECEWISE_BEZIER_KNOTS.);
#7765 = CARTESIAN_POINT('',(12.405254289216,-11.25,50.850796568627));
#7766 = CARTESIAN_POINT('',(11.879289215686,-11.25,50.693704044118));
#7767 = CARTESIAN_POINT('',(11.228400735294,-11.25,50.693704044118));
#7768 = ORIENTED_EDGE('',*,*,#7731,.F.);
#7769 = ORIENTED_EDGE('',*,*,#4463,.F.);
#7770 = SURFACE_OF_LINEAR_EXTRUSION('',#7771,#7775);
#7771 = B_SPLINE_CURVE_WITH_KNOTS('',2,(#7772,#7773,#7774),
  .UNSPECIFIED.,.F.,.F.,(3,3),(0.,1.),.PIECEWISE_BEZIER_KNOTS.);
#7772 = CARTESIAN_POINT('',(12.405254289216,-11.5,50.850796568627));
#7773 = CARTESIAN_POINT('',(11.879289215686,-11.5,50.693704044118));
#7774 = CARTESIAN_POINT('',(11.228400735294,-11.5,50.693704044118));
#7775 = VECTOR('',#7776,1.);
#7776 = DIRECTION('',(0.,-1.,2.2E-16));
#7777 = ADVANCED_FACE('',(#7778),#7796,.T.);
#7778 = FACE_BOUND('',#7779,.T.);
#7779 = EDGE_LOOP('',(#7780,#7788,#7794,#7795));
#7780 = ORIENTED_EDGE('',*,*,#7781,.T.);
#7781 = EDGE_CURVE('',#4448,#7782,#7784,.T.);
#7782 = VERTEX_POINT('',#7783);
#7783 = CARTESIAN_POINT('',(13.304917279412,-11.25,51.321001838235));
#7784 = LINE('',#7785,#7786);
#7785 = CARTESIAN_POINT('',(13.304917279412,-11.5,51.321001838235));
#7786 = VECTOR('',#7787,1.);
#7787 = DIRECTION('',(0.,1.,-2.2E-16));
#7788 = ORIENTED_EDGE('',*,*,#7789,.T.);
#7789 = EDGE_CURVE('',#7782,#7756,#7790,.T.);
#7790 = B_SPLINE_CURVE_WITH_KNOTS('',2,(#7791,#7792,#7793),
  .UNSPECIFIED.,.F.,.F.,(3,3),(0.,1.),.PIECEWISE_BEZIER_KNOTS.);
#7791 = CARTESIAN_POINT('',(13.304917279412,-11.25,51.321001838235));
#7792 = CARTESIAN_POINT('',(12.931755514706,-11.25,51.007352941176));
#7793 = CARTESIAN_POINT('',(12.405254289216,-11.25,50.850796568627));
#7794 = ORIENTED_EDGE('',*,*,#7755,.F.);
#7795 = ORIENTED_EDGE('',*,*,#4455,.F.);
#7796 = SURFACE_OF_LINEAR_EXTRUSION('',#7797,#7801);
#7797 = B_SPLINE_CURVE_WITH_KNOTS('',2,(#7798,#7799,#7800),
  .UNSPECIFIED.,.F.,.F.,(3,3),(0.,1.),.PIECEWISE_BEZIER_KNOTS.);
#7798 = CARTESIAN_POINT('',(13.304917279412,-11.5,51.321001838235));
#7799 = CARTESIAN_POINT('',(12.931755514706,-11.5,51.007352941176));
#7800 = CARTESIAN_POINT('',(12.405254289216,-11.5,50.850796568627));
#7801 = VECTOR('',#7802,1.);
#7802 = DIRECTION('',(0.,-1.,2.2E-16));
#7803 = ADVANCED_FACE('',(#7804),#7822,.T.);
#7804 = FACE_BOUND('',#7805,.T.);
#7805 = EDGE_LOOP('',(#7806,#7814,#7820,#7821));
#7806 = ORIENTED_EDGE('',*,*,#7807,.T.);
#7807 = EDGE_CURVE('',#4440,#7808,#7810,.T.);
#7808 = VERTEX_POINT('',#7809);
#7809 = CARTESIAN_POINT('',(13.883425245098,-11.25,52.101102941176));
#7810 = LINE('',#7811,#7812);
#7811 = CARTESIAN_POINT('',(13.883425245098,-11.5,52.101102941176));
#7812 = VECTOR('',#7813,1.);
#7813 = DIRECTION('',(0.,1.,-2.2E-16));
#7814 = ORIENTED_EDGE('',*,*,#7815,.T.);
#7815 = EDGE_CURVE('',#7808,#7782,#7816,.T.);
#7816 = B_SPLINE_CURVE_WITH_KNOTS('',2,(#7817,#7818,#7819),
  .UNSPECIFIED.,.F.,.F.,(3,3),(0.,1.),.PIECEWISE_BEZIER_KNOTS.);
#7817 = CARTESIAN_POINT('',(13.883425245098,-11.25,52.101102941176));
#7818 = CARTESIAN_POINT('',(13.678615196078,-11.25,51.634650735294));
#7819 = CARTESIAN_POINT('',(13.304917279412,-11.25,51.321001838235));
#7820 = ORIENTED_EDGE('',*,*,#7781,.F.);
#7821 = ORIENTED_EDGE('',*,*,#4447,.F.);
#7822 = SURFACE_OF_LINEAR_EXTRUSION('',#7823,#7827);
#7823 = B_SPLINE_CURVE_WITH_KNOTS('',2,(#7824,#7825,#7826),
  .UNSPECIFIED.,.F.,.F.,(3,3),(0.,1.),.PIECEWISE_BEZIER_KNOTS.);
#7824 = CARTESIAN_POINT('',(13.883425245098,-11.5,52.101102941176));
#7825 = CARTESIAN_POINT('',(13.678615196078,-11.5,51.634650735294));
#7826 = CARTESIAN_POINT('',(13.304917279412,-11.5,51.321001838235));
#7827 = VECTOR('',#7828,1.);
#7828 = DIRECTION('',(0.,-1.,2.2E-16));
#7829 = ADVANCED_FACE('',(#7830),#7848,.T.);
#7830 = FACE_BOUND('',#7831,.T.);
#7831 = EDGE_LOOP('',(#7832,#7840,#7846,#7847));
#7832 = ORIENTED_EDGE('',*,*,#7833,.T.);
#7833 = EDGE_CURVE('',#4432,#7834,#7836,.T.);
#7834 = VERTEX_POINT('',#7835);
#7835 = CARTESIAN_POINT('',(14.088235294118,-11.25,53.194852941176));
#7836 = LINE('',#7837,#7838);
#7837 = CARTESIAN_POINT('',(14.088235294118,-11.5,53.194852941176));
#7838 = VECTOR('',#7839,1.);
#7839 = DIRECTION('',(0.,1.,-2.2E-16));
#7840 = ORIENTED_EDGE('',*,*,#7841,.T.);
#7841 = EDGE_CURVE('',#7834,#7808,#7842,.T.);
#7842 = B_SPLINE_CURVE_WITH_KNOTS('',2,(#7843,#7844,#7845),
  .UNSPECIFIED.,.F.,.F.,(3,3),(0.,1.),.PIECEWISE_BEZIER_KNOTS.);
#7843 = CARTESIAN_POINT('',(14.088235294118,-11.25,53.194852941176));
#7844 = CARTESIAN_POINT('',(14.088235294118,-11.25,52.567555147059));
#7845 = CARTESIAN_POINT('',(13.883425245098,-11.25,52.101102941176));
#7846 = ORIENTED_EDGE('',*,*,#7807,.F.);
#7847 = ORIENTED_EDGE('',*,*,#4439,.F.);
#7848 = SURFACE_OF_LINEAR_EXTRUSION('',#7849,#7853);
#7849 = B_SPLINE_CURVE_WITH_KNOTS('',2,(#7850,#7851,#7852),
  .UNSPECIFIED.,.F.,.F.,(3,3),(0.,1.),.PIECEWISE_BEZIER_KNOTS.);
#7850 = CARTESIAN_POINT('',(14.088235294118,-11.5,53.194852941176));
#7851 = CARTESIAN_POINT('',(14.088235294118,-11.5,52.567555147059));
#7852 = CARTESIAN_POINT('',(13.883425245098,-11.5,52.101102941176));
#7853 = VECTOR('',#7854,1.);
#7854 = DIRECTION('',(0.,-1.,2.2E-16));
#7855 = ADVANCED_FACE('',(#7856),#7874,.T.);
#7856 = FACE_BOUND('',#7857,.T.);
#7857 = EDGE_LOOP('',(#7858,#7866,#7872,#7873));
#7858 = ORIENTED_EDGE('',*,*,#7859,.T.);
#7859 = EDGE_CURVE('',#4424,#7860,#7862,.T.);
#7860 = VERTEX_POINT('',#7861);
#7861 = CARTESIAN_POINT('',(13.992264093137,-11.25,54.007123161765));
#7862 = LINE('',#7863,#7864);
#7863 = CARTESIAN_POINT('',(13.992264093137,-11.5,54.007123161765));
#7864 = VECTOR('',#7865,1.);
#7865 = DIRECTION('',(0.,1.,-2.2E-16));
#7866 = ORIENTED_EDGE('',*,*,#7867,.T.);
#7867 = EDGE_CURVE('',#7860,#7834,#7868,.T.);
#7868 = B_SPLINE_CURVE_WITH_KNOTS('',2,(#7869,#7870,#7871),
  .UNSPECIFIED.,.F.,.F.,(3,3),(0.,1.),.PIECEWISE_BEZIER_KNOTS.);
#7869 = CARTESIAN_POINT('',(13.992264093137,-11.25,54.007123161765));
#7870 = CARTESIAN_POINT('',(14.088235294118,-11.25,53.645220588235));
#7871 = CARTESIAN_POINT('',(14.088235294118,-11.25,53.194852941176));
#7872 = ORIENTED_EDGE('',*,*,#7833,.F.);
#7873 = ORIENTED_EDGE('',*,*,#4431,.F.);
#7874 = SURFACE_OF_LINEAR_EXTRUSION('',#7875,#7879);
#7875 = B_SPLINE_CURVE_WITH_KNOTS('',2,(#7876,#7877,#7878),
  .UNSPECIFIED.,.F.,.F.,(3,3),(0.,1.),.PIECEWISE_BEZIER_KNOTS.);
#7876 = CARTESIAN_POINT('',(13.992264093137,-11.5,54.007123161765));
#7877 = CARTESIAN_POINT('',(14.088235294118,-11.5,53.645220588235));
#7878 = CARTESIAN_POINT('',(14.088235294118,-11.5,53.194852941176));
#7879 = VECTOR('',#7880,1.);
#7880 = DIRECTION('',(0.,-1.,2.2E-16));
#7881 = ADVANCED_FACE('',(#7882),#7900,.T.);
#7882 = FACE_BOUND('',#7883,.T.);
#7883 = EDGE_LOOP('',(#7884,#7892,#7898,#7899));
#7884 = ORIENTED_EDGE('',*,*,#7885,.T.);
#7885 = EDGE_CURVE('',#4416,#7886,#7888,.T.);
#7886 = VERTEX_POINT('',#7887);
#7887 = CARTESIAN_POINT('',(13.715609681373,-11.25,54.682674632353));
#7888 = LINE('',#7889,#7890);
#7889 = CARTESIAN_POINT('',(13.715609681373,-11.5,54.682674632353));
#7890 = VECTOR('',#7891,1.);
#7891 = DIRECTION('',(0.,1.,-2.2E-16));
#7892 = ORIENTED_EDGE('',*,*,#7893,.T.);
#7893 = EDGE_CURVE('',#7886,#7860,#7894,.T.);
#7894 = B_SPLINE_CURVE_WITH_KNOTS('',2,(#7895,#7896,#7897),
  .UNSPECIFIED.,.F.,.F.,(3,3),(0.,1.),.PIECEWISE_BEZIER_KNOTS.);
#7895 = CARTESIAN_POINT('',(13.715609681373,-11.25,54.682674632353));
#7896 = CARTESIAN_POINT('',(13.896292892157,-11.25,54.369025735294));
#7897 = CARTESIAN_POINT('',(13.992264093137,-11.25,54.007123161765));
#7898 = ORIENTED_EDGE('',*,*,#7859,.F.);
#7899 = ORIENTED_EDGE('',*,*,#4423,.F.);
#7900 = SURFACE_OF_LINEAR_EXTRUSION('',#7901,#7905);
#7901 = B_SPLINE_CURVE_WITH_KNOTS('',2,(#7902,#7903,#7904),
  .UNSPECIFIED.,.F.,.F.,(3,3),(0.,1.),.PIECEWISE_BEZIER_KNOTS.);
#7902 = CARTESIAN_POINT('',(13.715609681373,-11.5,54.682674632353));
#7903 = CARTESIAN_POINT('',(13.896292892157,-11.5,54.369025735294));
#7904 = CARTESIAN_POINT('',(13.992264093137,-11.5,54.007123161765));
#7905 = VECTOR('',#7906,1.);
#7906 = DIRECTION('',(0.,-1.,2.2E-16));
#7907 = ADVANCED_FACE('',(#7908),#7926,.T.);
#7908 = FACE_BOUND('',#7909,.T.);
#7909 = EDGE_LOOP('',(#7910,#7918,#7924,#7925));
#7910 = ORIENTED_EDGE('',*,*,#7911,.T.);
#7911 = EDGE_CURVE('',#4408,#7912,#7914,.T.);
#7912 = VERTEX_POINT('',#7913);
#7913 = CARTESIAN_POINT('',(13.279181985294,-11.25,55.266007965686));
#7914 = LINE('',#7915,#7916);
#7915 = CARTESIAN_POINT('',(13.279181985294,-11.5,55.266007965686));
#7916 = VECTOR('',#7917,1.);
#7917 = DIRECTION('',(0.,1.,-2.2E-16));
#7918 = ORIENTED_EDGE('',*,*,#7919,.T.);
#7919 = EDGE_CURVE('',#7912,#7886,#7920,.T.);
#7920 = B_SPLINE_CURVE_WITH_KNOTS('',2,(#7921,#7922,#7923),
  .UNSPECIFIED.,.F.,.F.,(3,3),(0.,1.),.PIECEWISE_BEZIER_KNOTS.);
#7921 = CARTESIAN_POINT('',(13.279181985294,-11.25,55.266007965686));
#7922 = CARTESIAN_POINT('',(13.535462622549,-11.25,54.996323529412));
#7923 = CARTESIAN_POINT('',(13.715609681373,-11.25,54.682674632353));
#7924 = ORIENTED_EDGE('',*,*,#7885,.F.);
#7925 = ORIENTED_EDGE('',*,*,#4415,.F.);
#7926 = SURFACE_OF_LINEAR_EXTRUSION('',#7927,#7931);
#7927 = B_SPLINE_CURVE_WITH_KNOTS('',2,(#7928,#7929,#7930),
  .UNSPECIFIED.,.F.,.F.,(3,3),(0.,1.),.PIECEWISE_BEZIER_KNOTS.);
#7928 = CARTESIAN_POINT('',(13.279181985294,-11.5,55.266007965686));
#7929 = CARTESIAN_POINT('',(13.535462622549,-11.5,54.996323529412));
#7930 = CARTESIAN_POINT('',(13.715609681373,-11.5,54.682674632353));
#7931 = VECTOR('',#7932,1.);
#7932 = DIRECTION('',(0.,-1.,2.2E-16));
#7933 = ADVANCED_FACE('',(#7934),#7952,.T.);
#7934 = FACE_BOUND('',#7935,.T.);
#7935 = EDGE_LOOP('',(#7936,#7944,#7950,#7951));
#7936 = ORIENTED_EDGE('',*,*,#7937,.T.);
#7937 = EDGE_CURVE('',#4400,#7938,#7940,.T.);
#7938 = VERTEX_POINT('',#7939);
#7939 = CARTESIAN_POINT('',(12.710860906863,-11.25,55.784466911765));
#7940 = LINE('',#7941,#7942);
#7941 = CARTESIAN_POINT('',(12.710860906863,-11.5,55.784466911765));
#7942 = VECTOR('',#7943,1.);
#7943 = DIRECTION('',(0.,1.,-2.2E-16));
#7944 = ORIENTED_EDGE('',*,*,#7945,.T.);
#7945 = EDGE_CURVE('',#7938,#7912,#7946,.T.);
#7946 = B_SPLINE_CURVE_WITH_KNOTS('',2,(#7947,#7948,#7949),
  .UNSPECIFIED.,.F.,.F.,(3,3),(0.,1.),.PIECEWISE_BEZIER_KNOTS.);
#7947 = CARTESIAN_POINT('',(12.710860906863,-11.25,55.784466911765));
#7948 = CARTESIAN_POINT('',(13.0234375,-11.25,55.53515625));
#7949 = CARTESIAN_POINT('',(13.279181985294,-11.25,55.266007965686));
#7950 = ORIENTED_EDGE('',*,*,#7911,.F.);
#7951 = ORIENTED_EDGE('',*,*,#4407,.F.);
#7952 = SURFACE_OF_LINEAR_EXTRUSION('',#7953,#7957);
#7953 = B_SPLINE_CURVE_WITH_KNOTS('',2,(#7954,#7955,#7956),
  .UNSPECIFIED.,.F.,.F.,(3,3),(0.,1.),.PIECEWISE_BEZIER_KNOTS.);
#7954 = CARTESIAN_POINT('',(12.710860906863,-11.5,55.784466911765));
#7955 = CARTESIAN_POINT('',(13.0234375,-11.5,55.53515625));
#7956 = CARTESIAN_POINT('',(13.279181985294,-11.5,55.266007965686));
#7957 = VECTOR('',#7958,1.);
#7958 = DIRECTION('',(0.,-1.,2.2E-16));
#7959 = ADVANCED_FACE('',(#7960),#7978,.T.);
#7960 = FACE_BOUND('',#7961,.T.);
#7961 = EDGE_LOOP('',(#7962,#7970,#7976,#7977));
#7962 = ORIENTED_EDGE('',*,*,#7963,.T.);
#7963 = EDGE_CURVE('',#4392,#7964,#7966,.T.);
#7964 = VERTEX_POINT('',#7965);
#7965 = CARTESIAN_POINT('',(13.916666666667,-11.25,55.832720588235));
#7966 = LINE('',#7967,#7968);
#7967 = CARTESIAN_POINT('',(13.916666666667,-11.5,55.832720588235));
#7968 = VECTOR('',#7969,1.);
#7969 = DIRECTION('',(0.,1.,-2.2E-16));
#7970 = ORIENTED_EDGE('',*,*,#7971,.T.);
#7971 = EDGE_CURVE('',#7964,#7938,#7972,.T.);
#7972 = LINE('',#7973,#7974);
#7973 = CARTESIAN_POINT('',(13.916666666667,-11.25,55.832720588235));
#7974 = VECTOR('',#7975,1.);
#7975 = DIRECTION('',(-0.999200248841,0.,-3.998578141206E-02));
#7976 = ORIENTED_EDGE('',*,*,#7937,.F.);
#7977 = ORIENTED_EDGE('',*,*,#4399,.F.);
#7978 = PLANE('',#7979);
#7979 = AXIS2_PLACEMENT_3D('',#7980,#7981,#7982);
#7980 = CARTESIAN_POINT('',(13.916666666667,-11.5,55.832720588235));
#7981 = DIRECTION('',(-3.998578141206E-02,2.2E-16,0.999200248841));
#7982 = DIRECTION('',(-0.999200248841,-1.E-17,-3.998578141206E-02));
#7983 = ADVANCED_FACE('',(#7984),#8002,.T.);
#7984 = FACE_BOUND('',#7985,.T.);
#7985 = EDGE_LOOP('',(#7986,#7994,#8000,#8001));
#7986 = ORIENTED_EDGE('',*,*,#7987,.T.);
#7987 = EDGE_CURVE('',#4384,#7988,#7990,.T.);
#7988 = VERTEX_POINT('',#7989);
#7989 = CARTESIAN_POINT('',(13.916666666667,-11.25,57.529641544118));
#7990 = LINE('',#7991,#7992);
#7991 = CARTESIAN_POINT('',(13.916666666667,-11.5,57.529641544118));
#7992 = VECTOR('',#7993,1.);
#7993 = DIRECTION('',(0.,1.,-2.2E-16));
#7994 = ORIENTED_EDGE('',*,*,#7995,.T.);
#7995 = EDGE_CURVE('',#7988,#7964,#7996,.T.);
#7996 = LINE('',#7997,#7998);
#7997 = CARTESIAN_POINT('',(13.916666666667,-11.25,57.529641544118));
#7998 = VECTOR('',#7999,1.);
#7999 = DIRECTION('',(0.,0.,-1.));
#8000 = ORIENTED_EDGE('',*,*,#7963,.F.);
#8001 = ORIENTED_EDGE('',*,*,#4391,.F.);
#8002 = PLANE('',#8003);
#8003 = AXIS2_PLACEMENT_3D('',#8004,#8005,#8006);
#8004 = CARTESIAN_POINT('',(13.916666666667,-11.5,57.529641544118));
#8005 = DIRECTION('',(-1.,0.,2.2E-16));
#8006 = DIRECTION('',(-2.2E-16,-2.2E-16,-1.));
#8007 = ADVANCED_FACE('',(#8008),#8026,.T.);
#8008 = FACE_BOUND('',#8009,.T.);
#8009 = EDGE_LOOP('',(#8010,#8018,#8024,#8025));
#8010 = ORIENTED_EDGE('',*,*,#8011,.T.);
#8011 = EDGE_CURVE('',#4376,#8012,#8014,.T.);
#8012 = VERTEX_POINT('',#8013);
#8013 = CARTESIAN_POINT('',(5.75,-11.25,57.529641544118));
#8014 = LINE('',#8015,#8016);
#8015 = CARTESIAN_POINT('',(5.75,-11.5,57.529641544118));
#8016 = VECTOR('',#8017,1.);
#8017 = DIRECTION('',(0.,1.,-2.2E-16));
#8018 = ORIENTED_EDGE('',*,*,#8019,.T.);
#8019 = EDGE_CURVE('',#8012,#7988,#8020,.T.);
#8020 = LINE('',#8021,#8022);
#8021 = CARTESIAN_POINT('',(5.75,-11.25,57.529641544118));
#8022 = VECTOR('',#8023,1.);
#8023 = DIRECTION('',(1.,0.,0.));
#8024 = ORIENTED_EDGE('',*,*,#7987,.F.);
#8025 = ORIENTED_EDGE('',*,*,#4383,.F.);
#8026 = PLANE('',#8027);
#8027 = AXIS2_PLACEMENT_3D('',#8028,#8029,#8030);
#8028 = CARTESIAN_POINT('',(5.75,-11.5,57.529641544118));
#8029 = DIRECTION('',(-2.2E-16,-2.2E-16,-1.));
#8030 = DIRECTION('',(1.,0.,-2.2E-16));
#8031 = ADVANCED_FACE('',(#8032),#8050,.T.);
#8032 = FACE_BOUND('',#8033,.T.);
#8033 = EDGE_LOOP('',(#8034,#8042,#8048,#8049));
#8034 = ORIENTED_EDGE('',*,*,#8035,.T.);
#8035 = EDGE_CURVE('',#4368,#8036,#8038,.T.);
#8036 = VERTEX_POINT('',#8037);
#8037 = CARTESIAN_POINT('',(5.75,-11.25,55.567325367647));
#8038 = LINE('',#8039,#8040);
#8039 = CARTESIAN_POINT('',(5.75,-11.5,55.567325367647));
#8040 = VECTOR('',#8041,1.);
#8041 = DIRECTION('',(0.,1.,-2.2E-16));
#8042 = ORIENTED_EDGE('',*,*,#8043,.T.);
#8043 = EDGE_CURVE('',#8036,#8012,#8044,.T.);
#8044 = LINE('',#8045,#8046);
#8045 = CARTESIAN_POINT('',(5.75,-11.25,55.567325367647));
#8046 = VECTOR('',#8047,1.);
#8047 = DIRECTION('',(0.,0.,1.));
#8048 = ORIENTED_EDGE('',*,*,#8011,.F.);
#8049 = ORIENTED_EDGE('',*,*,#4375,.F.);
#8050 = PLANE('',#8051);
#8051 = AXIS2_PLACEMENT_3D('',#8052,#8053,#8054);
#8052 = CARTESIAN_POINT('',(5.75,-11.5,55.567325367647));
#8053 = DIRECTION('',(1.,0.,-2.2E-16));
#8054 = DIRECTION('',(2.2E-16,2.2E-16,1.));
#8055 = ADVANCED_FACE('',(#8056),#8074,.T.);
#8056 = FACE_BOUND('',#8057,.T.);
#8057 = EDGE_LOOP('',(#8058,#8066,#8072,#8073));
#8058 = ORIENTED_EDGE('',*,*,#8059,.T.);
#8059 = EDGE_CURVE('',#4360,#8060,#8062,.T.);
#8060 = VERTEX_POINT('',#8061);
#8061 = CARTESIAN_POINT('',(10.913143382353,-11.25,55.567325367647));
#8062 = LINE('',#8063,#8064);
#8063 = CARTESIAN_POINT('',(10.913143382353,-11.5,55.567325367647));
#8064 = VECTOR('',#8065,1.);
#8065 = DIRECTION('',(0.,1.,-2.2E-16));
#8066 = ORIENTED_EDGE('',*,*,#8067,.T.);
#8067 = EDGE_CURVE('',#8060,#8036,#8068,.T.);
#8068 = LINE('',#8069,#8070);
#8069 = CARTESIAN_POINT('',(10.913143382353,-11.25,55.567325367647));
#8070 = VECTOR('',#8071,1.);
#8071 = DIRECTION('',(-1.,0.,0.));
#8072 = ORIENTED_EDGE('',*,*,#8035,.F.);
#8073 = ORIENTED_EDGE('',*,*,#4367,.F.);
#8074 = PLANE('',#8075);
#8075 = AXIS2_PLACEMENT_3D('',#8076,#8077,#8078);
#8076 = CARTESIAN_POINT('',(10.913143382353,-11.5,55.567325367647));
#8077 = DIRECTION('',(2.2E-16,2.2E-16,1.));
#8078 = DIRECTION('',(-1.,0.,2.2E-16));
#8079 = ADVANCED_FACE('',(#8080),#8098,.T.);
#8080 = FACE_BOUND('',#8081,.T.);
#8081 = EDGE_LOOP('',(#8082,#8090,#8096,#8097));
#8082 = ORIENTED_EDGE('',*,*,#8083,.T.);
#8083 = EDGE_CURVE('',#4352,#8084,#8086,.T.);
#8084 = VERTEX_POINT('',#8085);
#8085 = CARTESIAN_POINT('',(12.005284926471,-11.25,54.606541053922));
#8086 = LINE('',#8087,#8088);
#8087 = CARTESIAN_POINT('',(12.005284926471,-11.5,54.606541053922));
#8088 = VECTOR('',#8089,1.);
#8089 = DIRECTION('',(0.,1.,-2.2E-16));
#8090 = ORIENTED_EDGE('',*,*,#8091,.T.);
#8091 = EDGE_CURVE('',#8084,#8060,#8092,.T.);
#8092 = B_SPLINE_CURVE_WITH_KNOTS('',2,(#8093,#8094,#8095),
  .UNSPECIFIED.,.F.,.F.,(3,3),(0.,1.),.PIECEWISE_BEZIER_KNOTS.);
#8093 = CARTESIAN_POINT('',(12.005284926471,-11.25,54.606541053922));
#8094 = CARTESIAN_POINT('',(11.603707107843,-11.25,55.060661764706));
#8095 = CARTESIAN_POINT('',(10.913143382353,-11.25,55.567325367647));
#8096 = ORIENTED_EDGE('',*,*,#8059,.F.);
#8097 = ORIENTED_EDGE('',*,*,#4359,.F.);
#8098 = SURFACE_OF_LINEAR_EXTRUSION('',#8099,#8103);
#8099 = B_SPLINE_CURVE_WITH_KNOTS('',2,(#8100,#8101,#8102),
  .UNSPECIFIED.,.F.,.F.,(3,3),(0.,1.),.PIECEWISE_BEZIER_KNOTS.);
#8100 = CARTESIAN_POINT('',(12.005284926471,-11.5,54.606541053922));
#8101 = CARTESIAN_POINT('',(11.603707107843,-11.5,55.060661764706));
#8102 = CARTESIAN_POINT('',(10.913143382353,-11.5,55.567325367647));
#8103 = VECTOR('',#8104,1.);
#8104 = DIRECTION('',(0.,-1.,2.2E-16));
#8105 = ADVANCED_FACE('',(#8106),#8124,.T.);
#8106 = FACE_BOUND('',#8107,.T.);
#8107 = EDGE_LOOP('',(#8108,#8116,#8122,#8123));
#8108 = ORIENTED_EDGE('',*,*,#8109,.T.);
#8109 = EDGE_CURVE('',#4344,#8110,#8112,.T.);
#8110 = VERTEX_POINT('',#8111);
#8111 = CARTESIAN_POINT('',(12.406862745098,-11.25,53.653262867647));
#8112 = LINE('',#8113,#8114);
#8113 = CARTESIAN_POINT('',(12.406862745098,-11.5,53.653262867647));
#8114 = VECTOR('',#8115,1.);
#8115 = DIRECTION('',(0.,1.,-2.2E-16));
#8116 = ORIENTED_EDGE('',*,*,#8117,.T.);
#8117 = EDGE_CURVE('',#8110,#8084,#8118,.T.);
#8118 = B_SPLINE_CURVE_WITH_KNOTS('',2,(#8119,#8120,#8121),
  .UNSPECIFIED.,.F.,.F.,(3,3),(0.,1.),.PIECEWISE_BEZIER_KNOTS.);
#8119 = CARTESIAN_POINT('',(12.406862745098,-11.25,53.653262867647));
#8120 = CARTESIAN_POINT('',(12.406862745098,-11.25,54.151884191176));
#8121 = CARTESIAN_POINT('',(12.005284926471,-11.25,54.606541053922));
#8122 = ORIENTED_EDGE('',*,*,#8083,.F.);
#8123 = ORIENTED_EDGE('',*,*,#4351,.F.);
#8124 = SURFACE_OF_LINEAR_EXTRUSION('',#8125,#8129);
#8125 = B_SPLINE_CURVE_WITH_KNOTS('',2,(#8126,#8127,#8128),
  .UNSPECIFIED.,.F.,.F.,(3,3),(0.,1.),.PIECEWISE_BEZIER_KNOTS.);
#8126 = CARTESIAN_POINT('',(12.406862745098,-11.5,53.653262867647));
#8127 = CARTESIAN_POINT('',(12.406862745098,-11.5,54.151884191176));
#8128 = CARTESIAN_POINT('',(12.005284926471,-11.5,54.606541053922));
#8129 = VECTOR('',#8130,1.);
#8130 = DIRECTION('',(0.,-1.,2.2E-16));
#8131 = ADVANCED_FACE('',(#8132),#8150,.T.);
#8132 = FACE_BOUND('',#8133,.T.);
#8133 = EDGE_LOOP('',(#8134,#8142,#8148,#8149));
#8134 = ORIENTED_EDGE('',*,*,#8135,.T.);
#8135 = EDGE_CURVE('',#4336,#8136,#8138,.T.);
#8136 = VERTEX_POINT('',#8137);
#8137 = CARTESIAN_POINT('',(11.065946691176,-11.25,52.656020220588));
#8138 = LINE('',#8139,#8140);
#8139 = CARTESIAN_POINT('',(11.065946691176,-11.5,52.656020220588));
#8140 = VECTOR('',#8141,1.);
#8141 = DIRECTION('',(0.,1.,-2.2E-16));
#8142 = ORIENTED_EDGE('',*,*,#8143,.T.);
#8143 = EDGE_CURVE('',#8136,#8110,#8144,.T.);
#8144 = B_SPLINE_CURVE_WITH_KNOTS('',2,(#8145,#8146,#8147),
  .UNSPECIFIED.,.F.,.F.,(3,3),(0.,1.),.PIECEWISE_BEZIER_KNOTS.);
#8145 = CARTESIAN_POINT('',(11.065946691176,-11.25,52.656020220588));
#8146 = CARTESIAN_POINT('',(12.406862745098,-11.25,52.656020220588));
#8147 = CARTESIAN_POINT('',(12.406862745098,-11.25,53.653262867647));
#8148 = ORIENTED_EDGE('',*,*,#8109,.F.);
#8149 = ORIENTED_EDGE('',*,*,#4343,.F.);
#8150 = SURFACE_OF_LINEAR_EXTRUSION('',#8151,#8155);
#8151 = B_SPLINE_CURVE_WITH_KNOTS('',2,(#8152,#8153,#8154),
  .UNSPECIFIED.,.F.,.F.,(3,3),(0.,1.),.PIECEWISE_BEZIER_KNOTS.);
#8152 = CARTESIAN_POINT('',(11.065946691176,-11.5,52.656020220588));
#8153 = CARTESIAN_POINT('',(12.406862745098,-11.5,52.656020220588));
#8154 = CARTESIAN_POINT('',(12.406862745098,-11.5,53.653262867647));
#8155 = VECTOR('',#8156,1.);
#8156 = DIRECTION('',(0.,-1.,2.2E-16));
#8157 = ADVANCED_FACE('',(#8158),#8169,.T.);
#8158 = FACE_BOUND('',#8159,.T.);
#8159 = EDGE_LOOP('',(#8160,#8161,#8167,#8168));
#8160 = ORIENTED_EDGE('',*,*,#7716,.T.);
#8161 = ORIENTED_EDGE('',*,*,#8162,.T.);
#8162 = EDGE_CURVE('',#7709,#8136,#8163,.T.);
#8163 = LINE('',#8164,#8165);
#8164 = CARTESIAN_POINT('',(5.75,-11.25,52.656020220588));
#8165 = VECTOR('',#8166,1.);
#8166 = DIRECTION('',(1.,0.,0.));
#8167 = ORIENTED_EDGE('',*,*,#8135,.F.);
#8168 = ORIENTED_EDGE('',*,*,#4335,.F.);
#8169 = PLANE('',#8170);
#8170 = AXIS2_PLACEMENT_3D('',#8171,#8172,#8173);
#8171 = CARTESIAN_POINT('',(5.75,-11.5,52.656020220588));
#8172 = DIRECTION('',(-2.2E-16,-2.2E-16,-1.));
#8173 = DIRECTION('',(1.,0.,-2.2E-16));
#8174 = ADVANCED_FACE('',(#8175),#8200,.T.);
#8175 = FACE_BOUND('',#8176,.T.);
#8176 = EDGE_LOOP('',(#8177,#8185,#8193,#8199));
#8177 = ORIENTED_EDGE('',*,*,#8178,.T.);
#8178 = EDGE_CURVE('',#4480,#8179,#8181,.T.);
#8179 = VERTEX_POINT('',#8180);
#8180 = CARTESIAN_POINT('',(9.002833946078,-11.25,41.860064338235));
#8181 = LINE('',#8182,#8183);
#8182 = CARTESIAN_POINT('',(9.002833946078,-11.5,41.860064338235));
#8183 = VECTOR('',#8184,1.);
#8184 = DIRECTION('',(0.,1.,-2.2E-16));
#8185 = ORIENTED_EDGE('',*,*,#8186,.T.);
#8186 = EDGE_CURVE('',#8179,#8187,#8189,.T.);
#8187 = VERTEX_POINT('',#8188);
#8188 = CARTESIAN_POINT('',(8.161075367647,-11.25,41.731387867647));
#8189 = B_SPLINE_CURVE_WITH_KNOTS('',2,(#8190,#8191,#8192),
  .UNSPECIFIED.,.F.,.F.,(3,3),(0.,1.),.PIECEWISE_BEZIER_KNOTS.);
#8190 = CARTESIAN_POINT('',(9.002833946078,-11.25,41.860064338235));
#8191 = CARTESIAN_POINT('',(8.633961397059,-11.25,41.731387867647));
#8192 = CARTESIAN_POINT('',(8.161075367647,-11.25,41.731387867647));
#8193 = ORIENTED_EDGE('',*,*,#8194,.F.);
#8194 = EDGE_CURVE('',#4482,#8187,#8195,.T.);
#8195 = LINE('',#8196,#8197);
#8196 = CARTESIAN_POINT('',(8.161075367647,-11.5,41.731387867647));
#8197 = VECTOR('',#8198,1.);
#8198 = DIRECTION('',(0.,1.,-2.2E-16));
#8199 = ORIENTED_EDGE('',*,*,#4479,.F.);
#8200 = SURFACE_OF_LINEAR_EXTRUSION('',#8201,#8205);
#8201 = B_SPLINE_CURVE_WITH_KNOTS('',2,(#8202,#8203,#8204),
  .UNSPECIFIED.,.F.,.F.,(3,3),(0.,1.),.PIECEWISE_BEZIER_KNOTS.);
#8202 = CARTESIAN_POINT('',(9.002833946078,-11.5,41.860064338235));
#8203 = CARTESIAN_POINT('',(8.633961397059,-11.5,41.731387867647));
#8204 = CARTESIAN_POINT('',(8.161075367647,-11.5,41.731387867647));
#8205 = VECTOR('',#8206,1.);
#8206 = DIRECTION('',(0.,-1.,2.2E-16));
#8207 = ADVANCED_FACE('',(#8208),#8226,.T.);
#8208 = FACE_BOUND('',#8209,.T.);
#8209 = EDGE_LOOP('',(#8210,#8218,#8224,#8225));
#8210 = ORIENTED_EDGE('',*,*,#8211,.T.);
#8211 = EDGE_CURVE('',#4770,#8212,#8214,.T.);
#8212 = VERTEX_POINT('',#8213);
#8213 = CARTESIAN_POINT('',(9.660692401961,-11.25,42.282552083333));
#8214 = LINE('',#8215,#8216);
#8215 = CARTESIAN_POINT('',(9.660692401961,-11.5,42.282552083333));
#8216 = VECTOR('',#8217,1.);
#8217 = DIRECTION('',(0.,1.,-2.2E-16));
#8218 = ORIENTED_EDGE('',*,*,#8219,.T.);
#8219 = EDGE_CURVE('',#8212,#8179,#8220,.T.);
#8220 = B_SPLINE_CURVE_WITH_KNOTS('',2,(#8221,#8222,#8223),
  .UNSPECIFIED.,.F.,.F.,(3,3),(0.,1.),.PIECEWISE_BEZIER_KNOTS.);
#8221 = CARTESIAN_POINT('',(9.660692401961,-11.25,42.282552083333));
#8222 = CARTESIAN_POINT('',(9.372242647059,-11.25,41.988740808824));
#8223 = CARTESIAN_POINT('',(9.002833946078,-11.25,41.860064338235));
#8224 = ORIENTED_EDGE('',*,*,#8178,.F.);
#8225 = ORIENTED_EDGE('',*,*,#4777,.F.);
#8226 = SURFACE_OF_LINEAR_EXTRUSION('',#8227,#8231);
#8227 = B_SPLINE_CURVE_WITH_KNOTS('',2,(#8228,#8229,#8230),
  .UNSPECIFIED.,.F.,.F.,(3,3),(0.,1.),.PIECEWISE_BEZIER_KNOTS.);
#8228 = CARTESIAN_POINT('',(9.660692401961,-11.5,42.282552083333));
#8229 = CARTESIAN_POINT('',(9.372242647059,-11.5,41.988740808824));
#8230 = CARTESIAN_POINT('',(9.002833946078,-11.5,41.860064338235));
#8231 = VECTOR('',#8232,1.);
#8232 = DIRECTION('',(0.,-1.,2.2E-16));
#8233 = ADVANCED_FACE('',(#8234),#8252,.T.);
#8234 = FACE_BOUND('',#8235,.T.);
#8235 = EDGE_LOOP('',(#8236,#8244,#8250,#8251));
#8236 = ORIENTED_EDGE('',*,*,#8237,.T.);
#8237 = EDGE_CURVE('',#4762,#8238,#8240,.T.);
#8238 = VERTEX_POINT('',#8239);
#8239 = CARTESIAN_POINT('',(10.178079044118,-11.25,43.058363970588));
#8240 = LINE('',#8241,#8242);
#8241 = CARTESIAN_POINT('',(10.178079044118,-11.5,43.058363970588));
#8242 = VECTOR('',#8243,1.);
#8243 = DIRECTION('',(0.,1.,-2.2E-16));
#8244 = ORIENTED_EDGE('',*,*,#8245,.T.);
#8245 = EDGE_CURVE('',#8238,#8212,#8246,.T.);
#8246 = B_SPLINE_CURVE_WITH_KNOTS('',2,(#8247,#8248,#8249),
  .UNSPECIFIED.,.F.,.F.,(3,3),(0.,1.),.PIECEWISE_BEZIER_KNOTS.);
#8247 = CARTESIAN_POINT('',(10.178079044118,-11.25,43.058363970588));
#8248 = CARTESIAN_POINT('',(9.949678308824,-11.25,42.575827205882));
#8249 = CARTESIAN_POINT('',(9.660692401961,-11.25,42.282552083333));
#8250 = ORIENTED_EDGE('',*,*,#8211,.F.);
#8251 = ORIENTED_EDGE('',*,*,#4769,.F.);
#8252 = SURFACE_OF_LINEAR_EXTRUSION('',#8253,#8257);
#8253 = B_SPLINE_CURVE_WITH_KNOTS('',2,(#8254,#8255,#8256),
  .UNSPECIFIED.,.F.,.F.,(3,3),(0.,1.),.PIECEWISE_BEZIER_KNOTS.);
#8254 = CARTESIAN_POINT('',(10.178079044118,-11.5,43.058363970588));
#8255 = CARTESIAN_POINT('',(9.949678308824,-11.5,42.575827205882));
#8256 = CARTESIAN_POINT('',(9.660692401961,-11.5,42.282552083333));
#8257 = VECTOR('',#8258,1.);
#8258 = DIRECTION('',(0.,-1.,2.2E-16));
#8259 = ADVANCED_FACE('',(#8260),#8278,.T.);
#8260 = FACE_BOUND('',#8261,.T.);
#8261 = EDGE_LOOP('',(#8262,#8270,#8276,#8277));
#8262 = ORIENTED_EDGE('',*,*,#8263,.T.);
#8263 = EDGE_CURVE('',#4754,#8264,#8266,.T.);
#8264 = VERTEX_POINT('',#8265);
#8265 = CARTESIAN_POINT('',(10.607000612745,-11.25,44.248621323529));
#8266 = LINE('',#8267,#8268);
#8267 = CARTESIAN_POINT('',(10.607000612745,-11.5,44.248621323529));
#8268 = VECTOR('',#8269,1.);
#8269 = DIRECTION('',(0.,1.,-2.2E-16));
#8270 = ORIENTED_EDGE('',*,*,#8271,.T.);
#8271 = EDGE_CURVE('',#8264,#8238,#8272,.T.);
#8272 = B_SPLINE_CURVE_WITH_KNOTS('',2,(#8273,#8274,#8275),
  .UNSPECIFIED.,.F.,.F.,(3,3),(0.,1.),.PIECEWISE_BEZIER_KNOTS.);
#8273 = CARTESIAN_POINT('',(10.607000612745,-11.25,44.248621323529));
#8274 = CARTESIAN_POINT('',(10.406479779412,-11.25,43.540900735294));
#8275 = CARTESIAN_POINT('',(10.178079044118,-11.25,43.058363970588));
#8276 = ORIENTED_EDGE('',*,*,#8237,.F.);
#8277 = ORIENTED_EDGE('',*,*,#4761,.F.);
#8278 = SURFACE_OF_LINEAR_EXTRUSION('',#8279,#8283);
#8279 = B_SPLINE_CURVE_WITH_KNOTS('',2,(#8280,#8281,#8282),
  .UNSPECIFIED.,.F.,.F.,(3,3),(0.,1.),.PIECEWISE_BEZIER_KNOTS.);
#8280 = CARTESIAN_POINT('',(10.607000612745,-11.5,44.248621323529));
#8281 = CARTESIAN_POINT('',(10.406479779412,-11.5,43.540900735294));
#8282 = CARTESIAN_POINT('',(10.178079044118,-11.5,43.058363970588));
#8283 = VECTOR('',#8284,1.);
#8284 = DIRECTION('',(0.,-1.,2.2E-16));
#8285 = ADVANCED_FACE('',(#8286),#8304,.T.);
#8286 = FACE_BOUND('',#8287,.T.);
#8287 = EDGE_LOOP('',(#8288,#8296,#8302,#8303));
#8288 = ORIENTED_EDGE('',*,*,#8289,.T.);
#8289 = EDGE_CURVE('',#4746,#8290,#8292,.T.);
#8290 = VERTEX_POINT('',#8291);
#8291 = CARTESIAN_POINT('',(10.93190870098,-11.25,45.258195465686));
#8292 = LINE('',#8293,#8294);
#8293 = CARTESIAN_POINT('',(10.93190870098,-11.5,45.258195465686));
#8294 = VECTOR('',#8295,1.);
#8295 = DIRECTION('',(0.,1.,-2.2E-16));
#8296 = ORIENTED_EDGE('',*,*,#8297,.T.);
#8297 = EDGE_CURVE('',#8290,#8264,#8298,.T.);
#8298 = B_SPLINE_CURVE_WITH_KNOTS('',2,(#8299,#8300,#8301),
  .UNSPECIFIED.,.F.,.F.,(3,3),(0.,1.),.PIECEWISE_BEZIER_KNOTS.);
#8299 = CARTESIAN_POINT('',(10.93190870098,-11.25,45.258195465686));
#8300 = CARTESIAN_POINT('',(10.783394607843,-11.25,44.875919117647));
#8301 = CARTESIAN_POINT('',(10.607000612745,-11.25,44.248621323529));
#8302 = ORIENTED_EDGE('',*,*,#8263,.F.);
#8303 = ORIENTED_EDGE('',*,*,#4753,.F.);
#8304 = SURFACE_OF_LINEAR_EXTRUSION('',#8305,#8309);
#8305 = B_SPLINE_CURVE_WITH_KNOTS('',2,(#8306,#8307,#8308),
  .UNSPECIFIED.,.F.,.F.,(3,3),(0.,1.),.PIECEWISE_BEZIER_KNOTS.);
#8306 = CARTESIAN_POINT('',(10.93190870098,-11.5,45.258195465686));
#8307 = CARTESIAN_POINT('',(10.783394607843,-11.5,44.875919117647));
#8308 = CARTESIAN_POINT('',(10.607000612745,-11.5,44.248621323529));
#8309 = VECTOR('',#8310,1.);
#8310 = DIRECTION('',(0.,-1.,2.2E-16));
#8311 = ADVANCED_FACE('',(#8312),#8330,.T.);
#8312 = FACE_BOUND('',#8313,.T.);
#8313 = EDGE_LOOP('',(#8314,#8322,#8328,#8329));
#8314 = ORIENTED_EDGE('',*,*,#8315,.T.);
#8315 = EDGE_CURVE('',#4738,#8316,#8318,.T.);
#8316 = VERTEX_POINT('',#8317);
#8317 = CARTESIAN_POINT('',(11.216605392157,-11.25,45.853324142157));
#8318 = LINE('',#8319,#8320);
#8319 = CARTESIAN_POINT('',(11.216605392157,-11.5,45.853324142157));
#8320 = VECTOR('',#8321,1.);
#8321 = DIRECTION('',(0.,1.,-2.2E-16));
#8322 = ORIENTED_EDGE('',*,*,#8323,.T.);
#8323 = EDGE_CURVE('',#8316,#8290,#8324,.T.);
#8324 = B_SPLINE_CURVE_WITH_KNOTS('',2,(#8325,#8326,#8327),
  .UNSPECIFIED.,.F.,.F.,(3,3),(0.,1.),.PIECEWISE_BEZIER_KNOTS.);
#8325 = CARTESIAN_POINT('',(11.216605392157,-11.25,45.853324142157));
#8326 = CARTESIAN_POINT('',(11.080422794118,-11.25,45.639935661765));
#8327 = CARTESIAN_POINT('',(10.93190870098,-11.25,45.258195465686));
#8328 = ORIENTED_EDGE('',*,*,#8289,.F.);
#8329 = ORIENTED_EDGE('',*,*,#4745,.F.);
#8330 = SURFACE_OF_LINEAR_EXTRUSION('',#8331,#8335);
#8331 = B_SPLINE_CURVE_WITH_KNOTS('',2,(#8332,#8333,#8334),
  .UNSPECIFIED.,.F.,.F.,(3,3),(0.,1.),.PIECEWISE_BEZIER_KNOTS.);
#8332 = CARTESIAN_POINT('',(11.216605392157,-11.5,45.853324142157));
#8333 = CARTESIAN_POINT('',(11.080422794118,-11.5,45.639935661765));
#8334 = CARTESIAN_POINT('',(10.93190870098,-11.5,45.258195465686));
#8335 = VECTOR('',#8336,1.);
#8336 = DIRECTION('',(0.,-1.,2.2E-16));
#8337 = ADVANCED_FACE('',(#8338),#8356,.T.);
#8338 = FACE_BOUND('',#8339,.T.);
#8339 = EDGE_LOOP('',(#8340,#8348,#8354,#8355));
#8340 = ORIENTED_EDGE('',*,*,#8341,.T.);
#8341 = EDGE_CURVE('',#4730,#8342,#8344,.T.);
#8342 = VERTEX_POINT('',#8343);
#8343 = CARTESIAN_POINT('',(11.497012867647,-11.25,46.138556985294));
#8344 = LINE('',#8345,#8346);
#8345 = CARTESIAN_POINT('',(11.497012867647,-11.5,46.138556985294));
#8346 = VECTOR('',#8347,1.);
#8347 = DIRECTION('',(0.,1.,-2.2E-16));
#8348 = ORIENTED_EDGE('',*,*,#8349,.T.);
#8349 = EDGE_CURVE('',#8342,#8316,#8350,.T.);
#8350 = B_SPLINE_CURVE_WITH_KNOTS('',2,(#8351,#8352,#8353),
  .UNSPECIFIED.,.F.,.F.,(3,3),(0.,1.),.PIECEWISE_BEZIER_KNOTS.);
#8351 = CARTESIAN_POINT('',(11.497012867647,-11.25,46.138556985294));
#8352 = CARTESIAN_POINT('',(11.352787990196,-11.25,46.066176470588));
#8353 = CARTESIAN_POINT('',(11.216605392157,-11.25,45.853324142157));
#8354 = ORIENTED_EDGE('',*,*,#8315,.F.);
#8355 = ORIENTED_EDGE('',*,*,#4737,.F.);
#8356 = SURFACE_OF_LINEAR_EXTRUSION('',#8357,#8361);
#8357 = B_SPLINE_CURVE_WITH_KNOTS('',2,(#8358,#8359,#8360),
  .UNSPECIFIED.,.F.,.F.,(3,3),(0.,1.),.PIECEWISE_BEZIER_KNOTS.);
#8358 = CARTESIAN_POINT('',(11.497012867647,-11.5,46.138556985294));
#8359 = CARTESIAN_POINT('',(11.352787990196,-11.5,46.066176470588));
#8360 = CARTESIAN_POINT('',(11.216605392157,-11.5,45.853324142157));
#8361 = VECTOR('',#8362,1.);
#8362 = DIRECTION('',(0.,-1.,2.2E-16));
#8363 = ADVANCED_FACE('',(#8364),#8382,.T.);
#8364 = FACE_BOUND('',#8365,.T.);
#8365 = EDGE_LOOP('',(#8366,#8374,#8380,#8381));
#8366 = ORIENTED_EDGE('',*,*,#8367,.T.);
#8367 = EDGE_CURVE('',#4722,#8368,#8370,.T.);
#8368 = VERTEX_POINT('',#8369);
#8369 = CARTESIAN_POINT('',(11.826210171569,-11.25,46.2109375));
#8370 = LINE('',#8371,#8372);
#8371 = CARTESIAN_POINT('',(11.826210171569,-11.5,46.2109375));
#8372 = VECTOR('',#8373,1.);
#8373 = DIRECTION('',(0.,1.,-2.2E-16));
#8374 = ORIENTED_EDGE('',*,*,#8375,.T.);
#8375 = EDGE_CURVE('',#8368,#8342,#8376,.T.);
#8376 = B_SPLINE_CURVE_WITH_KNOTS('',2,(#8377,#8378,#8379),
  .UNSPECIFIED.,.F.,.F.,(3,3),(0.,1.),.PIECEWISE_BEZIER_KNOTS.);
#8377 = CARTESIAN_POINT('',(11.826210171569,-11.25,46.2109375));
#8378 = CARTESIAN_POINT('',(11.641773897059,-11.25,46.2109375));
#8379 = CARTESIAN_POINT('',(11.497012867647,-11.25,46.138556985294));
#8380 = ORIENTED_EDGE('',*,*,#8341,.F.);
#8381 = ORIENTED_EDGE('',*,*,#4729,.F.);
#8382 = SURFACE_OF_LINEAR_EXTRUSION('',#8383,#8387);
#8383 = B_SPLINE_CURVE_WITH_KNOTS('',2,(#8384,#8385,#8386),
  .UNSPECIFIED.,.F.,.F.,(3,3),(0.,1.),.PIECEWISE_BEZIER_KNOTS.);
#8384 = CARTESIAN_POINT('',(11.826210171569,-11.5,46.2109375));
#8385 = CARTESIAN_POINT('',(11.641773897059,-11.5,46.2109375));
#8386 = CARTESIAN_POINT('',(11.497012867647,-11.5,46.138556985294));
#8387 = VECTOR('',#8388,1.);
#8388 = DIRECTION('',(0.,-1.,2.2E-16));
#8389 = ADVANCED_FACE('',(#8390),#8408,.T.);
#8390 = FACE_BOUND('',#8391,.T.);
#8391 = EDGE_LOOP('',(#8392,#8400,#8406,#8407));
#8392 = ORIENTED_EDGE('',*,*,#8393,.T.);
#8393 = EDGE_CURVE('',#4714,#8394,#8396,.T.);
#8394 = VERTEX_POINT('',#8395);
#8395 = CARTESIAN_POINT('',(12.429381127451,-11.25,45.845281862745));
#8396 = LINE('',#8397,#8398);
#8397 = CARTESIAN_POINT('',(12.429381127451,-11.5,45.845281862745));
#8398 = VECTOR('',#8399,1.);
#8399 = DIRECTION('',(0.,1.,-2.2E-16));
#8400 = ORIENTED_EDGE('',*,*,#8401,.T.);
#8401 = EDGE_CURVE('',#8394,#8368,#8402,.T.);
#8402 = B_SPLINE_CURVE_WITH_KNOTS('',2,(#8403,#8404,#8405),
  .UNSPECIFIED.,.F.,.F.,(3,3),(0.,1.),.PIECEWISE_BEZIER_KNOTS.);
#8403 = CARTESIAN_POINT('',(12.429381127451,-11.25,45.845281862745));
#8404 = CARTESIAN_POINT('',(12.212239583333,-11.25,46.2109375));
#8405 = CARTESIAN_POINT('',(11.826210171569,-11.25,46.2109375));
#8406 = ORIENTED_EDGE('',*,*,#8367,.F.);
#8407 = ORIENTED_EDGE('',*,*,#4721,.F.);
#8408 = SURFACE_OF_LINEAR_EXTRUSION('',#8409,#8413);
#8409 = B_SPLINE_CURVE_WITH_KNOTS('',2,(#8410,#8411,#8412),
  .UNSPECIFIED.,.F.,.F.,(3,3),(0.,1.),.PIECEWISE_BEZIER_KNOTS.);
#8410 = CARTESIAN_POINT('',(12.429381127451,-11.5,45.845281862745));
#8411 = CARTESIAN_POINT('',(12.212239583333,-11.5,46.2109375));
#8412 = CARTESIAN_POINT('',(11.826210171569,-11.5,46.2109375));
#8413 = VECTOR('',#8414,1.);
#8414 = DIRECTION('',(0.,-1.,2.2E-16));
#8415 = ADVANCED_FACE('',(#8416),#8434,.T.);
#8416 = FACE_BOUND('',#8417,.T.);
#8417 = EDGE_LOOP('',(#8418,#8426,#8432,#8433));
#8418 = ORIENTED_EDGE('',*,*,#8419,.T.);
#8419 = EDGE_CURVE('',#4706,#8420,#8422,.T.);
#8420 = VERTEX_POINT('',#8421);
#8421 = CARTESIAN_POINT('',(12.647058823529,-11.25,44.875919117647));
#8422 = LINE('',#8423,#8424);
#8423 = CARTESIAN_POINT('',(12.647058823529,-11.5,44.875919117647));
#8424 = VECTOR('',#8425,1.);
#8425 = DIRECTION('',(0.,1.,-2.2E-16));
#8426 = ORIENTED_EDGE('',*,*,#8427,.T.);
#8427 = EDGE_CURVE('',#8420,#8394,#8428,.T.);
#8428 = B_SPLINE_CURVE_WITH_KNOTS('',2,(#8429,#8430,#8431),
  .UNSPECIFIED.,.F.,.F.,(3,3),(0.,1.),.PIECEWISE_BEZIER_KNOTS.);
#8429 = CARTESIAN_POINT('',(12.647058823529,-11.25,44.875919117647));
#8430 = CARTESIAN_POINT('',(12.647058823529,-11.25,45.479090073529));
#8431 = CARTESIAN_POINT('',(12.429381127451,-11.25,45.845281862745));
#8432 = ORIENTED_EDGE('',*,*,#8393,.F.);
#8433 = ORIENTED_EDGE('',*,*,#4713,.F.);
#8434 = SURFACE_OF_LINEAR_EXTRUSION('',#8435,#8439);
#8435 = B_SPLINE_CURVE_WITH_KNOTS('',2,(#8436,#8437,#8438),
  .UNSPECIFIED.,.F.,.F.,(3,3),(0.,1.),.PIECEWISE_BEZIER_KNOTS.);
#8436 = CARTESIAN_POINT('',(12.647058823529,-11.5,44.875919117647));
#8437 = CARTESIAN_POINT('',(12.647058823529,-11.5,45.479090073529));
#8438 = CARTESIAN_POINT('',(12.429381127451,-11.5,45.845281862745));
#8439 = VECTOR('',#8440,1.);
#8440 = DIRECTION('',(0.,-1.,2.2E-16));
#8441 = ADVANCED_FACE('',(#8442),#8460,.T.);
#8442 = FACE_BOUND('',#8443,.T.);
#8443 = EDGE_LOOP('',(#8444,#8452,#8458,#8459));
#8444 = ORIENTED_EDGE('',*,*,#8445,.T.);
#8445 = EDGE_CURVE('',#4698,#8446,#8448,.T.);
#8446 = VERTEX_POINT('',#8447);
#8447 = CARTESIAN_POINT('',(12.554304534314,-11.25,43.657781862745));
#8448 = LINE('',#8449,#8450);
#8449 = CARTESIAN_POINT('',(12.554304534314,-11.5,43.657781862745));
#8450 = VECTOR('',#8451,1.);
#8451 = DIRECTION('',(0.,1.,-2.2E-16));
#8452 = ORIENTED_EDGE('',*,*,#8453,.T.);
#8453 = EDGE_CURVE('',#8446,#8420,#8454,.T.);
#8454 = B_SPLINE_CURVE_WITH_KNOTS('',2,(#8455,#8456,#8457),
  .UNSPECIFIED.,.F.,.F.,(3,3),(0.,1.),.PIECEWISE_BEZIER_KNOTS.);
#8455 = CARTESIAN_POINT('',(12.554304534314,-11.25,43.657781862745));
#8456 = CARTESIAN_POINT('',(12.647058823529,-11.25,44.272748161765));
#8457 = CARTESIAN_POINT('',(12.647058823529,-11.25,44.875919117647));
#8458 = ORIENTED_EDGE('',*,*,#8419,.F.);
#8459 = ORIENTED_EDGE('',*,*,#4705,.F.);
#8460 = SURFACE_OF_LINEAR_EXTRUSION('',#8461,#8465);
#8461 = B_SPLINE_CURVE_WITH_KNOTS('',2,(#8462,#8463,#8464),
  .UNSPECIFIED.,.F.,.F.,(3,3),(0.,1.),.PIECEWISE_BEZIER_KNOTS.);
#8462 = CARTESIAN_POINT('',(12.554304534314,-11.5,43.657781862745));
#8463 = CARTESIAN_POINT('',(12.647058823529,-11.5,44.272748161765));
#8464 = CARTESIAN_POINT('',(12.647058823529,-11.5,44.875919117647));
#8465 = VECTOR('',#8466,1.);
#8466 = DIRECTION('',(0.,-1.,2.2E-16));
#8467 = ADVANCED_FACE('',(#8468),#8486,.T.);
#8468 = FACE_BOUND('',#8469,.T.);
#8469 = EDGE_LOOP('',(#8470,#8478,#8484,#8485));
#8470 = ORIENTED_EDGE('',*,*,#8471,.T.);
#8471 = EDGE_CURVE('',#4690,#8472,#8474,.T.);
#8472 = VERTEX_POINT('',#8473);
#8473 = CARTESIAN_POINT('',(12.235294117647,-11.25,42.342601102941));
#8474 = LINE('',#8475,#8476);
#8475 = CARTESIAN_POINT('',(12.235294117647,-11.5,42.342601102941));
#8476 = VECTOR('',#8477,1.);
#8477 = DIRECTION('',(0.,1.,-2.2E-16));
#8478 = ORIENTED_EDGE('',*,*,#8479,.T.);
#8479 = EDGE_CURVE('',#8472,#8446,#8480,.T.);
#8480 = B_SPLINE_CURVE_WITH_KNOTS('',2,(#8481,#8482,#8483),
  .UNSPECIFIED.,.F.,.F.,(3,3),(0.,1.),.PIECEWISE_BEZIER_KNOTS.);
#8481 = CARTESIAN_POINT('',(12.235294117647,-11.25,42.342601102941));
#8482 = CARTESIAN_POINT('',(12.461550245098,-11.25,43.042279411765));
#8483 = CARTESIAN_POINT('',(12.554304534314,-11.25,43.657781862745));
#8484 = ORIENTED_EDGE('',*,*,#8445,.F.);
#8485 = ORIENTED_EDGE('',*,*,#4697,.F.);
#8486 = SURFACE_OF_LINEAR_EXTRUSION('',#8487,#8491);
#8487 = B_SPLINE_CURVE_WITH_KNOTS('',2,(#8488,#8489,#8490),
  .UNSPECIFIED.,.F.,.F.,(3,3),(0.,1.),.PIECEWISE_BEZIER_KNOTS.);
#8488 = CARTESIAN_POINT('',(12.235294117647,-11.5,42.342601102941));
#8489 = CARTESIAN_POINT('',(12.461550245098,-11.5,43.042279411765));
#8490 = CARTESIAN_POINT('',(12.554304534314,-11.5,43.657781862745));
#8491 = VECTOR('',#8492,1.);
#8492 = DIRECTION('',(0.,-1.,2.2E-16));
#8493 = ADVANCED_FACE('',(#8494),#8512,.T.);
#8494 = FACE_BOUND('',#8495,.T.);
#8495 = EDGE_LOOP('',(#8496,#8504,#8510,#8511));
#8496 = ORIENTED_EDGE('',*,*,#8497,.T.);
#8497 = EDGE_CURVE('',#4682,#8498,#8500,.T.);
#8498 = VERTEX_POINT('',#8499);
#8499 = CARTESIAN_POINT('',(13.848039215686,-11.25,42.342601102941));
#8500 = LINE('',#8501,#8502);
#8501 = CARTESIAN_POINT('',(13.848039215686,-11.5,42.342601102941));
#8502 = VECTOR('',#8503,1.);
#8503 = DIRECTION('',(0.,1.,-2.2E-16));
#8504 = ORIENTED_EDGE('',*,*,#8505,.T.);
#8505 = EDGE_CURVE('',#8498,#8472,#8506,.T.);
#8506 = LINE('',#8507,#8508);
#8507 = CARTESIAN_POINT('',(13.848039215686,-11.25,42.342601102941));
#8508 = VECTOR('',#8509,1.);
#8509 = DIRECTION('',(-1.,0.,0.));
#8510 = ORIENTED_EDGE('',*,*,#8471,.F.);
#8511 = ORIENTED_EDGE('',*,*,#4689,.F.);
#8512 = PLANE('',#8513);
#8513 = AXIS2_PLACEMENT_3D('',#8514,#8515,#8516);
#8514 = CARTESIAN_POINT('',(13.848039215686,-11.5,42.342601102941));
#8515 = DIRECTION('',(2.2E-16,2.2E-16,1.));
#8516 = DIRECTION('',(-1.,0.,2.2E-16));
#8517 = ADVANCED_FACE('',(#8518),#8536,.T.);
#8518 = FACE_BOUND('',#8519,.T.);
#8519 = EDGE_LOOP('',(#8520,#8528,#8534,#8535));
#8520 = ORIENTED_EDGE('',*,*,#8521,.T.);
#8521 = EDGE_CURVE('',#4674,#8522,#8524,.T.);
#8522 = VERTEX_POINT('',#8523);
#8523 = CARTESIAN_POINT('',(14.013174019608,-11.25,43.396139705882));
#8524 = LINE('',#8525,#8526);
#8525 = CARTESIAN_POINT('',(14.013174019608,-11.5,43.396139705882));
#8526 = VECTOR('',#8527,1.);
#8527 = DIRECTION('',(0.,1.,-2.2E-16));
#8528 = ORIENTED_EDGE('',*,*,#8529,.T.);
#8529 = EDGE_CURVE('',#8522,#8498,#8530,.T.);
#8530 = B_SPLINE_CURVE_WITH_KNOTS('',2,(#8531,#8532,#8533),
  .UNSPECIFIED.,.F.,.F.,(3,3),(0.,1.),.PIECEWISE_BEZIER_KNOTS.);
#8531 = CARTESIAN_POINT('',(14.013174019608,-11.25,43.396139705882));
#8532 = CARTESIAN_POINT('',(13.938112745098,-11.25,42.801011029412));
#8533 = CARTESIAN_POINT('',(13.848039215686,-11.25,42.342601102941));
#8534 = ORIENTED_EDGE('',*,*,#8497,.F.);
#8535 = ORIENTED_EDGE('',*,*,#4681,.F.);
#8536 = SURFACE_OF_LINEAR_EXTRUSION('',#8537,#8541);
#8537 = B_SPLINE_CURVE_WITH_KNOTS('',2,(#8538,#8539,#8540),
  .UNSPECIFIED.,.F.,.F.,(3,3),(0.,1.),.PIECEWISE_BEZIER_KNOTS.);
#8538 = CARTESIAN_POINT('',(14.013174019608,-11.5,43.396139705882));
#8539 = CARTESIAN_POINT('',(13.938112745098,-11.5,42.801011029412));
#8540 = CARTESIAN_POINT('',(13.848039215686,-11.5,42.342601102941));
#8541 = VECTOR('',#8542,1.);
#8542 = DIRECTION('',(0.,-1.,2.2E-16));
#8543 = ADVANCED_FACE('',(#8544),#8562,.T.);
#8544 = FACE_BOUND('',#8545,.T.);
#8545 = EDGE_LOOP('',(#8546,#8554,#8560,#8561));
#8546 = ORIENTED_EDGE('',*,*,#8547,.T.);
#8547 = EDGE_CURVE('',#4666,#8548,#8550,.T.);
#8548 = VERTEX_POINT('',#8549);
#8549 = CARTESIAN_POINT('',(14.088235294118,-11.25,44.763327205882));
#8550 = LINE('',#8551,#8552);
#8551 = CARTESIAN_POINT('',(14.088235294118,-11.5,44.763327205882));
#8552 = VECTOR('',#8553,1.);
#8553 = DIRECTION('',(0.,1.,-2.2E-16));
#8554 = ORIENTED_EDGE('',*,*,#8555,.T.);
#8555 = EDGE_CURVE('',#8548,#8522,#8556,.T.);
#8556 = B_SPLINE_CURVE_WITH_KNOTS('',2,(#8557,#8558,#8559),
  .UNSPECIFIED.,.F.,.F.,(3,3),(0.,1.),.PIECEWISE_BEZIER_KNOTS.);
#8557 = CARTESIAN_POINT('',(14.088235294118,-11.25,44.763327205882));
#8558 = CARTESIAN_POINT('',(14.088235294118,-11.25,43.991268382353));
#8559 = CARTESIAN_POINT('',(14.013174019608,-11.25,43.396139705882));
#8560 = ORIENTED_EDGE('',*,*,#8521,.F.);
#8561 = ORIENTED_EDGE('',*,*,#4673,.F.);
#8562 = SURFACE_OF_LINEAR_EXTRUSION('',#8563,#8567);
#8563 = B_SPLINE_CURVE_WITH_KNOTS('',2,(#8564,#8565,#8566),
  .UNSPECIFIED.,.F.,.F.,(3,3),(0.,1.),.PIECEWISE_BEZIER_KNOTS.);
#8564 = CARTESIAN_POINT('',(14.088235294118,-11.5,44.763327205882));
#8565 = CARTESIAN_POINT('',(14.088235294118,-11.5,43.991268382353));
#8566 = CARTESIAN_POINT('',(14.013174019608,-11.5,43.396139705882));
#8567 = VECTOR('',#8568,1.);
#8568 = DIRECTION('',(0.,-1.,2.2E-16));
#8569 = ADVANCED_FACE('',(#8570),#8588,.T.);
#8570 = FACE_BOUND('',#8571,.T.);
#8571 = EDGE_LOOP('',(#8572,#8580,#8586,#8587));
#8572 = ORIENTED_EDGE('',*,*,#8573,.T.);
#8573 = EDGE_CURVE('',#4658,#8574,#8576,.T.);
#8574 = VERTEX_POINT('',#8575);
#8575 = CARTESIAN_POINT('',(13.895756740196,-11.25,46.323529411765));
#8576 = LINE('',#8577,#8578);
#8577 = CARTESIAN_POINT('',(13.895756740196,-11.5,46.323529411765));
#8578 = VECTOR('',#8579,1.);
#8579 = DIRECTION('',(0.,1.,-2.2E-16));
#8580 = ORIENTED_EDGE('',*,*,#8581,.T.);
#8581 = EDGE_CURVE('',#8574,#8548,#8582,.T.);
#8582 = B_SPLINE_CURVE_WITH_KNOTS('',2,(#8583,#8584,#8585),
  .UNSPECIFIED.,.F.,.F.,(3,3),(0.,1.),.PIECEWISE_BEZIER_KNOTS.);
#8583 = CARTESIAN_POINT('',(13.895756740196,-11.25,46.323529411765));
#8584 = CARTESIAN_POINT('',(14.088235294118,-11.25,45.656020220588));
#8585 = CARTESIAN_POINT('',(14.088235294118,-11.25,44.763327205882));
#8586 = ORIENTED_EDGE('',*,*,#8547,.F.);
#8587 = ORIENTED_EDGE('',*,*,#4665,.F.);
#8588 = SURFACE_OF_LINEAR_EXTRUSION('',#8589,#8593);
#8589 = B_SPLINE_CURVE_WITH_KNOTS('',2,(#8590,#8591,#8592),
  .UNSPECIFIED.,.F.,.F.,(3,3),(0.,1.),.PIECEWISE_BEZIER_KNOTS.);
#8590 = CARTESIAN_POINT('',(13.895756740196,-11.5,46.323529411765));
#8591 = CARTESIAN_POINT('',(14.088235294118,-11.5,45.656020220588));
#8592 = CARTESIAN_POINT('',(14.088235294118,-11.5,44.763327205882));
#8593 = VECTOR('',#8594,1.);
#8594 = DIRECTION('',(0.,-1.,2.2E-16));
#8595 = ADVANCED_FACE('',(#8596),#8614,.T.);
#8596 = FACE_BOUND('',#8597,.T.);
#8597 = EDGE_LOOP('',(#8598,#8606,#8612,#8613));
#8598 = ORIENTED_EDGE('',*,*,#8599,.T.);
#8599 = EDGE_CURVE('',#4650,#8600,#8602,.T.);
#8600 = VERTEX_POINT('',#8601);
#8601 = CARTESIAN_POINT('',(13.370327818627,-11.25,47.437653186275));
#8602 = LINE('',#8603,#8604);
#8603 = CARTESIAN_POINT('',(13.370327818627,-11.5,47.437653186275));
#8604 = VECTOR('',#8605,1.);
#8605 = DIRECTION('',(0.,1.,-2.2E-16));
#8606 = ORIENTED_EDGE('',*,*,#8607,.T.);
#8607 = EDGE_CURVE('',#8600,#8574,#8608,.T.);
#8608 = B_SPLINE_CURVE_WITH_KNOTS('',2,(#8609,#8610,#8611),
  .UNSPECIFIED.,.F.,.F.,(3,3),(0.,1.),.PIECEWISE_BEZIER_KNOTS.);
#8609 = CARTESIAN_POINT('',(13.370327818627,-11.25,47.437653186275));
#8610 = CARTESIAN_POINT('',(13.703278186275,-11.25,46.991038602941));
#8611 = CARTESIAN_POINT('',(13.895756740196,-11.25,46.323529411765));
#8612 = ORIENTED_EDGE('',*,*,#8573,.F.);
#8613 = ORIENTED_EDGE('',*,*,#4657,.F.);
#8614 = SURFACE_OF_LINEAR_EXTRUSION('',#8615,#8619);
#8615 = B_SPLINE_CURVE_WITH_KNOTS('',2,(#8616,#8617,#8618),
  .UNSPECIFIED.,.F.,.F.,(3,3),(0.,1.),.PIECEWISE_BEZIER_KNOTS.);
#8616 = CARTESIAN_POINT('',(13.370327818627,-11.5,47.437653186275));
#8617 = CARTESIAN_POINT('',(13.703278186275,-11.5,46.991038602941));
#8618 = CARTESIAN_POINT('',(13.895756740196,-11.5,46.323529411765));
#8619 = VECTOR('',#8620,1.);
#8620 = DIRECTION('',(0.,-1.,2.2E-16));
#8621 = ADVANCED_FACE('',(#8622),#8640,.T.);
#8622 = FACE_BOUND('',#8623,.T.);
#8623 = EDGE_LOOP('',(#8624,#8632,#8638,#8639));
#8624 = ORIENTED_EDGE('',*,*,#8625,.T.);
#8625 = EDGE_CURVE('',#4642,#8626,#8628,.T.);
#8626 = VERTEX_POINT('',#8627);
#8627 = CARTESIAN_POINT('',(12.596124387255,-11.25,48.108915441176));
#8628 = LINE('',#8629,#8630);
#8629 = CARTESIAN_POINT('',(12.596124387255,-11.5,48.108915441176));
#8630 = VECTOR('',#8631,1.);
#8631 = DIRECTION('',(0.,1.,-2.2E-16));
#8632 = ORIENTED_EDGE('',*,*,#8633,.T.);
#8633 = EDGE_CURVE('',#8626,#8600,#8634,.T.);
#8634 = B_SPLINE_CURVE_WITH_KNOTS('',2,(#8635,#8636,#8637),
  .UNSPECIFIED.,.F.,.F.,(3,3),(0.,1.),.PIECEWISE_BEZIER_KNOTS.);
#8635 = CARTESIAN_POINT('',(12.596124387255,-11.25,48.108915441176));
#8636 = CARTESIAN_POINT('',(13.03737745098,-11.25,47.883731617647));
#8637 = CARTESIAN_POINT('',(13.370327818627,-11.25,47.437653186275));
#8638 = ORIENTED_EDGE('',*,*,#8599,.F.);
#8639 = ORIENTED_EDGE('',*,*,#4649,.F.);
#8640 = SURFACE_OF_LINEAR_EXTRUSION('',#8641,#8645);
#8641 = B_SPLINE_CURVE_WITH_KNOTS('',2,(#8642,#8643,#8644),
  .UNSPECIFIED.,.F.,.F.,(3,3),(0.,1.),.PIECEWISE_BEZIER_KNOTS.);
#8642 = CARTESIAN_POINT('',(12.596124387255,-11.5,48.108915441176));
#8643 = CARTESIAN_POINT('',(13.03737745098,-11.5,47.883731617647));
#8644 = CARTESIAN_POINT('',(13.370327818627,-11.5,47.437653186275));
#8645 = VECTOR('',#8646,1.);
#8646 = DIRECTION('',(0.,-1.,2.2E-16));
#8647 = ADVANCED_FACE('',(#8648),#8666,.T.);
#8648 = FACE_BOUND('',#8649,.T.);
#8649 = EDGE_LOOP('',(#8650,#8658,#8664,#8665));
#8650 = ORIENTED_EDGE('',*,*,#8651,.T.);
#8651 = EDGE_CURVE('',#4634,#8652,#8654,.T.);
#8652 = VERTEX_POINT('',#8653);
#8653 = CARTESIAN_POINT('',(11.657858455882,-11.25,48.334099264706));
#8654 = LINE('',#8655,#8656);
#8655 = CARTESIAN_POINT('',(11.657858455882,-11.5,48.334099264706));
#8656 = VECTOR('',#8657,1.);
#8657 = DIRECTION('',(0.,1.,-2.2E-16));
#8658 = ORIENTED_EDGE('',*,*,#8659,.T.);
#8659 = EDGE_CURVE('',#8652,#8626,#8660,.T.);
#8660 = B_SPLINE_CURVE_WITH_KNOTS('',2,(#8661,#8662,#8663),
  .UNSPECIFIED.,.F.,.F.,(3,3),(0.,1.),.PIECEWISE_BEZIER_KNOTS.);
#8661 = CARTESIAN_POINT('',(11.657858455882,-11.25,48.334099264706));
#8662 = CARTESIAN_POINT('',(12.15540747549,-11.25,48.334099264706));
#8663 = CARTESIAN_POINT('',(12.596124387255,-11.25,48.108915441176));
#8664 = ORIENTED_EDGE('',*,*,#8625,.F.);
#8665 = ORIENTED_EDGE('',*,*,#4641,.F.);
#8666 = SURFACE_OF_LINEAR_EXTRUSION('',#8667,#8671);
#8667 = B_SPLINE_CURVE_WITH_KNOTS('',2,(#8668,#8669,#8670),
  .UNSPECIFIED.,.F.,.F.,(3,3),(0.,1.),.PIECEWISE_BEZIER_KNOTS.);
#8668 = CARTESIAN_POINT('',(11.657858455882,-11.5,48.334099264706));
#8669 = CARTESIAN_POINT('',(12.15540747549,-11.5,48.334099264706));
#8670 = CARTESIAN_POINT('',(12.596124387255,-11.5,48.108915441176));
#8671 = VECTOR('',#8672,1.);
#8672 = DIRECTION('',(0.,-1.,2.2E-16));
#8673 = ADVANCED_FACE('',(#8674),#8692,.T.);
#8674 = FACE_BOUND('',#8675,.T.);
#8675 = EDGE_LOOP('',(#8676,#8684,#8690,#8691));
#8676 = ORIENTED_EDGE('',*,*,#8677,.T.);
#8677 = EDGE_CURVE('',#4626,#8678,#8680,.T.);
#8678 = VERTEX_POINT('',#8679);
#8679 = CARTESIAN_POINT('',(10.763556985294,-11.25,48.185585171569));
#8680 = LINE('',#8681,#8682);
#8681 = CARTESIAN_POINT('',(10.763556985294,-11.5,48.185585171569));
#8682 = VECTOR('',#8683,1.);
#8683 = DIRECTION('',(0.,1.,-2.2E-16));
#8684 = ORIENTED_EDGE('',*,*,#8685,.T.);
#8685 = EDGE_CURVE('',#8678,#8652,#8686,.T.);
#8686 = B_SPLINE_CURVE_WITH_KNOTS('',2,(#8687,#8688,#8689),
  .UNSPECIFIED.,.F.,.F.,(3,3),(0.,1.),.PIECEWISE_BEZIER_KNOTS.);
#8687 = CARTESIAN_POINT('',(10.763556985294,-11.25,48.185585171569));
#8688 = CARTESIAN_POINT('',(11.144761029412,-11.25,48.334099264706));
#8689 = CARTESIAN_POINT('',(11.657858455882,-11.25,48.334099264706));
#8690 = ORIENTED_EDGE('',*,*,#8651,.F.);
#8691 = ORIENTED_EDGE('',*,*,#4633,.F.);
#8692 = SURFACE_OF_LINEAR_EXTRUSION('',#8693,#8697);
#8693 = B_SPLINE_CURVE_WITH_KNOTS('',2,(#8694,#8695,#8696),
  .UNSPECIFIED.,.F.,.F.,(3,3),(0.,1.),.PIECEWISE_BEZIER_KNOTS.);
#8694 = CARTESIAN_POINT('',(10.763556985294,-11.5,48.185585171569));
#8695 = CARTESIAN_POINT('',(11.144761029412,-11.5,48.334099264706));
#8696 = CARTESIAN_POINT('',(11.657858455882,-11.5,48.334099264706));
#8697 = VECTOR('',#8698,1.);
#8698 = DIRECTION('',(0.,-1.,2.2E-16));
#8699 = ADVANCED_FACE('',(#8700),#8718,.T.);
#8700 = FACE_BOUND('',#8701,.T.);
#8701 = EDGE_LOOP('',(#8702,#8710,#8716,#8717));
#8702 = ORIENTED_EDGE('',*,*,#8703,.T.);
#8703 = EDGE_CURVE('',#4618,#8704,#8706,.T.);
#8704 = VERTEX_POINT('',#8705);
#8705 = CARTESIAN_POINT('',(10.093903186275,-11.25,47.738970588235));
#8706 = LINE('',#8707,#8708);
#8707 = CARTESIAN_POINT('',(10.093903186275,-11.5,47.738970588235));
#8708 = VECTOR('',#8709,1.);
#8709 = DIRECTION('',(0.,1.,-2.2E-16));
#8710 = ORIENTED_EDGE('',*,*,#8711,.T.);
#8711 = EDGE_CURVE('',#8704,#8678,#8712,.T.);
#8712 = B_SPLINE_CURVE_WITH_KNOTS('',2,(#8713,#8714,#8715),
  .UNSPECIFIED.,.F.,.F.,(3,3),(0.,1.),.PIECEWISE_BEZIER_KNOTS.);
#8713 = CARTESIAN_POINT('',(10.093903186275,-11.25,47.738970588235));
#8714 = CARTESIAN_POINT('',(10.382889093137,-11.25,48.036534926471));
#8715 = CARTESIAN_POINT('',(10.763556985294,-11.25,48.185585171569));
#8716 = ORIENTED_EDGE('',*,*,#8677,.F.);
#8717 = ORIENTED_EDGE('',*,*,#4625,.F.);
#8718 = SURFACE_OF_LINEAR_EXTRUSION('',#8719,#8723);
#8719 = B_SPLINE_CURVE_WITH_KNOTS('',2,(#8720,#8721,#8722),
  .UNSPECIFIED.,.F.,.F.,(3,3),(0.,1.),.PIECEWISE_BEZIER_KNOTS.);
#8720 = CARTESIAN_POINT('',(10.093903186275,-11.5,47.738970588235));
#8721 = CARTESIAN_POINT('',(10.382889093137,-11.5,48.036534926471));
#8722 = CARTESIAN_POINT('',(10.763556985294,-11.5,48.185585171569));
#8723 = VECTOR('',#8724,1.);
#8724 = DIRECTION('',(0.,-1.,2.2E-16));
#8725 = ADVANCED_FACE('',(#8726),#8744,.T.);
#8726 = FACE_BOUND('',#8727,.T.);
#8727 = EDGE_LOOP('',(#8728,#8736,#8742,#8743));
#8728 = ORIENTED_EDGE('',*,*,#8729,.T.);
#8729 = EDGE_CURVE('',#4610,#8730,#8732,.T.);
#8730 = VERTEX_POINT('',#8731);
#8731 = CARTESIAN_POINT('',(9.592601102941,-11.25,46.987285539216));
#8732 = LINE('',#8733,#8734);
#8733 = CARTESIAN_POINT('',(9.592601102941,-11.5,46.987285539216));
#8734 = VECTOR('',#8735,1.);
#8735 = DIRECTION('',(0.,1.,-2.2E-16));
#8736 = ORIENTED_EDGE('',*,*,#8737,.T.);
#8737 = EDGE_CURVE('',#8730,#8704,#8738,.T.);
#8738 = B_SPLINE_CURVE_WITH_KNOTS('',2,(#8739,#8740,#8741),
  .UNSPECIFIED.,.F.,.F.,(3,3),(0.,1.),.PIECEWISE_BEZIER_KNOTS.);
#8739 = CARTESIAN_POINT('',(9.592601102941,-11.25,46.987285539216));
#8740 = CARTESIAN_POINT('',(9.805453431373,-11.25,47.44140625));
#8741 = CARTESIAN_POINT('',(10.093903186275,-11.25,47.738970588235));
#8742 = ORIENTED_EDGE('',*,*,#8703,.F.);
#8743 = ORIENTED_EDGE('',*,*,#4617,.F.);
#8744 = SURFACE_OF_LINEAR_EXTRUSION('',#8745,#8749);
#8745 = B_SPLINE_CURVE_WITH_KNOTS('',2,(#8746,#8747,#8748),
  .UNSPECIFIED.,.F.,.F.,(3,3),(0.,1.),.PIECEWISE_BEZIER_KNOTS.);
#8746 = CARTESIAN_POINT('',(9.592601102941,-11.5,46.987285539216));
#8747 = CARTESIAN_POINT('',(9.805453431373,-11.5,47.44140625));
#8748 = CARTESIAN_POINT('',(10.093903186275,-11.5,47.738970588235));
#8749 = VECTOR('',#8750,1.);
#8750 = DIRECTION('',(0.,-1.,2.2E-16));
#8751 = ADVANCED_FACE('',(#8752),#8770,.T.);
#8752 = FACE_BOUND('',#8753,.T.);
#8753 = EDGE_LOOP('',(#8754,#8762,#8768,#8769));
#8754 = ORIENTED_EDGE('',*,*,#8755,.T.);
#8755 = EDGE_CURVE('',#4602,#8756,#8758,.T.);
#8756 = VERTEX_POINT('',#8757);
#8757 = CARTESIAN_POINT('',(9.211933210784,-11.25,45.929457720588));
#8758 = LINE('',#8759,#8760);
#8759 = CARTESIAN_POINT('',(9.211933210784,-11.5,45.929457720588));
#8760 = VECTOR('',#8761,1.);
#8761 = DIRECTION('',(0.,1.,-2.2E-16));
#8762 = ORIENTED_EDGE('',*,*,#8763,.T.);
#8763 = EDGE_CURVE('',#8756,#8730,#8764,.T.);
#8764 = B_SPLINE_CURVE_WITH_KNOTS('',2,(#8765,#8766,#8767),
  .UNSPECIFIED.,.F.,.F.,(3,3),(0.,1.),.PIECEWISE_BEZIER_KNOTS.);
#8765 = CARTESIAN_POINT('',(9.211933210784,-11.25,45.929457720588));
#8766 = CARTESIAN_POINT('',(9.380284926471,-11.25,46.532628676471));
#8767 = CARTESIAN_POINT('',(9.592601102941,-11.25,46.987285539216));
#8768 = ORIENTED_EDGE('',*,*,#8729,.F.);
#8769 = ORIENTED_EDGE('',*,*,#4609,.F.);
#8770 = SURFACE_OF_LINEAR_EXTRUSION('',#8771,#8775);
#8771 = B_SPLINE_CURVE_WITH_KNOTS('',2,(#8772,#8773,#8774),
  .UNSPECIFIED.,.F.,.F.,(3,3),(0.,1.),.PIECEWISE_BEZIER_KNOTS.);
#8772 = CARTESIAN_POINT('',(9.211933210784,-11.5,45.929457720588));
#8773 = CARTESIAN_POINT('',(9.380284926471,-11.5,46.532628676471));
#8774 = CARTESIAN_POINT('',(9.592601102941,-11.5,46.987285539216));
#8775 = VECTOR('',#8776,1.);
#8776 = DIRECTION('',(0.,-1.,2.2E-16));
#8777 = ADVANCED_FACE('',(#8778),#8796,.T.);
#8778 = FACE_BOUND('',#8779,.T.);
#8779 = EDGE_LOOP('',(#8780,#8788,#8794,#8795));
#8780 = ORIENTED_EDGE('',*,*,#8781,.T.);
#8781 = EDGE_CURVE('',#4594,#8782,#8784,.T.);
#8782 = VERTEX_POINT('',#8783);
#8783 = CARTESIAN_POINT('',(8.878982843137,-11.25,44.875919117647));
#8784 = LINE('',#8785,#8786);
#8785 = CARTESIAN_POINT('',(8.878982843137,-11.5,44.875919117647));
#8786 = VECTOR('',#8787,1.);
#8787 = DIRECTION('',(0.,1.,-2.2E-16));
#8788 = ORIENTED_EDGE('',*,*,#8789,.T.);
#8789 = EDGE_CURVE('',#8782,#8756,#8790,.T.);
#8790 = B_SPLINE_CURVE_WITH_KNOTS('',2,(#8791,#8792,#8793),
  .UNSPECIFIED.,.F.,.F.,(3,3),(0.,1.),.PIECEWISE_BEZIER_KNOTS.);
#8791 = CARTESIAN_POINT('',(8.878982843137,-11.25,44.875919117647));
#8792 = CARTESIAN_POINT('',(9.027496936275,-11.25,45.278033088235));
#8793 = CARTESIAN_POINT('',(9.211933210784,-11.25,45.929457720588));
#8794 = ORIENTED_EDGE('',*,*,#8755,.F.);
#8795 = ORIENTED_EDGE('',*,*,#4601,.F.);
#8796 = SURFACE_OF_LINEAR_EXTRUSION('',#8797,#8801);
#8797 = B_SPLINE_CURVE_WITH_KNOTS('',2,(#8798,#8799,#8800),
  .UNSPECIFIED.,.F.,.F.,(3,3),(0.,1.),.PIECEWISE_BEZIER_KNOTS.);
#8798 = CARTESIAN_POINT('',(8.878982843137,-11.5,44.875919117647));
#8799 = CARTESIAN_POINT('',(9.027496936275,-11.5,45.278033088235));
#8800 = CARTESIAN_POINT('',(9.211933210784,-11.5,45.929457720588));
#8801 = VECTOR('',#8802,1.);
#8802 = DIRECTION('',(0.,-1.,2.2E-16));
#8803 = ADVANCED_FACE('',(#8804),#8822,.T.);
#8804 = FACE_BOUND('',#8805,.T.);
#8805 = EDGE_LOOP('',(#8806,#8814,#8820,#8821));
#8806 = ORIENTED_EDGE('',*,*,#8807,.T.);
#8807 = EDGE_CURVE('',#4586,#8808,#8810,.T.);
#8808 = VERTEX_POINT('',#8809);
#8809 = CARTESIAN_POINT('',(8.589996936275,-11.25,44.252910539216));
#8810 = LINE('',#8811,#8812);
#8811 = CARTESIAN_POINT('',(8.589996936275,-11.5,44.252910539216));
#8812 = VECTOR('',#8813,1.);
#8813 = DIRECTION('',(0.,1.,-2.2E-16));
#8814 = ORIENTED_EDGE('',*,*,#8815,.T.);
#8815 = EDGE_CURVE('',#8808,#8782,#8816,.T.);
#8816 = B_SPLINE_CURVE_WITH_KNOTS('',2,(#8817,#8818,#8819),
  .UNSPECIFIED.,.F.,.F.,(3,3),(0.,1.),.PIECEWISE_BEZIER_KNOTS.);
#8817 = CARTESIAN_POINT('',(8.589996936275,-11.25,44.252910539216));
#8818 = CARTESIAN_POINT('',(8.73046875,-11.25,44.473805147059));
#8819 = CARTESIAN_POINT('',(8.878982843137,-11.25,44.875919117647));
#8820 = ORIENTED_EDGE('',*,*,#8781,.F.);
#8821 = ORIENTED_EDGE('',*,*,#4593,.F.);
#8822 = SURFACE_OF_LINEAR_EXTRUSION('',#8823,#8827);
#8823 = B_SPLINE_CURVE_WITH_KNOTS('',2,(#8824,#8825,#8826),
  .UNSPECIFIED.,.F.,.F.,(3,3),(0.,1.),.PIECEWISE_BEZIER_KNOTS.);
#8824 = CARTESIAN_POINT('',(8.589996936275,-11.5,44.252910539216));
#8825 = CARTESIAN_POINT('',(8.73046875,-11.5,44.473805147059));
#8826 = CARTESIAN_POINT('',(8.878982843137,-11.5,44.875919117647));
#8827 = VECTOR('',#8828,1.);
#8828 = DIRECTION('',(0.,-1.,2.2E-16));
#8829 = ADVANCED_FACE('',(#8830),#8848,.T.);
#8830 = FACE_BOUND('',#8831,.T.);
#8831 = EDGE_LOOP('',(#8832,#8840,#8846,#8847));
#8832 = ORIENTED_EDGE('',*,*,#8833,.T.);
#8833 = EDGE_CURVE('',#4578,#8834,#8836,.T.);
#8834 = VERTEX_POINT('',#8835);
#8835 = CARTESIAN_POINT('',(8.297257965686,-11.25,43.951056985294));
#8836 = LINE('',#8837,#8838);
#8837 = CARTESIAN_POINT('',(8.297257965686,-11.5,43.951056985294));
#8838 = VECTOR('',#8839,1.);
#8839 = DIRECTION('',(0.,1.,-2.2E-16));
#8840 = ORIENTED_EDGE('',*,*,#8841,.T.);
#8841 = EDGE_CURVE('',#8834,#8808,#8842,.T.);
#8842 = B_SPLINE_CURVE_WITH_KNOTS('',2,(#8843,#8844,#8845),
  .UNSPECIFIED.,.F.,.F.,(3,3),(0.,1.),.PIECEWISE_BEZIER_KNOTS.);
#8843 = CARTESIAN_POINT('',(8.297257965686,-11.25,43.951056985294));
#8844 = CARTESIAN_POINT('',(8.45006127451,-11.25,44.031479779412));
#8845 = CARTESIAN_POINT('',(8.589996936275,-11.25,44.252910539216));
#8846 = ORIENTED_EDGE('',*,*,#8807,.F.);
#8847 = ORIENTED_EDGE('',*,*,#4585,.F.);
#8848 = SURFACE_OF_LINEAR_EXTRUSION('',#8849,#8853);
#8849 = B_SPLINE_CURVE_WITH_KNOTS('',2,(#8850,#8851,#8852),
  .UNSPECIFIED.,.F.,.F.,(3,3),(0.,1.),.PIECEWISE_BEZIER_KNOTS.);
#8850 = CARTESIAN_POINT('',(8.297257965686,-11.5,43.951056985294));
#8851 = CARTESIAN_POINT('',(8.45006127451,-11.5,44.031479779412));
#8852 = CARTESIAN_POINT('',(8.589996936275,-11.5,44.252910539216));
#8853 = VECTOR('',#8854,1.);
#8854 = DIRECTION('',(0.,-1.,2.2E-16));
#8855 = ADVANCED_FACE('',(#8856),#8874,.T.);
#8856 = FACE_BOUND('',#8857,.T.);
#8857 = EDGE_LOOP('',(#8858,#8866,#8872,#8873));
#8858 = ORIENTED_EDGE('',*,*,#8859,.T.);
#8859 = EDGE_CURVE('',#4570,#8860,#8862,.T.);
#8860 = VERTEX_POINT('',#8861);
#8861 = CARTESIAN_POINT('',(7.960554534314,-11.25,43.870634191176));
#8862 = LINE('',#8863,#8864);
#8863 = CARTESIAN_POINT('',(7.960554534314,-11.5,43.870634191176));
#8864 = VECTOR('',#8865,1.);
#8865 = DIRECTION('',(0.,1.,-2.2E-16));
#8866 = ORIENTED_EDGE('',*,*,#8867,.T.);
#8867 = EDGE_CURVE('',#8860,#8834,#8868,.T.);
#8868 = B_SPLINE_CURVE_WITH_KNOTS('',2,(#8869,#8870,#8871),
  .UNSPECIFIED.,.F.,.F.,(3,3),(0.,1.),.PIECEWISE_BEZIER_KNOTS.);
#8869 = CARTESIAN_POINT('',(7.960554534314,-11.25,43.870634191176));
#8870 = CARTESIAN_POINT('',(8.144990808824,-11.25,43.870634191176));
#8871 = CARTESIAN_POINT('',(8.297257965686,-11.25,43.951056985294));
#8872 = ORIENTED_EDGE('',*,*,#8833,.F.);
#8873 = ORIENTED_EDGE('',*,*,#4577,.F.);
#8874 = SURFACE_OF_LINEAR_EXTRUSION('',#8875,#8879);
#8875 = B_SPLINE_CURVE_WITH_KNOTS('',2,(#8876,#8877,#8878),
  .UNSPECIFIED.,.F.,.F.,(3,3),(0.,1.),.PIECEWISE_BEZIER_KNOTS.);
#8876 = CARTESIAN_POINT('',(7.960554534314,-11.5,43.870634191176));
#8877 = CARTESIAN_POINT('',(8.144990808824,-11.5,43.870634191176));
#8878 = CARTESIAN_POINT('',(8.297257965686,-11.5,43.951056985294));
#8879 = VECTOR('',#8880,1.);
#8880 = DIRECTION('',(0.,-1.,2.2E-16));
#8881 = ADVANCED_FACE('',(#8882),#8900,.T.);
#8882 = FACE_BOUND('',#8883,.T.);
#8883 = EDGE_LOOP('',(#8884,#8892,#8898,#8899));
#8884 = ORIENTED_EDGE('',*,*,#8885,.T.);
#8885 = EDGE_CURVE('',#4562,#8886,#8888,.T.);
#8886 = VERTEX_POINT('',#8887);
#8887 = CARTESIAN_POINT('',(7.330039828431,-11.25,44.252910539216));
#8888 = LINE('',#8889,#8890);
#8889 = CARTESIAN_POINT('',(7.330039828431,-11.5,44.252910539216));
#8890 = VECTOR('',#8891,1.);
#8891 = DIRECTION('',(0.,1.,-2.2E-16));
#8892 = ORIENTED_EDGE('',*,*,#8893,.T.);
#8893 = EDGE_CURVE('',#8886,#8860,#8894,.T.);
#8894 = B_SPLINE_CURVE_WITH_KNOTS('',2,(#8895,#8896,#8897),
  .UNSPECIFIED.,.F.,.F.,(3,3),(0.,1.),.PIECEWISE_BEZIER_KNOTS.);
#8895 = CARTESIAN_POINT('',(7.330039828431,-11.25,44.252910539216));
#8896 = CARTESIAN_POINT('',(7.571844362745,-11.25,43.870634191176));
#8897 = CARTESIAN_POINT('',(7.960554534314,-11.25,43.870634191176));
#8898 = ORIENTED_EDGE('',*,*,#8859,.F.);
#8899 = ORIENTED_EDGE('',*,*,#4569,.F.);
#8900 = SURFACE_OF_LINEAR_EXTRUSION('',#8901,#8905);
#8901 = B_SPLINE_CURVE_WITH_KNOTS('',2,(#8902,#8903,#8904),
  .UNSPECIFIED.,.F.,.F.,(3,3),(0.,1.),.PIECEWISE_BEZIER_KNOTS.);
#8902 = CARTESIAN_POINT('',(7.330039828431,-11.5,44.252910539216));
#8903 = CARTESIAN_POINT('',(7.571844362745,-11.5,43.870634191176));
#8904 = CARTESIAN_POINT('',(7.960554534314,-11.5,43.870634191176));
#8905 = VECTOR('',#8906,1.);
#8906 = DIRECTION('',(0.,-1.,2.2E-16));
#8907 = ADVANCED_FACE('',(#8908),#8926,.T.);
#8908 = FACE_BOUND('',#8909,.T.);
#8909 = EDGE_LOOP('',(#8910,#8918,#8924,#8925));
#8910 = ORIENTED_EDGE('',*,*,#8911,.T.);
#8911 = EDGE_CURVE('',#4554,#8912,#8914,.T.);
#8912 = VERTEX_POINT('',#8913);
#8913 = CARTESIAN_POINT('',(7.088235294118,-11.25,45.406709558824));
#8914 = LINE('',#8915,#8916);
#8915 = CARTESIAN_POINT('',(7.088235294118,-11.5,45.406709558824));
#8916 = VECTOR('',#8917,1.);
#8917 = DIRECTION('',(0.,1.,-2.2E-16));
#8918 = ORIENTED_EDGE('',*,*,#8919,.T.);
#8919 = EDGE_CURVE('',#8912,#8886,#8920,.T.);
#8920 = B_SPLINE_CURVE_WITH_KNOTS('',2,(#8921,#8922,#8923),
  .UNSPECIFIED.,.F.,.F.,(3,3),(0.,1.),.PIECEWISE_BEZIER_KNOTS.);
#8921 = CARTESIAN_POINT('',(7.088235294118,-11.25,45.406709558824));
#8922 = CARTESIAN_POINT('',(7.088235294118,-11.25,44.634650735294));
#8923 = CARTESIAN_POINT('',(7.330039828431,-11.25,44.252910539216));
#8924 = ORIENTED_EDGE('',*,*,#8885,.F.);
#8925 = ORIENTED_EDGE('',*,*,#4561,.F.);
#8926 = SURFACE_OF_LINEAR_EXTRUSION('',#8927,#8931);
#8927 = B_SPLINE_CURVE_WITH_KNOTS('',2,(#8928,#8929,#8930),
  .UNSPECIFIED.,.F.,.F.,(3,3),(0.,1.),.PIECEWISE_BEZIER_KNOTS.);
#8928 = CARTESIAN_POINT('',(7.088235294118,-11.5,45.406709558824));
#8929 = CARTESIAN_POINT('',(7.088235294118,-11.5,44.634650735294));
#8930 = CARTESIAN_POINT('',(7.330039828431,-11.5,44.252910539216));
#8931 = VECTOR('',#8932,1.);
#8932 = DIRECTION('',(0.,-1.,2.2E-16));
#8933 = ADVANCED_FACE('',(#8934),#8952,.T.);
#8934 = FACE_BOUND('',#8935,.T.);
#8935 = EDGE_LOOP('',(#8936,#8944,#8950,#8951));
#8936 = ORIENTED_EDGE('',*,*,#8937,.T.);
#8937 = EDGE_CURVE('',#4546,#8938,#8940,.T.);
#8938 = VERTEX_POINT('',#8939);
#8939 = CARTESIAN_POINT('',(7.226026348039,-11.25,46.82643995098));
#8940 = LINE('',#8941,#8942);
#8941 = CARTESIAN_POINT('',(7.226026348039,-11.5,46.82643995098));
#8942 = VECTOR('',#8943,1.);
#8943 = DIRECTION('',(0.,1.,-2.2E-16));
#8944 = ORIENTED_EDGE('',*,*,#8945,.T.);
#8945 = EDGE_CURVE('',#8938,#8912,#8946,.T.);
#8946 = B_SPLINE_CURVE_WITH_KNOTS('',2,(#8947,#8948,#8949),
  .UNSPECIFIED.,.F.,.F.,(3,3),(0.,1.),.PIECEWISE_BEZIER_KNOTS.);
#8947 = CARTESIAN_POINT('',(7.226026348039,-11.25,46.82643995098));
#8948 = CARTESIAN_POINT('',(7.088235294118,-11.25,46.07421875));
#8949 = CARTESIAN_POINT('',(7.088235294118,-11.25,45.406709558824));
#8950 = ORIENTED_EDGE('',*,*,#8911,.F.);
#8951 = ORIENTED_EDGE('',*,*,#4553,.F.);
#8952 = SURFACE_OF_LINEAR_EXTRUSION('',#8953,#8957);
#8953 = B_SPLINE_CURVE_WITH_KNOTS('',2,(#8954,#8955,#8956),
  .UNSPECIFIED.,.F.,.F.,(3,3),(0.,1.),.PIECEWISE_BEZIER_KNOTS.);
#8954 = CARTESIAN_POINT('',(7.226026348039,-11.5,46.82643995098));
#8955 = CARTESIAN_POINT('',(7.088235294118,-11.5,46.07421875));
#8956 = CARTESIAN_POINT('',(7.088235294118,-11.5,45.406709558824));
#8957 = VECTOR('',#8958,1.);
#8958 = DIRECTION('',(0.,-1.,2.2E-16));
#8959 = ADVANCED_FACE('',(#8960),#8978,.T.);
#8960 = FACE_BOUND('',#8961,.T.);
#8961 = EDGE_LOOP('',(#8962,#8970,#8976,#8977));
#8962 = ORIENTED_EDGE('',*,*,#8963,.T.);
#8963 = EDGE_CURVE('',#4538,#8964,#8966,.T.);
#8964 = VERTEX_POINT('',#8965);
#8965 = CARTESIAN_POINT('',(7.671568627451,-11.25,48.334099264706));
#8966 = LINE('',#8967,#8968);
#8967 = CARTESIAN_POINT('',(7.671568627451,-11.5,48.334099264706));
#8968 = VECTOR('',#8969,1.);
#8969 = DIRECTION('',(0.,1.,-2.2E-16));
#8970 = ORIENTED_EDGE('',*,*,#8971,.T.);
#8971 = EDGE_CURVE('',#8964,#8938,#8972,.T.);
#8972 = B_SPLINE_CURVE_WITH_KNOTS('',2,(#8973,#8974,#8975),
  .UNSPECIFIED.,.F.,.F.,(3,3),(0.,1.),.PIECEWISE_BEZIER_KNOTS.);
#8973 = CARTESIAN_POINT('',(7.671568627451,-11.25,48.334099264706));
#8974 = CARTESIAN_POINT('',(7.364353553922,-11.25,47.578125));
#8975 = CARTESIAN_POINT('',(7.226026348039,-11.25,46.82643995098));
#8976 = ORIENTED_EDGE('',*,*,#8937,.F.);
#8977 = ORIENTED_EDGE('',*,*,#4545,.F.);
#8978 = SURFACE_OF_LINEAR_EXTRUSION('',#8979,#8983);
#8979 = B_SPLINE_CURVE_WITH_KNOTS('',2,(#8980,#8981,#8982),
  .UNSPECIFIED.,.F.,.F.,(3,3),(0.,1.),.PIECEWISE_BEZIER_KNOTS.);
#8980 = CARTESIAN_POINT('',(7.671568627451,-11.5,48.334099264706));
#8981 = CARTESIAN_POINT('',(7.364353553922,-11.5,47.578125));
#8982 = CARTESIAN_POINT('',(7.226026348039,-11.5,46.82643995098));
#8983 = VECTOR('',#8984,1.);
#8984 = DIRECTION('',(0.,-1.,2.2E-16));
#8985 = ADVANCED_FACE('',(#8986),#9004,.T.);
#8986 = FACE_BOUND('',#8987,.T.);
#8987 = EDGE_LOOP('',(#8988,#8996,#9002,#9003));
#8988 = ORIENTED_EDGE('',*,*,#8989,.T.);
#8989 = EDGE_CURVE('',#4530,#8990,#8992,.T.);
#8990 = VERTEX_POINT('',#8991);
#8991 = CARTESIAN_POINT('',(5.887254901961,-11.25,48.334099264706));
#8992 = LINE('',#8993,#8994);
#8993 = CARTESIAN_POINT('',(5.887254901961,-11.5,48.334099264706));
#8994 = VECTOR('',#8995,1.);
#8995 = DIRECTION('',(0.,1.,-2.2E-16));
#8996 = ORIENTED_EDGE('',*,*,#8997,.T.);
#8997 = EDGE_CURVE('',#8990,#8964,#8998,.T.);
#8998 = LINE('',#8999,#9000);
#8999 = CARTESIAN_POINT('',(5.887254901961,-11.25,48.334099264706));
#9000 = VECTOR('',#9001,1.);
#9001 = DIRECTION('',(1.,0.,0.));
#9002 = ORIENTED_EDGE('',*,*,#8963,.F.);
#9003 = ORIENTED_EDGE('',*,*,#4537,.F.);
#9004 = PLANE('',#9005);
#9005 = AXIS2_PLACEMENT_3D('',#9006,#9007,#9008);
#9006 = CARTESIAN_POINT('',(5.887254901961,-11.5,48.334099264706));
#9007 = DIRECTION('',(-2.2E-16,-2.2E-16,-1.));
#9008 = DIRECTION('',(1.,0.,-2.2E-16));
#9009 = ADVANCED_FACE('',(#9010),#9028,.T.);
#9010 = FACE_BOUND('',#9011,.T.);
#9011 = EDGE_LOOP('',(#9012,#9020,#9026,#9027));
#9012 = ORIENTED_EDGE('',*,*,#9013,.T.);
#9013 = EDGE_CURVE('',#4522,#9014,#9016,.T.);
#9014 = VERTEX_POINT('',#9015);
#9015 = CARTESIAN_POINT('',(5.657781862745,-11.25,46.966911764706));
#9016 = LINE('',#9017,#9018);
#9017 = CARTESIAN_POINT('',(5.657781862745,-11.5,46.966911764706));
#9018 = VECTOR('',#9019,1.);
#9019 = DIRECTION('',(0.,1.,-2.2E-16));
#9020 = ORIENTED_EDGE('',*,*,#9021,.T.);
#9021 = EDGE_CURVE('',#9014,#8990,#9022,.T.);
#9022 = B_SPLINE_CURVE_WITH_KNOTS('',2,(#9023,#9024,#9025),
  .UNSPECIFIED.,.F.,.F.,(3,3),(0.,1.),.PIECEWISE_BEZIER_KNOTS.);
#9023 = CARTESIAN_POINT('',(5.657781862745,-11.25,46.966911764706));
#9024 = CARTESIAN_POINT('',(5.73659620098,-11.25,47.690716911765));
#9025 = CARTESIAN_POINT('',(5.887254901961,-11.25,48.334099264706));
#9026 = ORIENTED_EDGE('',*,*,#8989,.F.);
#9027 = ORIENTED_EDGE('',*,*,#4529,.F.);
#9028 = SURFACE_OF_LINEAR_EXTRUSION('',#9029,#9033);
#9029 = B_SPLINE_CURVE_WITH_KNOTS('',2,(#9030,#9031,#9032),
  .UNSPECIFIED.,.F.,.F.,(3,3),(0.,1.),.PIECEWISE_BEZIER_KNOTS.);
#9030 = CARTESIAN_POINT('',(5.657781862745,-11.5,46.966911764706));
#9031 = CARTESIAN_POINT('',(5.73659620098,-11.5,47.690716911765));
#9032 = CARTESIAN_POINT('',(5.887254901961,-11.5,48.334099264706));
#9033 = VECTOR('',#9034,1.);
#9034 = DIRECTION('',(0.,-1.,2.2E-16));
#9035 = ADVANCED_FACE('',(#9036),#9054,.T.);
#9036 = FACE_BOUND('',#9037,.T.);
#9037 = EDGE_LOOP('',(#9038,#9046,#9052,#9053));
#9038 = ORIENTED_EDGE('',*,*,#9039,.T.);
#9039 = EDGE_CURVE('',#4514,#9040,#9042,.T.);
#9040 = VERTEX_POINT('',#9041);
#9041 = CARTESIAN_POINT('',(5.578431372549,-11.25,45.342371323529));
#9042 = LINE('',#9043,#9044);
#9043 = CARTESIAN_POINT('',(5.578431372549,-11.5,45.342371323529));
#9044 = VECTOR('',#9045,1.);
#9045 = DIRECTION('',(0.,1.,-2.2E-16));
#9046 = ORIENTED_EDGE('',*,*,#9047,.T.);
#9047 = EDGE_CURVE('',#9040,#9014,#9048,.T.);
#9048 = B_SPLINE_CURVE_WITH_KNOTS('',2,(#9049,#9050,#9051),
  .UNSPECIFIED.,.F.,.F.,(3,3),(0.,1.),.PIECEWISE_BEZIER_KNOTS.);
#9049 = CARTESIAN_POINT('',(5.578431372549,-11.25,45.342371323529));
#9050 = CARTESIAN_POINT('',(5.578431372549,-11.25,46.243106617647));
#9051 = CARTESIAN_POINT('',(5.657781862745,-11.25,46.966911764706));
#9052 = ORIENTED_EDGE('',*,*,#9013,.F.);
#9053 = ORIENTED_EDGE('',*,*,#4521,.F.);
#9054 = SURFACE_OF_LINEAR_EXTRUSION('',#9055,#9059);
#9055 = B_SPLINE_CURVE_WITH_KNOTS('',2,(#9056,#9057,#9058),
  .UNSPECIFIED.,.F.,.F.,(3,3),(0.,1.),.PIECEWISE_BEZIER_KNOTS.);
#9056 = CARTESIAN_POINT('',(5.578431372549,-11.5,45.342371323529));
#9057 = CARTESIAN_POINT('',(5.578431372549,-11.5,46.243106617647));
#9058 = CARTESIAN_POINT('',(5.657781862745,-11.5,46.966911764706));
#9059 = VECTOR('',#9060,1.);
#9060 = DIRECTION('',(0.,-1.,2.2E-16));
#9061 = ADVANCED_FACE('',(#9062),#9080,.T.);
#9062 = FACE_BOUND('',#9063,.T.);
#9063 = EDGE_LOOP('',(#9064,#9072,#9078,#9079));
#9064 = ORIENTED_EDGE('',*,*,#9065,.T.);
#9065 = EDGE_CURVE('',#4506,#9066,#9068,.T.);
#9066 = VERTEX_POINT('',#9067);
#9067 = CARTESIAN_POINT('',(5.718903186275,-11.25,44.019684436275));
#9068 = LINE('',#9069,#9070);
#9069 = CARTESIAN_POINT('',(5.718903186275,-11.5,44.019684436275));
#9070 = VECTOR('',#9071,1.);
#9071 = DIRECTION('',(0.,1.,-2.2E-16));
#9072 = ORIENTED_EDGE('',*,*,#9073,.T.);
#9073 = EDGE_CURVE('',#9066,#9040,#9074,.T.);
#9074 = B_SPLINE_CURVE_WITH_KNOTS('',2,(#9075,#9076,#9077),
  .UNSPECIFIED.,.F.,.F.,(3,3),(0.,1.),.PIECEWISE_BEZIER_KNOTS.);
#9075 = CARTESIAN_POINT('',(5.718903186275,-11.25,44.019684436275));
#9076 = CARTESIAN_POINT('',(5.578431372549,-11.25,44.666819852941));
#9077 = CARTESIAN_POINT('',(5.578431372549,-11.25,45.342371323529));
#9078 = ORIENTED_EDGE('',*,*,#9039,.F.);
#9079 = ORIENTED_EDGE('',*,*,#4513,.F.);
#9080 = SURFACE_OF_LINEAR_EXTRUSION('',#9081,#9085);
#9081 = B_SPLINE_CURVE_WITH_KNOTS('',2,(#9082,#9083,#9084),
  .UNSPECIFIED.,.F.,.F.,(3,3),(0.,1.),.PIECEWISE_BEZIER_KNOTS.);
#9082 = CARTESIAN_POINT('',(5.718903186275,-11.5,44.019684436275));
#9083 = CARTESIAN_POINT('',(5.578431372549,-11.5,44.666819852941));
#9084 = CARTESIAN_POINT('',(5.578431372549,-11.5,45.342371323529));
#9085 = VECTOR('',#9086,1.);
#9086 = DIRECTION('',(0.,-1.,2.2E-16));
#9087 = ADVANCED_FACE('',(#9088),#9106,.T.);
#9088 = FACE_BOUND('',#9089,.T.);
#9089 = EDGE_LOOP('',(#9090,#9098,#9104,#9105));
#9090 = ORIENTED_EDGE('',*,*,#9091,.T.);
#9091 = EDGE_CURVE('',#4498,#9092,#9094,.T.);
#9092 = VERTEX_POINT('',#9093);
#9093 = CARTESIAN_POINT('',(6.167662377451,-11.25,42.86159620098));
#9094 = LINE('',#9095,#9096);
#9095 = CARTESIAN_POINT('',(6.167662377451,-11.5,42.86159620098));
#9096 = VECTOR('',#9097,1.);
#9097 = DIRECTION('',(0.,1.,-2.2E-16));
#9098 = ORIENTED_EDGE('',*,*,#9099,.T.);
#9099 = EDGE_CURVE('',#9092,#9066,#9100,.T.);
#9100 = B_SPLINE_CURVE_WITH_KNOTS('',2,(#9101,#9102,#9103),
  .UNSPECIFIED.,.F.,.F.,(3,3),(0.,1.),.PIECEWISE_BEZIER_KNOTS.);
#9101 = CARTESIAN_POINT('',(6.167662377451,-11.25,42.86159620098));
#9102 = CARTESIAN_POINT('',(5.859375,-11.25,43.372012867647));
#9103 = CARTESIAN_POINT('',(5.718903186275,-11.25,44.019684436275));
#9104 = ORIENTED_EDGE('',*,*,#9065,.F.);
#9105 = ORIENTED_EDGE('',*,*,#4505,.F.);
#9106 = SURFACE_OF_LINEAR_EXTRUSION('',#9107,#9111);
#9107 = B_SPLINE_CURVE_WITH_KNOTS('',2,(#9108,#9109,#9110),
  .UNSPECIFIED.,.F.,.F.,(3,3),(0.,1.),.PIECEWISE_BEZIER_KNOTS.);
#9108 = CARTESIAN_POINT('',(6.167662377451,-11.5,42.86159620098));
#9109 = CARTESIAN_POINT('',(5.859375,-11.5,43.372012867647));
#9110 = CARTESIAN_POINT('',(5.718903186275,-11.5,44.019684436275));
#9111 = VECTOR('',#9112,1.);
#9112 = DIRECTION('',(0.,-1.,2.2E-16));
#9113 = ADVANCED_FACE('',(#9114),#9132,.T.);
#9114 = FACE_BOUND('',#9115,.T.);
#9115 = EDGE_LOOP('',(#9116,#9124,#9130,#9131));
#9116 = ORIENTED_EDGE('',*,*,#9117,.T.);
#9117 = EDGE_CURVE('',#4490,#9118,#9120,.T.);
#9118 = VERTEX_POINT('',#9119);
#9119 = CARTESIAN_POINT('',(6.969745710784,-11.25,42.04128370098));
#9120 = LINE('',#9121,#9122);
#9121 = CARTESIAN_POINT('',(6.969745710784,-11.5,42.04128370098));
#9122 = VECTOR('',#9123,1.);
#9123 = DIRECTION('',(0.,1.,-2.2E-16));
#9124 = ORIENTED_EDGE('',*,*,#9125,.T.);
#9125 = EDGE_CURVE('',#9118,#9092,#9126,.T.);
#9126 = B_SPLINE_CURVE_WITH_KNOTS('',2,(#9127,#9128,#9129),
  .UNSPECIFIED.,.F.,.F.,(3,3),(0.,1.),.PIECEWISE_BEZIER_KNOTS.);
#9127 = CARTESIAN_POINT('',(6.969745710784,-11.25,42.04128370098));
#9128 = CARTESIAN_POINT('',(6.476485906863,-11.25,42.350643382353));
#9129 = CARTESIAN_POINT('',(6.167662377451,-11.25,42.86159620098));
#9130 = ORIENTED_EDGE('',*,*,#9091,.F.);
#9131 = ORIENTED_EDGE('',*,*,#4497,.F.);
#9132 = SURFACE_OF_LINEAR_EXTRUSION('',#9133,#9137);
#9133 = B_SPLINE_CURVE_WITH_KNOTS('',2,(#9134,#9135,#9136),
  .UNSPECIFIED.,.F.,.F.,(3,3),(0.,1.),.PIECEWISE_BEZIER_KNOTS.);
#9134 = CARTESIAN_POINT('',(6.969745710784,-11.5,42.04128370098));
#9135 = CARTESIAN_POINT('',(6.476485906863,-11.5,42.350643382353));
#9136 = CARTESIAN_POINT('',(6.167662377451,-11.5,42.86159620098));
#9137 = VECTOR('',#9138,1.);
#9138 = DIRECTION('',(0.,-1.,2.2E-16));
#9139 = ADVANCED_FACE('',(#9140),#9151,.T.);
#9140 = FACE_BOUND('',#9141,.T.);
#9141 = EDGE_LOOP('',(#9142,#9143,#9149,#9150));
#9142 = ORIENTED_EDGE('',*,*,#8194,.T.);
#9143 = ORIENTED_EDGE('',*,*,#9144,.T.);
#9144 = EDGE_CURVE('',#8187,#9118,#9145,.T.);
#9145 = B_SPLINE_CURVE_WITH_KNOTS('',2,(#9146,#9147,#9148),
  .UNSPECIFIED.,.F.,.F.,(3,3),(0.,1.),.PIECEWISE_BEZIER_KNOTS.);
#9146 = CARTESIAN_POINT('',(8.161075367647,-11.25,41.731387867647));
#9147 = CARTESIAN_POINT('',(7.463005514706,-11.25,41.731387867647));
#9148 = CARTESIAN_POINT('',(6.969745710784,-11.25,42.04128370098));
#9149 = ORIENTED_EDGE('',*,*,#9117,.F.);
#9150 = ORIENTED_EDGE('',*,*,#4489,.F.);
#9151 = SURFACE_OF_LINEAR_EXTRUSION('',#9152,#9156);
#9152 = B_SPLINE_CURVE_WITH_KNOTS('',2,(#9153,#9154,#9155),
  .UNSPECIFIED.,.F.,.F.,(3,3),(0.,1.),.PIECEWISE_BEZIER_KNOTS.);
#9153 = CARTESIAN_POINT('',(8.161075367647,-11.5,41.731387867647));
#9154 = CARTESIAN_POINT('',(7.463005514706,-11.5,41.731387867647));
#9155 = CARTESIAN_POINT('',(6.969745710784,-11.5,42.04128370098));
#9156 = VECTOR('',#9157,1.);
#9157 = DIRECTION('',(0.,-1.,2.2E-16));
#9158 = ADVANCED_FACE('',(#9159),#9184,.T.);
#9159 = FACE_BOUND('',#9160,.T.);
#9160 = EDGE_LOOP('',(#9161,#9169,#9177,#9183));
#9161 = ORIENTED_EDGE('',*,*,#9162,.T.);
#9162 = EDGE_CURVE('',#4786,#9163,#9165,.T.);
#9163 = VERTEX_POINT('',#9164);
#9164 = CARTESIAN_POINT('',(13.916666666667,-11.25,39.428079044118));
#9165 = LINE('',#9166,#9167);
#9166 = CARTESIAN_POINT('',(13.916666666667,-11.5,39.428079044118));
#9167 = VECTOR('',#9168,1.);
#9168 = DIRECTION('',(0.,1.,-2.2E-16));
#9169 = ORIENTED_EDGE('',*,*,#9170,.T.);
#9170 = EDGE_CURVE('',#9163,#9171,#9173,.T.);
#9171 = VERTEX_POINT('',#9172);
#9172 = CARTESIAN_POINT('',(13.916666666667,-11.25,37.465762867647));
#9173 = LINE('',#9174,#9175);
#9174 = CARTESIAN_POINT('',(13.916666666667,-11.25,39.428079044118));
#9175 = VECTOR('',#9176,1.);
#9176 = DIRECTION('',(0.,0.,-1.));
#9177 = ORIENTED_EDGE('',*,*,#9178,.F.);
#9178 = EDGE_CURVE('',#4788,#9171,#9179,.T.);
#9179 = LINE('',#9180,#9181);
#9180 = CARTESIAN_POINT('',(13.916666666667,-11.5,37.465762867647));
#9181 = VECTOR('',#9182,1.);
#9182 = DIRECTION('',(0.,1.,-2.2E-16));
#9183 = ORIENTED_EDGE('',*,*,#4785,.F.);
#9184 = PLANE('',#9185);
#9185 = AXIS2_PLACEMENT_3D('',#9186,#9187,#9188);
#9186 = CARTESIAN_POINT('',(13.916666666667,-11.5,39.428079044118));
#9187 = DIRECTION('',(-1.,0.,2.2E-16));
#9188 = DIRECTION('',(-2.2E-16,-2.2E-16,-1.));
#9189 = ADVANCED_FACE('',(#9190),#9208,.T.);
#9190 = FACE_BOUND('',#9191,.T.);
#9191 = EDGE_LOOP('',(#9192,#9200,#9206,#9207));
#9192 = ORIENTED_EDGE('',*,*,#9193,.T.);
#9193 = EDGE_CURVE('',#4932,#9194,#9196,.T.);
#9194 = VERTEX_POINT('',#9195);
#9195 = CARTESIAN_POINT('',(8.44362745098,-11.25,39.428079044118));
#9196 = LINE('',#9197,#9198);
#9197 = CARTESIAN_POINT('',(8.44362745098,-11.5,39.428079044118));
#9198 = VECTOR('',#9199,1.);
#9199 = DIRECTION('',(0.,1.,-2.2E-16));
#9200 = ORIENTED_EDGE('',*,*,#9201,.T.);
#9201 = EDGE_CURVE('',#9194,#9163,#9202,.T.);
#9202 = LINE('',#9203,#9204);
#9203 = CARTESIAN_POINT('',(8.44362745098,-11.25,39.428079044118));
#9204 = VECTOR('',#9205,1.);
#9205 = DIRECTION('',(1.,0.,0.));
#9206 = ORIENTED_EDGE('',*,*,#9162,.F.);
#9207 = ORIENTED_EDGE('',*,*,#4939,.F.);
#9208 = PLANE('',#9209);
#9209 = AXIS2_PLACEMENT_3D('',#9210,#9211,#9212);
#9210 = CARTESIAN_POINT('',(8.44362745098,-11.5,39.428079044118));
#9211 = DIRECTION('',(-2.2E-16,-2.2E-16,-1.));
#9212 = DIRECTION('',(1.,0.,-2.2E-16));
#9213 = ADVANCED_FACE('',(#9214),#9232,.T.);
#9214 = FACE_BOUND('',#9215,.T.);
#9215 = EDGE_LOOP('',(#9216,#9224,#9230,#9231));
#9216 = ORIENTED_EDGE('',*,*,#9217,.T.);
#9217 = EDGE_CURVE('',#4924,#9218,#9220,.T.);
#9218 = VERTEX_POINT('',#9219);
#9219 = CARTESIAN_POINT('',(7.26731004902,-11.25,39.271522671569));
#9220 = LINE('',#9221,#9222);
#9221 = CARTESIAN_POINT('',(7.26731004902,-11.5,39.271522671569));
#9222 = VECTOR('',#9223,1.);
#9223 = DIRECTION('',(0.,1.,-2.2E-16));
#9224 = ORIENTED_EDGE('',*,*,#9225,.T.);
#9225 = EDGE_CURVE('',#9218,#9194,#9226,.T.);
#9226 = B_SPLINE_CURVE_WITH_KNOTS('',2,(#9227,#9228,#9229),
  .UNSPECIFIED.,.F.,.F.,(3,3),(0.,1.),.PIECEWISE_BEZIER_KNOTS.);
#9227 = CARTESIAN_POINT('',(7.26731004902,-11.25,39.271522671569));
#9228 = CARTESIAN_POINT('',(7.793275122549,-11.25,39.428079044118));
#9229 = CARTESIAN_POINT('',(8.44362745098,-11.25,39.428079044118));
#9230 = ORIENTED_EDGE('',*,*,#9193,.F.);
#9231 = ORIENTED_EDGE('',*,*,#4931,.F.);
#9232 = SURFACE_OF_LINEAR_EXTRUSION('',#9233,#9237);
#9233 = B_SPLINE_CURVE_WITH_KNOTS('',2,(#9234,#9235,#9236),
  .UNSPECIFIED.,.F.,.F.,(3,3),(0.,1.),.PIECEWISE_BEZIER_KNOTS.);
#9234 = CARTESIAN_POINT('',(7.26731004902,-11.5,39.271522671569));
#9235 = CARTESIAN_POINT('',(7.793275122549,-11.5,39.428079044118));
#9236 = CARTESIAN_POINT('',(8.44362745098,-11.5,39.428079044118));
#9237 = VECTOR('',#9238,1.);
#9238 = DIRECTION('',(0.,-1.,2.2E-16));
#9239 = ADVANCED_FACE('',(#9240),#9258,.T.);
#9240 = FACE_BOUND('',#9241,.T.);
#9241 = EDGE_LOOP('',(#9242,#9250,#9256,#9257));
#9242 = ORIENTED_EDGE('',*,*,#9243,.T.);
#9243 = EDGE_CURVE('',#4916,#9244,#9246,.T.);
#9244 = VERTEX_POINT('',#9245);
#9245 = CARTESIAN_POINT('',(6.364430147059,-11.25,38.80078125));
#9246 = LINE('',#9247,#9248);
#9247 = CARTESIAN_POINT('',(6.364430147059,-11.5,38.80078125));
#9248 = VECTOR('',#9249,1.);
#9249 = DIRECTION('',(0.,1.,-2.2E-16));
#9250 = ORIENTED_EDGE('',*,*,#9251,.T.);
#9251 = EDGE_CURVE('',#9244,#9218,#9252,.T.);
#9252 = B_SPLINE_CURVE_WITH_KNOTS('',2,(#9253,#9254,#9255),
  .UNSPECIFIED.,.F.,.F.,(3,3),(0.,1.),.PIECEWISE_BEZIER_KNOTS.);
#9253 = CARTESIAN_POINT('',(6.364430147059,-11.25,38.80078125));
#9254 = CARTESIAN_POINT('',(6.741881127451,-11.25,39.114430147059));
#9255 = CARTESIAN_POINT('',(7.26731004902,-11.25,39.271522671569));
#9256 = ORIENTED_EDGE('',*,*,#9217,.F.);
#9257 = ORIENTED_EDGE('',*,*,#4923,.F.);
#9258 = SURFACE_OF_LINEAR_EXTRUSION('',#9259,#9263);
#9259 = B_SPLINE_CURVE_WITH_KNOTS('',2,(#9260,#9261,#9262),
  .UNSPECIFIED.,.F.,.F.,(3,3),(0.,1.),.PIECEWISE_BEZIER_KNOTS.);
#9260 = CARTESIAN_POINT('',(6.364430147059,-11.5,38.80078125));
#9261 = CARTESIAN_POINT('',(6.741881127451,-11.5,39.114430147059));
#9262 = CARTESIAN_POINT('',(7.26731004902,-11.5,39.271522671569));
#9263 = VECTOR('',#9264,1.);
#9264 = DIRECTION('',(0.,-1.,2.2E-16));
#9265 = ADVANCED_FACE('',(#9266),#9284,.T.);
#9266 = FACE_BOUND('',#9267,.T.);
#9267 = EDGE_LOOP('',(#9268,#9276,#9282,#9283));
#9268 = ORIENTED_EDGE('',*,*,#9269,.T.);
#9269 = EDGE_CURVE('',#4908,#9270,#9272,.T.);
#9270 = VERTEX_POINT('',#9271);
#9271 = CARTESIAN_POINT('',(5.782705269608,-11.25,38.016927083333));
#9272 = LINE('',#9273,#9274);
#9273 = CARTESIAN_POINT('',(5.782705269608,-11.5,38.016927083333));
#9274 = VECTOR('',#9275,1.);
#9275 = DIRECTION('',(0.,1.,-2.2E-16));
#9276 = ORIENTED_EDGE('',*,*,#9277,.T.);
#9277 = EDGE_CURVE('',#9270,#9244,#9278,.T.);
#9278 = B_SPLINE_CURVE_WITH_KNOTS('',2,(#9279,#9280,#9281),
  .UNSPECIFIED.,.F.,.F.,(3,3),(0.,1.),.PIECEWISE_BEZIER_KNOTS.);
#9279 = CARTESIAN_POINT('',(5.782705269608,-11.25,38.016927083333));
#9280 = CARTESIAN_POINT('',(5.987515318627,-11.25,38.487132352941));
#9281 = CARTESIAN_POINT('',(6.364430147059,-11.25,38.80078125));
#9282 = ORIENTED_EDGE('',*,*,#9243,.F.);
#9283 = ORIENTED_EDGE('',*,*,#4915,.F.);
#9284 = SURFACE_OF_LINEAR_EXTRUSION('',#9285,#9289);
#9285 = B_SPLINE_CURVE_WITH_KNOTS('',2,(#9286,#9287,#9288),
  .UNSPECIFIED.,.F.,.F.,(3,3),(0.,1.),.PIECEWISE_BEZIER_KNOTS.);
#9286 = CARTESIAN_POINT('',(5.782705269608,-11.5,38.016927083333));
#9287 = CARTESIAN_POINT('',(5.987515318627,-11.5,38.487132352941));
#9288 = CARTESIAN_POINT('',(6.364430147059,-11.5,38.80078125));
#9289 = VECTOR('',#9290,1.);
#9290 = DIRECTION('',(0.,-1.,2.2E-16));
#9291 = ADVANCED_FACE('',(#9292),#9310,.T.);
#9292 = FACE_BOUND('',#9293,.T.);
#9293 = EDGE_LOOP('',(#9294,#9302,#9308,#9309));
#9294 = ORIENTED_EDGE('',*,*,#9295,.T.);
#9295 = EDGE_CURVE('',#4900,#9296,#9298,.T.);
#9296 = VERTEX_POINT('',#9297);
#9297 = CARTESIAN_POINT('',(5.578431372549,-11.25,36.918887867647));
#9298 = LINE('',#9299,#9300);
#9299 = CARTESIAN_POINT('',(5.578431372549,-11.5,36.918887867647));
#9300 = VECTOR('',#9301,1.);
#9301 = DIRECTION('',(0.,1.,-2.2E-16));
#9302 = ORIENTED_EDGE('',*,*,#9303,.T.);
#9303 = EDGE_CURVE('',#9296,#9270,#9304,.T.);
#9304 = B_SPLINE_CURVE_WITH_KNOTS('',2,(#9305,#9306,#9307),
  .UNSPECIFIED.,.F.,.F.,(3,3),(0.,1.),.PIECEWISE_BEZIER_KNOTS.);
#9305 = CARTESIAN_POINT('',(5.578431372549,-11.25,36.918887867647));
#9306 = CARTESIAN_POINT('',(5.578431372549,-11.25,37.546185661765));
#9307 = CARTESIAN_POINT('',(5.782705269608,-11.25,38.016927083333));
#9308 = ORIENTED_EDGE('',*,*,#9269,.F.);
#9309 = ORIENTED_EDGE('',*,*,#4907,.F.);
#9310 = SURFACE_OF_LINEAR_EXTRUSION('',#9311,#9315);
#9311 = B_SPLINE_CURVE_WITH_KNOTS('',2,(#9312,#9313,#9314),
  .UNSPECIFIED.,.F.,.F.,(3,3),(0.,1.),.PIECEWISE_BEZIER_KNOTS.);
#9312 = CARTESIAN_POINT('',(5.578431372549,-11.5,36.918887867647));
#9313 = CARTESIAN_POINT('',(5.578431372549,-11.5,37.546185661765));
#9314 = CARTESIAN_POINT('',(5.782705269608,-11.5,38.016927083333));
#9315 = VECTOR('',#9316,1.);
#9316 = DIRECTION('',(0.,-1.,2.2E-16));
#9317 = ADVANCED_FACE('',(#9318),#9336,.T.);
#9318 = FACE_BOUND('',#9319,.T.);
#9319 = EDGE_LOOP('',(#9320,#9328,#9334,#9335));
#9320 = ORIENTED_EDGE('',*,*,#9321,.T.);
#9321 = EDGE_CURVE('',#4892,#9322,#9324,.T.);
#9322 = VERTEX_POINT('',#9323);
#9323 = CARTESIAN_POINT('',(5.678155637255,-11.25,36.110906862745));
#9324 = LINE('',#9325,#9326);
#9325 = CARTESIAN_POINT('',(5.678155637255,-11.5,36.110906862745));
#9326 = VECTOR('',#9327,1.);
#9327 = DIRECTION('',(0.,1.,-2.2E-16));
#9328 = ORIENTED_EDGE('',*,*,#9329,.T.);
#9329 = EDGE_CURVE('',#9322,#9296,#9330,.T.);
#9330 = B_SPLINE_CURVE_WITH_KNOTS('',2,(#9331,#9332,#9333),
  .UNSPECIFIED.,.F.,.F.,(3,3),(0.,1.),.PIECEWISE_BEZIER_KNOTS.);
#9331 = CARTESIAN_POINT('',(5.678155637255,-11.25,36.110906862745));
#9332 = CARTESIAN_POINT('',(5.578431372549,-11.25,36.4765625));
#9333 = CARTESIAN_POINT('',(5.578431372549,-11.25,36.918887867647));
#9334 = ORIENTED_EDGE('',*,*,#9295,.F.);
#9335 = ORIENTED_EDGE('',*,*,#4899,.F.);
#9336 = SURFACE_OF_LINEAR_EXTRUSION('',#9337,#9341);
#9337 = B_SPLINE_CURVE_WITH_KNOTS('',2,(#9338,#9339,#9340),
  .UNSPECIFIED.,.F.,.F.,(3,3),(0.,1.),.PIECEWISE_BEZIER_KNOTS.);
#9338 = CARTESIAN_POINT('',(5.678155637255,-11.5,36.110906862745));
#9339 = CARTESIAN_POINT('',(5.578431372549,-11.5,36.4765625));
#9340 = CARTESIAN_POINT('',(5.578431372549,-11.5,36.918887867647));
#9341 = VECTOR('',#9342,1.);
#9342 = DIRECTION('',(0.,-1.,2.2E-16));
#9343 = ADVANCED_FACE('',(#9344),#9362,.T.);
#9344 = FACE_BOUND('',#9345,.T.);
#9345 = EDGE_LOOP('',(#9346,#9354,#9360,#9361));
#9346 = ORIENTED_EDGE('',*,*,#9347,.T.);
#9347 = EDGE_CURVE('',#4884,#9348,#9350,.T.);
#9348 = VERTEX_POINT('',#9349);
#9349 = CARTESIAN_POINT('',(5.956418504902,-11.25,35.435355392157));
#9350 = LINE('',#9351,#9352);
#9351 = CARTESIAN_POINT('',(5.956418504902,-11.5,35.435355392157));
#9352 = VECTOR('',#9353,1.);
#9353 = DIRECTION('',(0.,1.,-2.2E-16));
#9354 = ORIENTED_EDGE('',*,*,#9355,.T.);
#9355 = EDGE_CURVE('',#9348,#9322,#9356,.T.);
#9356 = B_SPLINE_CURVE_WITH_KNOTS('',2,(#9357,#9358,#9359),
  .UNSPECIFIED.,.F.,.F.,(3,3),(0.,1.),.PIECEWISE_BEZIER_KNOTS.);
#9357 = CARTESIAN_POINT('',(5.956418504902,-11.25,35.435355392157));
#9358 = CARTESIAN_POINT('',(5.77734375,-11.25,35.744715073529));
#9359 = CARTESIAN_POINT('',(5.678155637255,-11.25,36.110906862745));
#9360 = ORIENTED_EDGE('',*,*,#9321,.F.);
#9361 = ORIENTED_EDGE('',*,*,#4891,.F.);
#9362 = SURFACE_OF_LINEAR_EXTRUSION('',#9363,#9367);
#9363 = B_SPLINE_CURVE_WITH_KNOTS('',2,(#9364,#9365,#9366),
  .UNSPECIFIED.,.F.,.F.,(3,3),(0.,1.),.PIECEWISE_BEZIER_KNOTS.);
#9364 = CARTESIAN_POINT('',(5.956418504902,-11.5,35.435355392157));
#9365 = CARTESIAN_POINT('',(5.77734375,-11.5,35.744715073529));
#9366 = CARTESIAN_POINT('',(5.678155637255,-11.5,36.110906862745));
#9367 = VECTOR('',#9368,1.);
#9368 = DIRECTION('',(0.,-1.,2.2E-16));
#9369 = ADVANCED_FACE('',(#9370),#9388,.T.);
#9370 = FACE_BOUND('',#9371,.T.);
#9371 = EDGE_LOOP('',(#9372,#9380,#9386,#9387));
#9372 = ORIENTED_EDGE('',*,*,#9373,.T.);
#9373 = EDGE_CURVE('',#4876,#9374,#9376,.T.);
#9374 = VERTEX_POINT('',#9375);
#9375 = CARTESIAN_POINT('',(6.390165441176,-11.25,34.860064338235));
#9376 = LINE('',#9377,#9378);
#9377 = CARTESIAN_POINT('',(6.390165441176,-11.5,34.860064338235));
#9378 = VECTOR('',#9379,1.);
#9379 = DIRECTION('',(0.,1.,-2.2E-16));
#9380 = ORIENTED_EDGE('',*,*,#9381,.T.);
#9381 = EDGE_CURVE('',#9374,#9348,#9382,.T.);
#9382 = B_SPLINE_CURVE_WITH_KNOTS('',2,(#9383,#9384,#9385),
  .UNSPECIFIED.,.F.,.F.,(3,3),(0.,1.),.PIECEWISE_BEZIER_KNOTS.);
#9383 = CARTESIAN_POINT('',(6.390165441176,-11.25,34.860064338235));
#9384 = CARTESIAN_POINT('',(6.135493259804,-11.25,35.125459558824));
#9385 = CARTESIAN_POINT('',(5.956418504902,-11.25,35.435355392157));
#9386 = ORIENTED_EDGE('',*,*,#9347,.F.);
#9387 = ORIENTED_EDGE('',*,*,#4883,.F.);
#9388 = SURFACE_OF_LINEAR_EXTRUSION('',#9389,#9393);
#9389 = B_SPLINE_CURVE_WITH_KNOTS('',2,(#9390,#9391,#9392),
  .UNSPECIFIED.,.F.,.F.,(3,3),(0.,1.),.PIECEWISE_BEZIER_KNOTS.);
#9390 = CARTESIAN_POINT('',(6.390165441176,-11.5,34.860064338235));
#9391 = CARTESIAN_POINT('',(6.135493259804,-11.5,35.125459558824));
#9392 = CARTESIAN_POINT('',(5.956418504902,-11.5,35.435355392157));
#9393 = VECTOR('',#9394,1.);
#9394 = DIRECTION('',(0.,-1.,2.2E-16));
#9395 = ADVANCED_FACE('',(#9396),#9414,.T.);
#9396 = FACE_BOUND('',#9397,.T.);
#9397 = EDGE_LOOP('',(#9398,#9406,#9412,#9413));
#9398 = ORIENTED_EDGE('',*,*,#9399,.T.);
#9399 = EDGE_CURVE('',#4868,#9400,#9402,.T.);
#9400 = VERTEX_POINT('',#9401);
#9401 = CARTESIAN_POINT('',(6.955805759804,-11.25,34.337316176471));
#9402 = LINE('',#9403,#9404);
#9403 = CARTESIAN_POINT('',(6.955805759804,-11.5,34.337316176471));
#9404 = VECTOR('',#9405,1.);
#9405 = DIRECTION('',(0.,1.,-2.2E-16));
#9406 = ORIENTED_EDGE('',*,*,#9407,.T.);
#9407 = EDGE_CURVE('',#9400,#9374,#9408,.T.);
#9408 = B_SPLINE_CURVE_WITH_KNOTS('',2,(#9409,#9410,#9411),
  .UNSPECIFIED.,.F.,.F.,(3,3),(0.,1.),.PIECEWISE_BEZIER_KNOTS.);
#9409 = CARTESIAN_POINT('',(6.955805759804,-11.25,34.337316176471));
#9410 = CARTESIAN_POINT('',(6.64537377451,-11.25,34.594669117647));
#9411 = CARTESIAN_POINT('',(6.390165441176,-11.25,34.860064338235));
#9412 = ORIENTED_EDGE('',*,*,#9373,.F.);
#9413 = ORIENTED_EDGE('',*,*,#4875,.F.);
#9414 = SURFACE_OF_LINEAR_EXTRUSION('',#9415,#9419);
#9415 = B_SPLINE_CURVE_WITH_KNOTS('',2,(#9416,#9417,#9418),
  .UNSPECIFIED.,.F.,.F.,(3,3),(0.,1.),.PIECEWISE_BEZIER_KNOTS.);
#9416 = CARTESIAN_POINT('',(6.955805759804,-11.5,34.337316176471));
#9417 = CARTESIAN_POINT('',(6.64537377451,-11.5,34.594669117647));
#9418 = CARTESIAN_POINT('',(6.390165441176,-11.5,34.860064338235));
#9419 = VECTOR('',#9420,1.);
#9420 = DIRECTION('',(0.,-1.,2.2E-16));
#9421 = ADVANCED_FACE('',(#9422),#9440,.T.);
#9422 = FACE_BOUND('',#9423,.T.);
#9423 = EDGE_LOOP('',(#9424,#9432,#9438,#9439));
#9424 = ORIENTED_EDGE('',*,*,#9425,.T.);
#9425 = EDGE_CURVE('',#4860,#9426,#9428,.T.);
#9426 = VERTEX_POINT('',#9427);
#9427 = CARTESIAN_POINT('',(5.75,-11.25,34.2890625));
#9428 = LINE('',#9429,#9430);
#9429 = CARTESIAN_POINT('',(5.75,-11.5,34.2890625));
#9430 = VECTOR('',#9431,1.);
#9431 = DIRECTION('',(0.,1.,-2.2E-16));
#9432 = ORIENTED_EDGE('',*,*,#9433,.T.);
#9433 = EDGE_CURVE('',#9426,#9400,#9434,.T.);
#9434 = LINE('',#9435,#9436);
#9435 = CARTESIAN_POINT('',(5.75,-11.25,34.2890625));
#9436 = VECTOR('',#9437,1.);
#9437 = DIRECTION('',(0.999200248841,0.,3.998578141206E-02));
#9438 = ORIENTED_EDGE('',*,*,#9399,.F.);
#9439 = ORIENTED_EDGE('',*,*,#4867,.F.);
#9440 = PLANE('',#9441);
#9441 = AXIS2_PLACEMENT_3D('',#9442,#9443,#9444);
#9442 = CARTESIAN_POINT('',(5.75,-11.5,34.2890625));
#9443 = DIRECTION('',(3.998578141206E-02,-2.2E-16,-0.999200248841));
#9444 = DIRECTION('',(0.999200248841,1.E-17,3.998578141206E-02));
#9445 = ADVANCED_FACE('',(#9446),#9464,.T.);
#9446 = FACE_BOUND('',#9447,.T.);
#9447 = EDGE_LOOP('',(#9448,#9456,#9462,#9463));
#9448 = ORIENTED_EDGE('',*,*,#9449,.T.);
#9449 = EDGE_CURVE('',#4852,#9450,#9452,.T.);
#9450 = VERTEX_POINT('',#9451);
#9451 = CARTESIAN_POINT('',(5.75,-11.25,32.592141544118));
#9452 = LINE('',#9453,#9454);
#9453 = CARTESIAN_POINT('',(5.75,-11.5,32.592141544118));
#9454 = VECTOR('',#9455,1.);
#9455 = DIRECTION('',(0.,1.,-2.2E-16));
#9456 = ORIENTED_EDGE('',*,*,#9457,.T.);
#9457 = EDGE_CURVE('',#9450,#9426,#9458,.T.);
#9458 = LINE('',#9459,#9460);
#9459 = CARTESIAN_POINT('',(5.75,-11.25,32.592141544118));
#9460 = VECTOR('',#9461,1.);
#9461 = DIRECTION('',(0.,0.,1.));
#9462 = ORIENTED_EDGE('',*,*,#9425,.F.);
#9463 = ORIENTED_EDGE('',*,*,#4859,.F.);
#9464 = PLANE('',#9465);
#9465 = AXIS2_PLACEMENT_3D('',#9466,#9467,#9468);
#9466 = CARTESIAN_POINT('',(5.75,-11.5,32.592141544118));
#9467 = DIRECTION('',(1.,0.,-2.2E-16));
#9468 = DIRECTION('',(2.2E-16,2.2E-16,1.));
#9469 = ADVANCED_FACE('',(#9470),#9488,.T.);
#9470 = FACE_BOUND('',#9471,.T.);
#9471 = EDGE_LOOP('',(#9472,#9480,#9486,#9487));
#9472 = ORIENTED_EDGE('',*,*,#9473,.T.);
#9473 = EDGE_CURVE('',#4844,#9474,#9476,.T.);
#9474 = VERTEX_POINT('',#9475);
#9475 = CARTESIAN_POINT('',(13.916666666667,-11.25,32.592141544118));
#9476 = LINE('',#9477,#9478);
#9477 = CARTESIAN_POINT('',(13.916666666667,-11.5,32.592141544118));
#9478 = VECTOR('',#9479,1.);
#9479 = DIRECTION('',(0.,1.,-2.2E-16));
#9480 = ORIENTED_EDGE('',*,*,#9481,.T.);
#9481 = EDGE_CURVE('',#9474,#9450,#9482,.T.);
#9482 = LINE('',#9483,#9484);
#9483 = CARTESIAN_POINT('',(13.916666666667,-11.25,32.592141544118));
#9484 = VECTOR('',#9485,1.);
#9485 = DIRECTION('',(-1.,0.,0.));
#9486 = ORIENTED_EDGE('',*,*,#9449,.F.);
#9487 = ORIENTED_EDGE('',*,*,#4851,.F.);
#9488 = PLANE('',#9489);
#9489 = AXIS2_PLACEMENT_3D('',#9490,#9491,#9492);
#9490 = CARTESIAN_POINT('',(13.916666666667,-11.5,32.592141544118));
#9491 = DIRECTION('',(2.2E-16,2.2E-16,1.));
#9492 = DIRECTION('',(-1.,0.,2.2E-16));
#9493 = ADVANCED_FACE('',(#9494),#9512,.T.);
#9494 = FACE_BOUND('',#9495,.T.);
#9495 = EDGE_LOOP('',(#9496,#9504,#9510,#9511));
#9496 = ORIENTED_EDGE('',*,*,#9497,.T.);
#9497 = EDGE_CURVE('',#4836,#9498,#9500,.T.);
#9498 = VERTEX_POINT('',#9499);
#9499 = CARTESIAN_POINT('',(13.916666666667,-11.25,34.554457720588));
#9500 = LINE('',#9501,#9502);
#9501 = CARTESIAN_POINT('',(13.916666666667,-11.5,34.554457720588));
#9502 = VECTOR('',#9503,1.);
#9503 = DIRECTION('',(0.,1.,-2.2E-16));
#9504 = ORIENTED_EDGE('',*,*,#9505,.T.);
#9505 = EDGE_CURVE('',#9498,#9474,#9506,.T.);
#9506 = LINE('',#9507,#9508);
#9507 = CARTESIAN_POINT('',(13.916666666667,-11.25,34.554457720588));
#9508 = VECTOR('',#9509,1.);
#9509 = DIRECTION('',(0.,0.,-1.));
#9510 = ORIENTED_EDGE('',*,*,#9473,.F.);
#9511 = ORIENTED_EDGE('',*,*,#4843,.F.);
#9512 = PLANE('',#9513);
#9513 = AXIS2_PLACEMENT_3D('',#9514,#9515,#9516);
#9514 = CARTESIAN_POINT('',(13.916666666667,-11.5,34.554457720588));
#9515 = DIRECTION('',(-1.,0.,2.2E-16));
#9516 = DIRECTION('',(-2.2E-16,-2.2E-16,-1.));
#9517 = ADVANCED_FACE('',(#9518),#9536,.T.);
#9518 = FACE_BOUND('',#9519,.T.);
#9519 = EDGE_LOOP('',(#9520,#9528,#9534,#9535));
#9520 = ORIENTED_EDGE('',*,*,#9521,.T.);
#9521 = EDGE_CURVE('',#4828,#9522,#9524,.T.);
#9522 = VERTEX_POINT('',#9523);
#9523 = CARTESIAN_POINT('',(8.759420955882,-11.25,34.554457720588));
#9524 = LINE('',#9525,#9526);
#9525 = CARTESIAN_POINT('',(8.759420955882,-11.5,34.554457720588));
#9526 = VECTOR('',#9527,1.);
#9527 = DIRECTION('',(0.,1.,-2.2E-16));
#9528 = ORIENTED_EDGE('',*,*,#9529,.T.);
#9529 = EDGE_CURVE('',#9522,#9498,#9530,.T.);
#9530 = LINE('',#9531,#9532);
#9531 = CARTESIAN_POINT('',(8.759420955882,-11.25,34.554457720588));
#9532 = VECTOR('',#9533,1.);
#9533 = DIRECTION('',(1.,0.,0.));
#9534 = ORIENTED_EDGE('',*,*,#9497,.F.);
#9535 = ORIENTED_EDGE('',*,*,#4835,.F.);
#9536 = PLANE('',#9537);
#9537 = AXIS2_PLACEMENT_3D('',#9538,#9539,#9540);
#9538 = CARTESIAN_POINT('',(8.759420955882,-11.5,34.554457720588));
#9539 = DIRECTION('',(-2.2E-16,-2.2E-16,-1.));
#9540 = DIRECTION('',(1.,0.,-2.2E-16));
#9541 = ADVANCED_FACE('',(#9542),#9560,.T.);
#9542 = FACE_BOUND('',#9543,.T.);
#9543 = EDGE_LOOP('',(#9544,#9552,#9558,#9559));
#9544 = ORIENTED_EDGE('',*,*,#9545,.T.);
#9545 = EDGE_CURVE('',#4820,#9546,#9548,.T.);
#9546 = VERTEX_POINT('',#9547);
#9547 = CARTESIAN_POINT('',(7.664598651961,-11.25,35.515778186275));
#9548 = LINE('',#9549,#9550);
#9549 = CARTESIAN_POINT('',(7.664598651961,-11.5,35.515778186275));
#9550 = VECTOR('',#9551,1.);
#9551 = DIRECTION('',(0.,1.,-2.2E-16));
#9552 = ORIENTED_EDGE('',*,*,#9553,.T.);
#9553 = EDGE_CURVE('',#9546,#9522,#9554,.T.);
#9554 = B_SPLINE_CURVE_WITH_KNOTS('',2,(#9555,#9556,#9557),
  .UNSPECIFIED.,.F.,.F.,(3,3),(0.,1.),.PIECEWISE_BEZIER_KNOTS.);
#9555 = CARTESIAN_POINT('',(7.664598651961,-11.25,35.515778186275));
#9556 = CARTESIAN_POINT('',(8.069929534314,-11.25,35.061121323529));
#9557 = CARTESIAN_POINT('',(8.759420955882,-11.25,34.554457720588));
#9558 = ORIENTED_EDGE('',*,*,#9521,.F.);
#9559 = ORIENTED_EDGE('',*,*,#4827,.F.);
#9560 = SURFACE_OF_LINEAR_EXTRUSION('',#9561,#9565);
#9561 = B_SPLINE_CURVE_WITH_KNOTS('',2,(#9562,#9563,#9564),
  .UNSPECIFIED.,.F.,.F.,(3,3),(0.,1.),.PIECEWISE_BEZIER_KNOTS.);
#9562 = CARTESIAN_POINT('',(7.664598651961,-11.5,35.515778186275));
#9563 = CARTESIAN_POINT('',(8.069929534314,-11.5,35.061121323529));
#9564 = CARTESIAN_POINT('',(8.759420955882,-11.5,34.554457720588));
#9565 = VECTOR('',#9566,1.);
#9566 = DIRECTION('',(0.,-1.,2.2E-16));
#9567 = ADVANCED_FACE('',(#9568),#9586,.T.);
#9568 = FACE_BOUND('',#9569,.T.);
#9569 = EDGE_LOOP('',(#9570,#9578,#9584,#9585));
#9570 = ORIENTED_EDGE('',*,*,#9571,.T.);
#9571 = EDGE_CURVE('',#4812,#9572,#9574,.T.);
#9572 = VERTEX_POINT('',#9573);
#9573 = CARTESIAN_POINT('',(7.259803921569,-11.25,36.460477941176));
#9574 = LINE('',#9575,#9576);
#9575 = CARTESIAN_POINT('',(7.259803921569,-11.5,36.460477941176));
#9576 = VECTOR('',#9577,1.);
#9577 = DIRECTION('',(0.,1.,-2.2E-16));
#9578 = ORIENTED_EDGE('',*,*,#9579,.T.);
#9579 = EDGE_CURVE('',#9572,#9546,#9580,.T.);
#9580 = B_SPLINE_CURVE_WITH_KNOTS('',2,(#9581,#9582,#9583),
  .UNSPECIFIED.,.F.,.F.,(3,3),(0.,1.),.PIECEWISE_BEZIER_KNOTS.);
#9581 = CARTESIAN_POINT('',(7.259803921569,-11.25,36.460477941176));
#9582 = CARTESIAN_POINT('',(7.259803921569,-11.25,35.969898897059));
#9583 = CARTESIAN_POINT('',(7.664598651961,-11.25,35.515778186275));
#9584 = ORIENTED_EDGE('',*,*,#9545,.F.);
#9585 = ORIENTED_EDGE('',*,*,#4819,.F.);
#9586 = SURFACE_OF_LINEAR_EXTRUSION('',#9587,#9591);
#9587 = B_SPLINE_CURVE_WITH_KNOTS('',2,(#9588,#9589,#9590),
  .UNSPECIFIED.,.F.,.F.,(3,3),(0.,1.),.PIECEWISE_BEZIER_KNOTS.);
#9588 = CARTESIAN_POINT('',(7.259803921569,-11.5,36.460477941176));
#9589 = CARTESIAN_POINT('',(7.259803921569,-11.5,35.969898897059));
#9590 = CARTESIAN_POINT('',(7.664598651961,-11.5,35.515778186275));
#9591 = VECTOR('',#9592,1.);
#9592 = DIRECTION('',(0.,-1.,2.2E-16));
#9593 = ADVANCED_FACE('',(#9594),#9612,.T.);
#9594 = FACE_BOUND('',#9595,.T.);
#9595 = EDGE_LOOP('',(#9596,#9604,#9610,#9611));
#9596 = ORIENTED_EDGE('',*,*,#9597,.T.);
#9597 = EDGE_CURVE('',#4804,#9598,#9600,.T.);
#9598 = VERTEX_POINT('',#9599);
#9599 = CARTESIAN_POINT('',(7.600796568627,-11.25,37.216452205882));
#9600 = LINE('',#9601,#9602);
#9601 = CARTESIAN_POINT('',(7.600796568627,-11.5,37.216452205882));
#9602 = VECTOR('',#9603,1.);
#9603 = DIRECTION('',(0.,1.,-2.2E-16));
#9604 = ORIENTED_EDGE('',*,*,#9605,.T.);
#9605 = EDGE_CURVE('',#9598,#9572,#9606,.T.);
#9606 = B_SPLINE_CURVE_WITH_KNOTS('',2,(#9607,#9608,#9609),
  .UNSPECIFIED.,.F.,.F.,(3,3),(0.,1.),.PIECEWISE_BEZIER_KNOTS.);
#9607 = CARTESIAN_POINT('',(7.600796568627,-11.25,37.216452205882));
#9608 = CARTESIAN_POINT('',(7.259803921569,-11.25,36.967141544118));
#9609 = CARTESIAN_POINT('',(7.259803921569,-11.25,36.460477941176));
#9610 = ORIENTED_EDGE('',*,*,#9571,.F.);
#9611 = ORIENTED_EDGE('',*,*,#4811,.F.);
#9612 = SURFACE_OF_LINEAR_EXTRUSION('',#9613,#9617);
#9613 = B_SPLINE_CURVE_WITH_KNOTS('',2,(#9614,#9615,#9616),
  .UNSPECIFIED.,.F.,.F.,(3,3),(0.,1.),.PIECEWISE_BEZIER_KNOTS.);
#9614 = CARTESIAN_POINT('',(7.600796568627,-11.5,37.216452205882));
#9615 = CARTESIAN_POINT('',(7.259803921569,-11.5,36.967141544118));
#9616 = CARTESIAN_POINT('',(7.259803921569,-11.5,36.460477941176));
#9617 = VECTOR('',#9618,1.);
#9618 = DIRECTION('',(0.,-1.,2.2E-16));
#9619 = ADVANCED_FACE('',(#9620),#9638,.T.);
#9620 = FACE_BOUND('',#9621,.T.);
#9621 = EDGE_LOOP('',(#9622,#9630,#9636,#9637));
#9622 = ORIENTED_EDGE('',*,*,#9623,.T.);
#9623 = EDGE_CURVE('',#4796,#9624,#9626,.T.);
#9624 = VERTEX_POINT('',#9625);
#9625 = CARTESIAN_POINT('',(8.60715379902,-11.25,37.465762867647));
#9626 = LINE('',#9627,#9628);
#9627 = CARTESIAN_POINT('',(8.60715379902,-11.5,37.465762867647));
#9628 = VECTOR('',#9629,1.);
#9629 = DIRECTION('',(0.,1.,-2.2E-16));
#9630 = ORIENTED_EDGE('',*,*,#9631,.T.);
#9631 = EDGE_CURVE('',#9624,#9598,#9632,.T.);
#9632 = B_SPLINE_CURVE_WITH_KNOTS('',2,(#9633,#9634,#9635),
  .UNSPECIFIED.,.F.,.F.,(3,3),(0.,1.),.PIECEWISE_BEZIER_KNOTS.);
#9633 = CARTESIAN_POINT('',(8.60715379902,-11.25,37.465762867647));
#9634 = CARTESIAN_POINT('',(7.941789215686,-11.25,37.465762867647));
#9635 = CARTESIAN_POINT('',(7.600796568627,-11.25,37.216452205882));
#9636 = ORIENTED_EDGE('',*,*,#9597,.F.);
#9637 = ORIENTED_EDGE('',*,*,#4803,.F.);
#9638 = SURFACE_OF_LINEAR_EXTRUSION('',#9639,#9643);
#9639 = B_SPLINE_CURVE_WITH_KNOTS('',2,(#9640,#9641,#9642),
  .UNSPECIFIED.,.F.,.F.,(3,3),(0.,1.),.PIECEWISE_BEZIER_KNOTS.);
#9640 = CARTESIAN_POINT('',(8.60715379902,-11.5,37.465762867647));
#9641 = CARTESIAN_POINT('',(7.941789215686,-11.5,37.465762867647));
#9642 = CARTESIAN_POINT('',(7.600796568627,-11.5,37.216452205882));
#9643 = VECTOR('',#9644,1.);
#9644 = DIRECTION('',(0.,-1.,2.2E-16));
#9645 = ADVANCED_FACE('',(#9646),#9657,.T.);
#9646 = FACE_BOUND('',#9647,.T.);
#9647 = EDGE_LOOP('',(#9648,#9649,#9655,#9656));
#9648 = ORIENTED_EDGE('',*,*,#9178,.T.);
#9649 = ORIENTED_EDGE('',*,*,#9650,.T.);
#9650 = EDGE_CURVE('',#9171,#9624,#9651,.T.);
#9651 = LINE('',#9652,#9653);
#9652 = CARTESIAN_POINT('',(13.916666666667,-11.25,37.465762867647));
#9653 = VECTOR('',#9654,1.);
#9654 = DIRECTION('',(-1.,0.,0.));
#9655 = ORIENTED_EDGE('',*,*,#9623,.F.);
#9656 = ORIENTED_EDGE('',*,*,#4795,.F.);
#9657 = PLANE('',#9658);
#9658 = AXIS2_PLACEMENT_3D('',#9659,#9660,#9661);
#9659 = CARTESIAN_POINT('',(13.916666666667,-11.5,37.465762867647));
#9660 = DIRECTION('',(2.2E-16,2.2E-16,1.));
#9661 = DIRECTION('',(-1.,0.,2.2E-16));
#9662 = ADVANCED_FACE('',(#9663),#9688,.T.);
#9663 = FACE_BOUND('',#9664,.T.);
#9664 = EDGE_LOOP('',(#9665,#9673,#9681,#9687));
#9665 = ORIENTED_EDGE('',*,*,#9666,.T.);
#9666 = EDGE_CURVE('',#4948,#9667,#9669,.T.);
#9667 = VERTEX_POINT('',#9668);
#9668 = CARTESIAN_POINT('',(5.75,-11.25,27.224724264706));
#9669 = LINE('',#9670,#9671);
#9670 = CARTESIAN_POINT('',(5.75,-11.5,27.224724264706));
#9671 = VECTOR('',#9672,1.);
#9672 = DIRECTION('',(0.,1.,-2.2E-16));
#9673 = ORIENTED_EDGE('',*,*,#9674,.T.);
#9674 = EDGE_CURVE('',#9667,#9675,#9677,.T.);
#9675 = VERTEX_POINT('',#9676);
#9676 = CARTESIAN_POINT('',(5.75,-11.25,30.43359375));
#9677 = LINE('',#9678,#9679);
#9678 = CARTESIAN_POINT('',(5.75,-11.25,27.224724264706));
#9679 = VECTOR('',#9680,1.);
#9680 = DIRECTION('',(0.,0.,1.));
#9681 = ORIENTED_EDGE('',*,*,#9682,.F.);
#9682 = EDGE_CURVE('',#4950,#9675,#9683,.T.);
#9683 = LINE('',#9684,#9685);
#9684 = CARTESIAN_POINT('',(5.75,-11.5,30.43359375));
#9685 = VECTOR('',#9686,1.);
#9686 = DIRECTION('',(0.,1.,-2.2E-16));
#9687 = ORIENTED_EDGE('',*,*,#4947,.F.);
#9688 = PLANE('',#9689);
#9689 = AXIS2_PLACEMENT_3D('',#9690,#9691,#9692);
#9690 = CARTESIAN_POINT('',(5.75,-11.5,27.224724264706));
#9691 = DIRECTION('',(1.,0.,-2.2E-16));
#9692 = DIRECTION('',(2.2E-16,2.2E-16,1.));
#9693 = ADVANCED_FACE('',(#9694),#9712,.T.);
#9694 = FACE_BOUND('',#9695,.T.);
#9695 = EDGE_LOOP('',(#9696,#9704,#9710,#9711));
#9696 = ORIENTED_EDGE('',*,*,#9697,.T.);
#9697 = EDGE_CURVE('',#5054,#9698,#9700,.T.);
#9698 = VERTEX_POINT('',#9699);
#9699 = CARTESIAN_POINT('',(6.555300245098,-11.25,24.112362132353));
#9700 = LINE('',#9701,#9702);
#9701 = CARTESIAN_POINT('',(6.555300245098,-11.5,24.112362132353));
#9702 = VECTOR('',#9703,1.);
#9703 = DIRECTION('',(0.,1.,-2.2E-16));
#9704 = ORIENTED_EDGE('',*,*,#9705,.T.);
#9705 = EDGE_CURVE('',#9698,#9667,#9706,.T.);
#9706 = B_SPLINE_CURVE_WITH_KNOTS('',2,(#9707,#9708,#9709),
  .UNSPECIFIED.,.F.,.F.,(3,3),(0.,1.),.PIECEWISE_BEZIER_KNOTS.);
#9707 = CARTESIAN_POINT('',(6.555300245098,-11.25,24.112362132353));
#9708 = CARTESIAN_POINT('',(5.75,-11.25,25.190027573529));
#9709 = CARTESIAN_POINT('',(5.75,-11.25,27.224724264706));
#9710 = ORIENTED_EDGE('',*,*,#9666,.F.);
#9711 = ORIENTED_EDGE('',*,*,#5061,.F.);
#9712 = SURFACE_OF_LINEAR_EXTRUSION('',#9713,#9717);
#9713 = B_SPLINE_CURVE_WITH_KNOTS('',2,(#9714,#9715,#9716),
  .UNSPECIFIED.,.F.,.F.,(3,3),(0.,1.),.PIECEWISE_BEZIER_KNOTS.);
#9714 = CARTESIAN_POINT('',(6.555300245098,-11.5,24.112362132353));
#9715 = CARTESIAN_POINT('',(5.75,-11.5,25.190027573529));
#9716 = CARTESIAN_POINT('',(5.75,-11.5,27.224724264706));
#9717 = VECTOR('',#9718,1.);
#9718 = DIRECTION('',(0.,-1.,2.2E-16));
#9719 = ADVANCED_FACE('',(#9720),#9738,.T.);
#9720 = FACE_BOUND('',#9721,.T.);
#9721 = EDGE_LOOP('',(#9722,#9730,#9736,#9737));
#9722 = ORIENTED_EDGE('',*,*,#9723,.T.);
#9723 = EDGE_CURVE('',#5046,#9724,#9726,.T.);
#9724 = VERTEX_POINT('',#9725);
#9725 = CARTESIAN_POINT('',(8.964767156863,-11.25,23.034696691176));
#9726 = LINE('',#9727,#9728);
#9727 = CARTESIAN_POINT('',(8.964767156863,-11.5,23.034696691176));
#9728 = VECTOR('',#9729,1.);
#9729 = DIRECTION('',(0.,1.,-2.2E-16));
#9730 = ORIENTED_EDGE('',*,*,#9731,.T.);
#9731 = EDGE_CURVE('',#9724,#9698,#9732,.T.);
#9732 = B_SPLINE_CURVE_WITH_KNOTS('',2,(#9733,#9734,#9735),
  .UNSPECIFIED.,.F.,.F.,(3,3),(0.,1.),.PIECEWISE_BEZIER_KNOTS.);
#9733 = CARTESIAN_POINT('',(8.964767156863,-11.25,23.034696691176));
#9734 = CARTESIAN_POINT('',(7.361136642157,-11.25,23.034696691176));
#9735 = CARTESIAN_POINT('',(6.555300245098,-11.25,24.112362132353));
#9736 = ORIENTED_EDGE('',*,*,#9697,.F.);
#9737 = ORIENTED_EDGE('',*,*,#5053,.F.);
#9738 = SURFACE_OF_LINEAR_EXTRUSION('',#9739,#9743);
#9739 = B_SPLINE_CURVE_WITH_KNOTS('',2,(#9740,#9741,#9742),
  .UNSPECIFIED.,.F.,.F.,(3,3),(0.,1.),.PIECEWISE_BEZIER_KNOTS.);
#9740 = CARTESIAN_POINT('',(8.964767156863,-11.5,23.034696691176));
#9741 = CARTESIAN_POINT('',(7.361136642157,-11.5,23.034696691176));
#9742 = CARTESIAN_POINT('',(6.555300245098,-11.5,24.112362132353));
#9743 = VECTOR('',#9744,1.);
#9744 = DIRECTION('',(0.,-1.,2.2E-16));
#9745 = ADVANCED_FACE('',(#9746),#9764,.T.);
#9746 = FACE_BOUND('',#9747,.T.);
#9747 = EDGE_LOOP('',(#9748,#9756,#9762,#9763));
#9748 = ORIENTED_EDGE('',*,*,#9749,.T.);
#9749 = EDGE_CURVE('',#5038,#9750,#9752,.T.);
#9750 = VERTEX_POINT('',#9751);
#9751 = CARTESIAN_POINT('',(9.878370098039,-11.25,23.191789215686));
#9752 = LINE('',#9753,#9754);
#9753 = CARTESIAN_POINT('',(9.878370098039,-11.5,23.191789215686));
#9754 = VECTOR('',#9755,1.);
#9755 = DIRECTION('',(0.,1.,-2.2E-16));
#9756 = ORIENTED_EDGE('',*,*,#9757,.T.);
#9757 = EDGE_CURVE('',#9750,#9724,#9758,.T.);
#9758 = B_SPLINE_CURVE_WITH_KNOTS('',2,(#9759,#9760,#9761),
  .UNSPECIFIED.,.F.,.F.,(3,3),(0.,1.),.PIECEWISE_BEZIER_KNOTS.);
#9759 = CARTESIAN_POINT('',(9.878370098039,-11.25,23.191789215686));
#9760 = CARTESIAN_POINT('',(9.469822303922,-11.25,23.034696691176));
#9761 = CARTESIAN_POINT('',(8.964767156863,-11.25,23.034696691176));
#9762 = ORIENTED_EDGE('',*,*,#9723,.F.);
#9763 = ORIENTED_EDGE('',*,*,#5045,.F.);
#9764 = SURFACE_OF_LINEAR_EXTRUSION('',#9765,#9769);
#9765 = B_SPLINE_CURVE_WITH_KNOTS('',2,(#9766,#9767,#9768),
  .UNSPECIFIED.,.F.,.F.,(3,3),(0.,1.),.PIECEWISE_BEZIER_KNOTS.);
#9766 = CARTESIAN_POINT('',(9.878370098039,-11.5,23.191789215686));
#9767 = CARTESIAN_POINT('',(9.469822303922,-11.5,23.034696691176));
#9768 = CARTESIAN_POINT('',(8.964767156863,-11.5,23.034696691176));
#9769 = VECTOR('',#9770,1.);
#9770 = DIRECTION('',(0.,-1.,2.2E-16));
#9771 = ADVANCED_FACE('',(#9772),#9790,.T.);
#9772 = FACE_BOUND('',#9773,.T.);
#9773 = EDGE_LOOP('',(#9774,#9782,#9788,#9789));
#9774 = ORIENTED_EDGE('',*,*,#9775,.T.);
#9775 = EDGE_CURVE('',#5030,#9776,#9778,.T.);
#9776 = VERTEX_POINT('',#9777);
#9777 = CARTESIAN_POINT('',(10.588235294118,-11.25,23.61803002451));
#9778 = LINE('',#9779,#9780);
#9779 = CARTESIAN_POINT('',(10.588235294118,-11.5,23.61803002451));
#9780 = VECTOR('',#9781,1.);
#9781 = DIRECTION('',(0.,1.,-2.2E-16));
#9782 = ORIENTED_EDGE('',*,*,#9783,.T.);
#9783 = EDGE_CURVE('',#9776,#9750,#9784,.T.);
#9784 = B_SPLINE_CURVE_WITH_KNOTS('',2,(#9785,#9786,#9787),
  .UNSPECIFIED.,.F.,.F.,(3,3),(0.,1.),.PIECEWISE_BEZIER_KNOTS.);
#9785 = CARTESIAN_POINT('',(10.588235294118,-11.25,23.61803002451));
#9786 = CARTESIAN_POINT('',(10.287454044118,-11.25,23.348345588235));
#9787 = CARTESIAN_POINT('',(9.878370098039,-11.25,23.191789215686));
#9788 = ORIENTED_EDGE('',*,*,#9749,.F.);
#9789 = ORIENTED_EDGE('',*,*,#5037,.F.);
#9790 = SURFACE_OF_LINEAR_EXTRUSION('',#9791,#9795);
#9791 = B_SPLINE_CURVE_WITH_KNOTS('',2,(#9792,#9793,#9794),
  .UNSPECIFIED.,.F.,.F.,(3,3),(0.,1.),.PIECEWISE_BEZIER_KNOTS.);
#9792 = CARTESIAN_POINT('',(10.588235294118,-11.5,23.61803002451));
#9793 = CARTESIAN_POINT('',(10.287454044118,-11.5,23.348345588235));
#9794 = CARTESIAN_POINT('',(9.878370098039,-11.5,23.191789215686));
#9795 = VECTOR('',#9796,1.);
#9796 = DIRECTION('',(0.,-1.,2.2E-16));
#9797 = ADVANCED_FACE('',(#9798),#9816,.T.);
#9798 = FACE_BOUND('',#9799,.T.);
#9799 = EDGE_LOOP('',(#9800,#9808,#9814,#9815));
#9800 = ORIENTED_EDGE('',*,*,#9801,.T.);
#9801 = EDGE_CURVE('',#5022,#9802,#9804,.T.);
#9802 = VERTEX_POINT('',#9803);
#9803 = CARTESIAN_POINT('',(11.077205882353,-11.25,24.245327818627));
#9804 = LINE('',#9805,#9806);
#9805 = CARTESIAN_POINT('',(11.077205882353,-11.5,24.245327818627));
#9806 = VECTOR('',#9807,1.);
#9807 = DIRECTION('',(0.,1.,-2.2E-16));
#9808 = ORIENTED_EDGE('',*,*,#9809,.T.);
#9809 = EDGE_CURVE('',#9802,#9776,#9810,.T.);
#9810 = B_SPLINE_CURVE_WITH_KNOTS('',2,(#9811,#9812,#9813),
  .UNSPECIFIED.,.F.,.F.,(3,3),(0.,1.),.PIECEWISE_BEZIER_KNOTS.);
#9811 = CARTESIAN_POINT('',(11.077205882353,-11.25,24.245327818627));
#9812 = CARTESIAN_POINT('',(10.889016544118,-11.25,23.887178308824));
#9813 = CARTESIAN_POINT('',(10.588235294118,-11.25,23.61803002451));
#9814 = ORIENTED_EDGE('',*,*,#9775,.F.);
#9815 = ORIENTED_EDGE('',*,*,#5029,.F.);
#9816 = SURFACE_OF_LINEAR_EXTRUSION('',#9817,#9821);
#9817 = B_SPLINE_CURVE_WITH_KNOTS('',2,(#9818,#9819,#9820),
  .UNSPECIFIED.,.F.,.F.,(3,3),(0.,1.),.PIECEWISE_BEZIER_KNOTS.);
#9818 = CARTESIAN_POINT('',(11.077205882353,-11.5,24.245327818627));
#9819 = CARTESIAN_POINT('',(10.889016544118,-11.5,23.887178308824));
#9820 = CARTESIAN_POINT('',(10.588235294118,-11.5,23.61803002451));
#9821 = VECTOR('',#9822,1.);
#9822 = DIRECTION('',(0.,-1.,2.2E-16));
#9823 = ADVANCED_FACE('',(#9824),#9842,.T.);
#9824 = FACE_BOUND('',#9825,.T.);
#9825 = EDGE_LOOP('',(#9826,#9834,#9840,#9841));
#9826 = ORIENTED_EDGE('',*,*,#9827,.T.);
#9827 = EDGE_CURVE('',#5014,#9828,#9830,.T.);
#9828 = VERTEX_POINT('',#9829);
#9829 = CARTESIAN_POINT('',(11.329733455882,-11.25,24.997012867647));
#9830 = LINE('',#9831,#9832);
#9831 = CARTESIAN_POINT('',(11.329733455882,-11.5,24.997012867647));
#9832 = VECTOR('',#9833,1.);
#9833 = DIRECTION('',(0.,1.,-2.2E-16));
#9834 = ORIENTED_EDGE('',*,*,#9835,.T.);
#9835 = EDGE_CURVE('',#9828,#9802,#9836,.T.);
#9836 = B_SPLINE_CURVE_WITH_KNOTS('',2,(#9837,#9838,#9839),
  .UNSPECIFIED.,.F.,.F.,(3,3),(0.,1.),.PIECEWISE_BEZIER_KNOTS.);
#9837 = CARTESIAN_POINT('',(11.329733455882,-11.25,24.997012867647));
#9838 = CARTESIAN_POINT('',(11.265395220588,-11.25,24.602941176471));
#9839 = CARTESIAN_POINT('',(11.077205882353,-11.25,24.245327818627));
#9840 = ORIENTED_EDGE('',*,*,#9801,.F.);
#9841 = ORIENTED_EDGE('',*,*,#5021,.F.);
#9842 = SURFACE_OF_LINEAR_EXTRUSION('',#9843,#9847);
#9843 = B_SPLINE_CURVE_WITH_KNOTS('',2,(#9844,#9845,#9846),
  .UNSPECIFIED.,.F.,.F.,(3,3),(0.,1.),.PIECEWISE_BEZIER_KNOTS.);
#9844 = CARTESIAN_POINT('',(11.329733455882,-11.5,24.997012867647));
#9845 = CARTESIAN_POINT('',(11.265395220588,-11.5,24.602941176471));
#9846 = CARTESIAN_POINT('',(11.077205882353,-11.5,24.245327818627));
#9847 = VECTOR('',#9848,1.);
#9848 = DIRECTION('',(0.,-1.,2.2E-16));
#9849 = ADVANCED_FACE('',(#9850),#9868,.T.);
#9850 = FACE_BOUND('',#9851,.T.);
#9851 = EDGE_LOOP('',(#9852,#9860,#9866,#9867));
#9852 = ORIENTED_EDGE('',*,*,#9853,.T.);
#9853 = EDGE_CURVE('',#5006,#9854,#9856,.T.);
#9854 = VERTEX_POINT('',#9855);
#9855 = CARTESIAN_POINT('',(11.708256740196,-11.25,24.313419117647));
#9856 = LINE('',#9857,#9858);
#9857 = CARTESIAN_POINT('',(11.708256740196,-11.5,24.313419117647));
#9858 = VECTOR('',#9859,1.);
#9859 = DIRECTION('',(0.,1.,-2.2E-16));
#9860 = ORIENTED_EDGE('',*,*,#9861,.T.);
#9861 = EDGE_CURVE('',#9854,#9828,#9862,.T.);
#9862 = B_SPLINE_CURVE_WITH_KNOTS('',2,(#9863,#9864,#9865),
  .UNSPECIFIED.,.F.,.F.,(3,3),(0.,1.),.PIECEWISE_BEZIER_KNOTS.);
#9863 = CARTESIAN_POINT('',(11.708256740196,-11.25,24.313419117647));
#9864 = CARTESIAN_POINT('',(11.466452205882,-11.25,24.602941176471));
#9865 = CARTESIAN_POINT('',(11.329733455882,-11.25,24.997012867647));
#9866 = ORIENTED_EDGE('',*,*,#9827,.F.);
#9867 = ORIENTED_EDGE('',*,*,#5013,.F.);
#9868 = SURFACE_OF_LINEAR_EXTRUSION('',#9869,#9873);
#9869 = B_SPLINE_CURVE_WITH_KNOTS('',2,(#9870,#9871,#9872),
  .UNSPECIFIED.,.F.,.F.,(3,3),(0.,1.),.PIECEWISE_BEZIER_KNOTS.);
#9870 = CARTESIAN_POINT('',(11.708256740196,-11.5,24.313419117647));
#9871 = CARTESIAN_POINT('',(11.466452205882,-11.5,24.602941176471));
#9872 = CARTESIAN_POINT('',(11.329733455882,-11.5,24.997012867647));
#9873 = VECTOR('',#9874,1.);
#9874 = DIRECTION('',(0.,-1.,2.2E-16));
#9875 = ADVANCED_FACE('',(#9876),#9894,.T.);
#9876 = FACE_BOUND('',#9877,.T.);
#9877 = EDGE_LOOP('',(#9878,#9886,#9892,#9893));
#9878 = ORIENTED_EDGE('',*,*,#9879,.T.);
#9879 = EDGE_CURVE('',#4998,#9880,#9882,.T.);
#9880 = VERTEX_POINT('',#9881);
#9881 = CARTESIAN_POINT('',(12.263710171569,-11.25,23.830882352941));
#9882 = LINE('',#9883,#9884);
#9883 = CARTESIAN_POINT('',(12.263710171569,-11.5,23.830882352941));
#9884 = VECTOR('',#9885,1.);
#9885 = DIRECTION('',(0.,1.,-2.2E-16));
#9886 = ORIENTED_EDGE('',*,*,#9887,.T.);
#9887 = EDGE_CURVE('',#9880,#9854,#9888,.T.);
#9888 = B_SPLINE_CURVE_WITH_KNOTS('',2,(#9889,#9890,#9891),
  .UNSPECIFIED.,.F.,.F.,(3,3),(0.,1.),.PIECEWISE_BEZIER_KNOTS.);
#9889 = CARTESIAN_POINT('',(12.263710171569,-11.25,23.830882352941));
#9890 = CARTESIAN_POINT('',(11.95006127451,-11.25,24.023897058824));
#9891 = CARTESIAN_POINT('',(11.708256740196,-11.25,24.313419117647));
#9892 = ORIENTED_EDGE('',*,*,#9853,.F.);
#9893 = ORIENTED_EDGE('',*,*,#5005,.F.);
#9894 = SURFACE_OF_LINEAR_EXTRUSION('',#9895,#9899);
#9895 = B_SPLINE_CURVE_WITH_KNOTS('',2,(#9896,#9897,#9898),
  .UNSPECIFIED.,.F.,.F.,(3,3),(0.,1.),.PIECEWISE_BEZIER_KNOTS.);
#9896 = CARTESIAN_POINT('',(12.263710171569,-11.5,23.830882352941));
#9897 = CARTESIAN_POINT('',(11.95006127451,-11.5,24.023897058824));
#9898 = CARTESIAN_POINT('',(11.708256740196,-11.5,24.313419117647));
#9899 = VECTOR('',#9900,1.);
#9900 = DIRECTION('',(0.,-1.,2.2E-16));
#9901 = ADVANCED_FACE('',(#9902),#9920,.T.);
#9902 = FACE_BOUND('',#9903,.T.);
#9903 = EDGE_LOOP('',(#9904,#9912,#9918,#9919));
#9904 = ORIENTED_EDGE('',*,*,#9905,.T.);
#9905 = EDGE_CURVE('',#4990,#9906,#9908,.T.);
#9906 = VERTEX_POINT('',#9907);
#9907 = CARTESIAN_POINT('',(12.952129289216,-11.25,23.545649509804));
#9908 = LINE('',#9909,#9910);
#9909 = CARTESIAN_POINT('',(12.952129289216,-11.5,23.545649509804));
#9910 = VECTOR('',#9911,1.);
#9911 = DIRECTION('',(0.,1.,-2.2E-16));
#9912 = ORIENTED_EDGE('',*,*,#9913,.T.);
#9913 = EDGE_CURVE('',#9906,#9880,#9914,.T.);
#9914 = B_SPLINE_CURVE_WITH_KNOTS('',2,(#9915,#9916,#9917),
  .UNSPECIFIED.,.F.,.F.,(3,3),(0.,1.),.PIECEWISE_BEZIER_KNOTS.);
#9915 = CARTESIAN_POINT('',(12.952129289216,-11.25,23.545649509804));
#9916 = CARTESIAN_POINT('',(12.577895220588,-11.25,23.637867647059));
#9917 = CARTESIAN_POINT('',(12.263710171569,-11.25,23.830882352941));
#9918 = ORIENTED_EDGE('',*,*,#9879,.F.);
#9919 = ORIENTED_EDGE('',*,*,#4997,.F.);
#9920 = SURFACE_OF_LINEAR_EXTRUSION('',#9921,#9925);
#9921 = B_SPLINE_CURVE_WITH_KNOTS('',2,(#9922,#9923,#9924),
  .UNSPECIFIED.,.F.,.F.,(3,3),(0.,1.),.PIECEWISE_BEZIER_KNOTS.);
#9922 = CARTESIAN_POINT('',(12.952129289216,-11.5,23.545649509804));
#9923 = CARTESIAN_POINT('',(12.577895220588,-11.5,23.637867647059));
#9924 = CARTESIAN_POINT('',(12.263710171569,-11.5,23.830882352941));
#9925 = VECTOR('',#9926,1.);
#9926 = DIRECTION('',(0.,-1.,2.2E-16));
#9927 = ADVANCED_FACE('',(#9928),#9946,.T.);
#9928 = FACE_BOUND('',#9929,.T.);
#9929 = EDGE_LOOP('',(#9930,#9938,#9944,#9945));
#9930 = ORIENTED_EDGE('',*,*,#9931,.T.);
#9931 = EDGE_CURVE('',#4982,#9932,#9934,.T.);
#9932 = VERTEX_POINT('',#9933);
#9933 = CARTESIAN_POINT('',(13.721507352941,-11.25,23.452895220588));
#9934 = LINE('',#9935,#9936);
#9935 = CARTESIAN_POINT('',(13.721507352941,-11.5,23.452895220588));
#9936 = VECTOR('',#9937,1.);
#9937 = DIRECTION('',(0.,1.,-2.2E-16));
#9938 = ORIENTED_EDGE('',*,*,#9939,.T.);
#9939 = EDGE_CURVE('',#9932,#9906,#9940,.T.);
#9940 = B_SPLINE_CURVE_WITH_KNOTS('',2,(#9941,#9942,#9943),
  .UNSPECIFIED.,.F.,.F.,(3,3),(0.,1.),.PIECEWISE_BEZIER_KNOTS.);
#9941 = CARTESIAN_POINT('',(13.721507352941,-11.25,23.452895220588));
#9942 = CARTESIAN_POINT('',(13.326899509804,-11.25,23.452895220588));
#9943 = CARTESIAN_POINT('',(12.952129289216,-11.25,23.545649509804));
#9944 = ORIENTED_EDGE('',*,*,#9905,.F.);
#9945 = ORIENTED_EDGE('',*,*,#4989,.F.);
#9946 = SURFACE_OF_LINEAR_EXTRUSION('',#9947,#9951);
#9947 = B_SPLINE_CURVE_WITH_KNOTS('',2,(#9948,#9949,#9950),
  .UNSPECIFIED.,.F.,.F.,(3,3),(0.,1.),.PIECEWISE_BEZIER_KNOTS.);
#9948 = CARTESIAN_POINT('',(13.721507352941,-11.5,23.452895220588));
#9949 = CARTESIAN_POINT('',(13.326899509804,-11.5,23.452895220588));
#9950 = CARTESIAN_POINT('',(12.952129289216,-11.5,23.545649509804));
#9951 = VECTOR('',#9952,1.);
#9952 = DIRECTION('',(0.,-1.,2.2E-16));
#9953 = ADVANCED_FACE('',(#9954),#9972,.T.);
#9954 = FACE_BOUND('',#9955,.T.);
#9955 = EDGE_LOOP('',(#9956,#9964,#9970,#9971));
#9956 = ORIENTED_EDGE('',*,*,#9957,.T.);
#9957 = EDGE_CURVE('',#4974,#9958,#9960,.T.);
#9958 = VERTEX_POINT('',#9959);
#9959 = CARTESIAN_POINT('',(15.621629901961,-11.25,24.34987745098));
#9960 = LINE('',#9961,#9962);
#9961 = CARTESIAN_POINT('',(15.621629901961,-11.5,24.34987745098));
#9962 = VECTOR('',#9963,1.);
#9963 = DIRECTION('',(0.,1.,-2.2E-16));
#9964 = ORIENTED_EDGE('',*,*,#9965,.T.);
#9965 = EDGE_CURVE('',#9958,#9932,#9966,.T.);
#9966 = B_SPLINE_CURVE_WITH_KNOTS('',2,(#9967,#9968,#9969),
  .UNSPECIFIED.,.F.,.F.,(3,3),(0.,1.),.PIECEWISE_BEZIER_KNOTS.);
#9967 = CARTESIAN_POINT('',(15.621629901961,-11.25,24.34987745098));
#9968 = CARTESIAN_POINT('',(14.993795955882,-11.25,23.452895220588));
#9969 = CARTESIAN_POINT('',(13.721507352941,-11.25,23.452895220588));
#9970 = ORIENTED_EDGE('',*,*,#9931,.F.);
#9971 = ORIENTED_EDGE('',*,*,#4981,.F.);
#9972 = SURFACE_OF_LINEAR_EXTRUSION('',#9973,#9977);
#9973 = B_SPLINE_CURVE_WITH_KNOTS('',2,(#9974,#9975,#9976),
  .UNSPECIFIED.,.F.,.F.,(3,3),(0.,1.),.PIECEWISE_BEZIER_KNOTS.);
#9974 = CARTESIAN_POINT('',(15.621629901961,-11.5,24.34987745098));
#9975 = CARTESIAN_POINT('',(14.993795955882,-11.5,23.452895220588));
#9976 = CARTESIAN_POINT('',(13.721507352941,-11.5,23.452895220588));
#9977 = VECTOR('',#9978,1.);
#9978 = DIRECTION('',(0.,-1.,2.2E-16));
#9979 = ADVANCED_FACE('',(#9980),#9998,.T.);
#9980 = FACE_BOUND('',#9981,.T.);
#9981 = EDGE_LOOP('',(#9982,#9990,#9996,#9997));
#9982 = ORIENTED_EDGE('',*,*,#9983,.T.);
#9983 = EDGE_CURVE('',#4966,#9984,#9986,.T.);
#9984 = VERTEX_POINT('',#9985);
#9985 = CARTESIAN_POINT('',(16.25,-11.25,27.039751838235));
#9986 = LINE('',#9987,#9988);
#9987 = CARTESIAN_POINT('',(16.25,-11.5,27.039751838235));
#9988 = VECTOR('',#9989,1.);
#9989 = DIRECTION('',(0.,1.,-2.2E-16));
#9990 = ORIENTED_EDGE('',*,*,#9991,.T.);
#9991 = EDGE_CURVE('',#9984,#9958,#9992,.T.);
#9992 = B_SPLINE_CURVE_WITH_KNOTS('',2,(#9993,#9994,#9995),
  .UNSPECIFIED.,.F.,.F.,(3,3),(0.,1.),.PIECEWISE_BEZIER_KNOTS.);
#9993 = CARTESIAN_POINT('',(16.25,-11.25,27.039751838235));
#9994 = CARTESIAN_POINT('',(16.25,-11.25,25.246323529412));
#9995 = CARTESIAN_POINT('',(15.621629901961,-11.25,24.34987745098));
#9996 = ORIENTED_EDGE('',*,*,#9957,.F.);
#9997 = ORIENTED_EDGE('',*,*,#4973,.F.);
#9998 = SURFACE_OF_LINEAR_EXTRUSION('',#9999,#10003);
#9999 = B_SPLINE_CURVE_WITH_KNOTS('',2,(#10000,#10001,#10002),
  .UNSPECIFIED.,.F.,.F.,(3,3),(0.,1.),.PIECEWISE_BEZIER_KNOTS.);
#10000 = CARTESIAN_POINT('',(16.25,-11.5,27.039751838235));
#10001 = CARTESIAN_POINT('',(16.25,-11.5,25.246323529412));
#10002 = CARTESIAN_POINT('',(15.621629901961,-11.5,24.34987745098));
#10003 = VECTOR('',#10004,1.);
#10004 = DIRECTION('',(0.,-1.,2.2E-16));
#10005 = ADVANCED_FACE('',(#10006),#10024,.T.);
#10006 = FACE_BOUND('',#10007,.T.);
#10007 = EDGE_LOOP('',(#10008,#10016,#10022,#10023));
#10008 = ORIENTED_EDGE('',*,*,#10009,.T.);
#10009 = EDGE_CURVE('',#4958,#10010,#10012,.T.);
#10010 = VERTEX_POINT('',#10011);
#10011 = CARTESIAN_POINT('',(16.25,-11.25,30.43359375));
#10012 = LINE('',#10013,#10014);
#10013 = CARTESIAN_POINT('',(16.25,-11.5,30.43359375));
#10014 = VECTOR('',#10015,1.);
#10015 = DIRECTION('',(0.,1.,-2.2E-16));
#10016 = ORIENTED_EDGE('',*,*,#10017,.T.);
#10017 = EDGE_CURVE('',#10010,#9984,#10018,.T.);
#10018 = LINE('',#10019,#10020);
#10019 = CARTESIAN_POINT('',(16.25,-11.25,30.43359375));
#10020 = VECTOR('',#10021,1.);
#10021 = DIRECTION('',(0.,0.,-1.));
#10022 = ORIENTED_EDGE('',*,*,#9983,.F.);
#10023 = ORIENTED_EDGE('',*,*,#4965,.F.);
#10024 = PLANE('',#10025);
#10025 = AXIS2_PLACEMENT_3D('',#10026,#10027,#10028);
#10026 = CARTESIAN_POINT('',(16.25,-11.5,30.43359375));
#10027 = DIRECTION('',(-1.,0.,2.2E-16));
#10028 = DIRECTION('',(-2.2E-16,-2.2E-16,-1.));
#10029 = ADVANCED_FACE('',(#10030),#10041,.T.);
#10030 = FACE_BOUND('',#10031,.T.);
#10031 = EDGE_LOOP('',(#10032,#10033,#10039,#10040));
#10032 = ORIENTED_EDGE('',*,*,#9682,.T.);
#10033 = ORIENTED_EDGE('',*,*,#10034,.T.);
#10034 = EDGE_CURVE('',#9675,#10010,#10035,.T.);
#10035 = LINE('',#10036,#10037);
#10036 = CARTESIAN_POINT('',(5.75,-11.25,30.43359375));
#10037 = VECTOR('',#10038,1.);
#10038 = DIRECTION('',(1.,0.,0.));
#10039 = ORIENTED_EDGE('',*,*,#10009,.F.);
#10040 = ORIENTED_EDGE('',*,*,#4957,.F.);
#10041 = PLANE('',#10042);
#10042 = AXIS2_PLACEMENT_3D('',#10043,#10044,#10045);
#10043 = CARTESIAN_POINT('',(5.75,-11.5,30.43359375));
#10044 = DIRECTION('',(-2.2E-16,-2.2E-16,-1.));
#10045 = DIRECTION('',(1.,0.,-2.2E-16));
#10046 = ADVANCED_FACE('',(#10047),#10072,.T.);
#10047 = FACE_BOUND('',#10048,.T.);
#10048 = EDGE_LOOP('',(#10049,#10057,#10065,#10071));
#10049 = ORIENTED_EDGE('',*,*,#10050,.T.);
#10050 = EDGE_CURVE('',#5070,#10051,#10053,.T.);
#10051 = VERTEX_POINT('',#10052);
#10052 = CARTESIAN_POINT('',(11.709865196078,-11.25,14.197303921569));
#10053 = LINE('',#10054,#10055);
#10054 = CARTESIAN_POINT('',(11.709865196078,-11.5,14.197303921569));
#10055 = VECTOR('',#10056,1.);
#10056 = DIRECTION('',(0.,1.,-2.2E-16));
#10057 = ORIENTED_EDGE('',*,*,#10058,.T.);
#10058 = EDGE_CURVE('',#10051,#10059,#10061,.T.);
#10059 = VERTEX_POINT('',#10060);
#10060 = CARTESIAN_POINT('',(9.901424632353,-11.25,13.935661764706));
#10061 = B_SPLINE_CURVE_WITH_KNOTS('',2,(#10062,#10063,#10064),
  .UNSPECIFIED.,.F.,.F.,(3,3),(0.,1.),.PIECEWISE_BEZIER_KNOTS.);
#10062 = CARTESIAN_POINT('',(11.709865196078,-11.25,14.197303921569));
#10063 = CARTESIAN_POINT('',(10.928155637255,-11.25,13.935661764706));
#10064 = CARTESIAN_POINT('',(9.901424632353,-11.25,13.935661764706));
#10065 = ORIENTED_EDGE('',*,*,#10066,.F.);
#10066 = EDGE_CURVE('',#5072,#10059,#10067,.T.);
#10067 = LINE('',#10068,#10069);
#10068 = CARTESIAN_POINT('',(9.901424632353,-11.5,13.935661764706));
#10069 = VECTOR('',#10070,1.);
#10070 = DIRECTION('',(0.,1.,-2.2E-16));
#10071 = ORIENTED_EDGE('',*,*,#5069,.F.);
#10072 = SURFACE_OF_LINEAR_EXTRUSION('',#10073,#10077);
#10073 = B_SPLINE_CURVE_WITH_KNOTS('',2,(#10074,#10075,#10076),
  .UNSPECIFIED.,.F.,.F.,(3,3),(0.,1.),.PIECEWISE_BEZIER_KNOTS.);
#10074 = CARTESIAN_POINT('',(11.709865196078,-11.5,14.197303921569));
#10075 = CARTESIAN_POINT('',(10.928155637255,-11.5,13.935661764706));
#10076 = CARTESIAN_POINT('',(9.901424632353,-11.5,13.935661764706));
#10077 = VECTOR('',#10078,1.);
#10078 = DIRECTION('',(0.,-1.,2.2E-16));
#10079 = ADVANCED_FACE('',(#10080),#10098,.T.);
#10080 = FACE_BOUND('',#10081,.T.);
#10081 = EDGE_LOOP('',(#10082,#10090,#10096,#10097));
#10082 = ORIENTED_EDGE('',*,*,#10083,.T.);
#10083 = EDGE_CURVE('',#5184,#10084,#10086,.T.);
#10084 = VERTEX_POINT('',#10085);
#10085 = CARTESIAN_POINT('',(13.021292892157,-11.25,14.95703125));
#10086 = LINE('',#10087,#10088);
#10087 = CARTESIAN_POINT('',(13.021292892157,-11.5,14.95703125));
#10088 = VECTOR('',#10089,1.);
#10089 = DIRECTION('',(0.,1.,-2.2E-16));
#10090 = ORIENTED_EDGE('',*,*,#10091,.T.);
#10091 = EDGE_CURVE('',#10084,#10051,#10092,.T.);
#10092 = B_SPLINE_CURVE_WITH_KNOTS('',2,(#10093,#10094,#10095),
  .UNSPECIFIED.,.F.,.F.,(3,3),(0.,1.),.PIECEWISE_BEZIER_KNOTS.);
#10093 = CARTESIAN_POINT('',(13.021292892157,-11.25,14.95703125));
#10094 = CARTESIAN_POINT('',(12.492110906863,-11.25,14.458409926471));
#10095 = CARTESIAN_POINT('',(11.709865196078,-11.25,14.197303921569));
#10096 = ORIENTED_EDGE('',*,*,#10050,.F.);
#10097 = ORIENTED_EDGE('',*,*,#5191,.F.);
#10098 = SURFACE_OF_LINEAR_EXTRUSION('',#10099,#10103);
#10099 = B_SPLINE_CURVE_WITH_KNOTS('',2,(#10100,#10101,#10102),
  .UNSPECIFIED.,.F.,.F.,(3,3),(0.,1.),.PIECEWISE_BEZIER_KNOTS.);
#10100 = CARTESIAN_POINT('',(13.021292892157,-11.5,14.95703125));
#10101 = CARTESIAN_POINT('',(12.492110906863,-11.5,14.458409926471));
#10102 = CARTESIAN_POINT('',(11.709865196078,-11.5,14.197303921569));
#10103 = VECTOR('',#10104,1.);
#10104 = DIRECTION('',(0.,-1.,2.2E-16));
#10105 = ADVANCED_FACE('',(#10106),#10124,.T.);
#10106 = FACE_BOUND('',#10107,.T.);
#10107 = EDGE_LOOP('',(#10108,#10116,#10122,#10123));
#10108 = ORIENTED_EDGE('',*,*,#10109,.T.);
#10109 = EDGE_CURVE('',#5176,#10110,#10112,.T.);
#10110 = VERTEX_POINT('',#10111);
#10111 = CARTESIAN_POINT('',(13.819623161765,-11.25,16.171415441176));
#10112 = LINE('',#10113,#10114);
#10113 = CARTESIAN_POINT('',(13.819623161765,-11.5,16.171415441176));
#10114 = VECTOR('',#10115,1.);
#10115 = DIRECTION('',(0.,1.,-2.2E-16));
#10116 = ORIENTED_EDGE('',*,*,#10117,.T.);
#10117 = EDGE_CURVE('',#10110,#10084,#10118,.T.);
#10118 = B_SPLINE_CURVE_WITH_KNOTS('',2,(#10119,#10120,#10121),
  .UNSPECIFIED.,.F.,.F.,(3,3),(0.,1.),.PIECEWISE_BEZIER_KNOTS.);
#10119 = CARTESIAN_POINT('',(13.819623161765,-11.25,16.171415441176));
#10120 = CARTESIAN_POINT('',(13.551011029412,-11.25,15.455652573529));
#10121 = CARTESIAN_POINT('',(13.021292892157,-11.25,14.95703125));
#10122 = ORIENTED_EDGE('',*,*,#10083,.F.);
#10123 = ORIENTED_EDGE('',*,*,#5183,.F.);
#10124 = SURFACE_OF_LINEAR_EXTRUSION('',#10125,#10129);
#10125 = B_SPLINE_CURVE_WITH_KNOTS('',2,(#10126,#10127,#10128),
  .UNSPECIFIED.,.F.,.F.,(3,3),(0.,1.),.PIECEWISE_BEZIER_KNOTS.);
#10126 = CARTESIAN_POINT('',(13.819623161765,-11.5,16.171415441176));
#10127 = CARTESIAN_POINT('',(13.551011029412,-11.5,15.455652573529));
#10128 = CARTESIAN_POINT('',(13.021292892157,-11.5,14.95703125));
#10129 = VECTOR('',#10130,1.);
#10130 = DIRECTION('',(0.,-1.,2.2E-16));
#10131 = ADVANCED_FACE('',(#10132),#10150,.T.);
#10132 = FACE_BOUND('',#10133,.T.);
#10133 = EDGE_LOOP('',(#10134,#10142,#10148,#10149));
#10134 = ORIENTED_EDGE('',*,*,#10135,.T.);
#10135 = EDGE_CURVE('',#5168,#10136,#10138,.T.);
#10136 = VERTEX_POINT('',#10137);
#10137 = CARTESIAN_POINT('',(14.088235294118,-11.25,17.803998161765));
#10138 = LINE('',#10139,#10140);
#10139 = CARTESIAN_POINT('',(14.088235294118,-11.5,17.803998161765));
#10140 = VECTOR('',#10141,1.);
#10141 = DIRECTION('',(0.,1.,-2.2E-16));
#10142 = ORIENTED_EDGE('',*,*,#10143,.T.);
#10143 = EDGE_CURVE('',#10136,#10110,#10144,.T.);
#10144 = B_SPLINE_CURVE_WITH_KNOTS('',2,(#10145,#10146,#10147),
  .UNSPECIFIED.,.F.,.F.,(3,3),(0.,1.),.PIECEWISE_BEZIER_KNOTS.);
#10145 = CARTESIAN_POINT('',(14.088235294118,-11.25,17.803998161765));
#10146 = CARTESIAN_POINT('',(14.088235294118,-11.25,16.887178308824));
#10147 = CARTESIAN_POINT('',(13.819623161765,-11.25,16.171415441176));
#10148 = ORIENTED_EDGE('',*,*,#10109,.F.);
#10149 = ORIENTED_EDGE('',*,*,#5175,.F.);
#10150 = SURFACE_OF_LINEAR_EXTRUSION('',#10151,#10155);
#10151 = B_SPLINE_CURVE_WITH_KNOTS('',2,(#10152,#10153,#10154),
  .UNSPECIFIED.,.F.,.F.,(3,3),(0.,1.),.PIECEWISE_BEZIER_KNOTS.);
#10152 = CARTESIAN_POINT('',(14.088235294118,-11.5,17.803998161765));
#10153 = CARTESIAN_POINT('',(14.088235294118,-11.5,16.887178308824));
#10154 = CARTESIAN_POINT('',(13.819623161765,-11.5,16.171415441176));
#10155 = VECTOR('',#10156,1.);
#10156 = DIRECTION('',(0.,-1.,2.2E-16));
#10157 = ADVANCED_FACE('',(#10158),#10176,.T.);
#10158 = FACE_BOUND('',#10159,.T.);
#10159 = EDGE_LOOP('',(#10160,#10168,#10174,#10175));
#10160 = ORIENTED_EDGE('',*,*,#10161,.T.);
#10161 = EDGE_CURVE('',#5160,#10162,#10164,.T.);
#10162 = VERTEX_POINT('',#10163);
#10163 = CARTESIAN_POINT('',(13.779411764706,-11.25,19.492876838235));
#10164 = LINE('',#10165,#10166);
#10165 = CARTESIAN_POINT('',(13.779411764706,-11.5,19.492876838235));
#10166 = VECTOR('',#10167,1.);
#10167 = DIRECTION('',(0.,1.,-2.2E-16));
#10168 = ORIENTED_EDGE('',*,*,#10169,.T.);
#10169 = EDGE_CURVE('',#10162,#10136,#10170,.T.);
#10170 = B_SPLINE_CURVE_WITH_KNOTS('',2,(#10171,#10172,#10173),
  .UNSPECIFIED.,.F.,.F.,(3,3),(0.,1.),.PIECEWISE_BEZIER_KNOTS.);
#10171 = CARTESIAN_POINT('',(13.779411764706,-11.25,19.492876838235));
#10172 = CARTESIAN_POINT('',(14.088235294118,-11.25,18.744944852941));
#10173 = CARTESIAN_POINT('',(14.088235294118,-11.25,17.803998161765));
#10174 = ORIENTED_EDGE('',*,*,#10135,.F.);
#10175 = ORIENTED_EDGE('',*,*,#5167,.F.);
#10176 = SURFACE_OF_LINEAR_EXTRUSION('',#10177,#10181);
#10177 = B_SPLINE_CURVE_WITH_KNOTS('',2,(#10178,#10179,#10180),
  .UNSPECIFIED.,.F.,.F.,(3,3),(0.,1.),.PIECEWISE_BEZIER_KNOTS.);
#10178 = CARTESIAN_POINT('',(13.779411764706,-11.5,19.492876838235));
#10179 = CARTESIAN_POINT('',(14.088235294118,-11.5,18.744944852941));
#10180 = CARTESIAN_POINT('',(14.088235294118,-11.5,17.803998161765));
#10181 = VECTOR('',#10182,1.);
#10182 = DIRECTION('',(0.,-1.,2.2E-16));
#10183 = ADVANCED_FACE('',(#10184),#10202,.T.);
#10184 = FACE_BOUND('',#10185,.T.);
#10185 = EDGE_LOOP('',(#10186,#10194,#10200,#10201));
#10186 = ORIENTED_EDGE('',*,*,#10187,.T.);
#10187 = EDGE_CURVE('',#5152,#10188,#10190,.T.);
#10188 = VERTEX_POINT('',#10189);
#10189 = CARTESIAN_POINT('',(12.909237132353,-11.25,20.759803921569));
#10190 = LINE('',#10191,#10192);
#10191 = CARTESIAN_POINT('',(12.909237132353,-11.5,20.759803921569));
#10192 = VECTOR('',#10193,1.);
#10193 = DIRECTION('',(0.,1.,-2.2E-16));
#10194 = ORIENTED_EDGE('',*,*,#10195,.T.);
#10195 = EDGE_CURVE('',#10188,#10162,#10196,.T.);
#10196 = B_SPLINE_CURVE_WITH_KNOTS('',2,(#10197,#10198,#10199),
  .UNSPECIFIED.,.F.,.F.,(3,3),(0.,1.),.PIECEWISE_BEZIER_KNOTS.);
#10197 = CARTESIAN_POINT('',(12.909237132353,-11.25,20.759803921569));
#10198 = CARTESIAN_POINT('',(13.470588235294,-11.25,20.240808823529));
#10199 = CARTESIAN_POINT('',(13.779411764706,-11.25,19.492876838235));
#10200 = ORIENTED_EDGE('',*,*,#10161,.F.);
#10201 = ORIENTED_EDGE('',*,*,#5159,.F.);
#10202 = SURFACE_OF_LINEAR_EXTRUSION('',#10203,#10207);
#10203 = B_SPLINE_CURVE_WITH_KNOTS('',2,(#10204,#10205,#10206),
  .UNSPECIFIED.,.F.,.F.,(3,3),(0.,1.),.PIECEWISE_BEZIER_KNOTS.);
#10204 = CARTESIAN_POINT('',(12.909237132353,-11.5,20.759803921569));
#10205 = CARTESIAN_POINT('',(13.470588235294,-11.5,20.240808823529));
#10206 = CARTESIAN_POINT('',(13.779411764706,-11.5,19.492876838235));
#10207 = VECTOR('',#10208,1.);
#10208 = DIRECTION('',(0.,-1.,2.2E-16));
#10209 = ADVANCED_FACE('',(#10210),#10228,.T.);
#10210 = FACE_BOUND('',#10211,.T.);
#10211 = EDGE_LOOP('',(#10212,#10220,#10226,#10227));
#10212 = ORIENTED_EDGE('',*,*,#10213,.T.);
#10213 = EDGE_CURVE('',#5144,#10214,#10216,.T.);
#10214 = VERTEX_POINT('',#10215);
#10215 = CARTESIAN_POINT('',(11.55384497549,-11.25,21.555989583333));
#10216 = LINE('',#10217,#10218);
#10217 = CARTESIAN_POINT('',(11.55384497549,-11.5,21.555989583333));
#10218 = VECTOR('',#10219,1.);
#10219 = DIRECTION('',(0.,1.,-2.2E-16));
#10220 = ORIENTED_EDGE('',*,*,#10221,.T.);
#10221 = EDGE_CURVE('',#10214,#10188,#10222,.T.);
#10222 = B_SPLINE_CURVE_WITH_KNOTS('',2,(#10223,#10224,#10225),
  .UNSPECIFIED.,.F.,.F.,(3,3),(0.,1.),.PIECEWISE_BEZIER_KNOTS.);
#10223 = CARTESIAN_POINT('',(11.55384497549,-11.25,21.555989583333));
#10224 = CARTESIAN_POINT('',(12.347886029412,-11.25,21.278262867647));
#10225 = CARTESIAN_POINT('',(12.909237132353,-11.25,20.759803921569));
#10226 = ORIENTED_EDGE('',*,*,#10187,.F.);
#10227 = ORIENTED_EDGE('',*,*,#5151,.F.);
#10228 = SURFACE_OF_LINEAR_EXTRUSION('',#10229,#10233);
#10229 = B_SPLINE_CURVE_WITH_KNOTS('',2,(#10230,#10231,#10232),
  .UNSPECIFIED.,.F.,.F.,(3,3),(0.,1.),.PIECEWISE_BEZIER_KNOTS.);
#10230 = CARTESIAN_POINT('',(11.55384497549,-11.5,21.555989583333));
#10231 = CARTESIAN_POINT('',(12.347886029412,-11.5,21.278262867647));
#10232 = CARTESIAN_POINT('',(12.909237132353,-11.5,20.759803921569));
#10233 = VECTOR('',#10234,1.);
#10234 = DIRECTION('',(0.,-1.,2.2E-16));
#10235 = ADVANCED_FACE('',(#10236),#10254,.T.);
#10236 = FACE_BOUND('',#10237,.T.);
#10237 = EDGE_LOOP('',(#10238,#10246,#10252,#10253));
#10238 = ORIENTED_EDGE('',*,*,#10239,.T.);
#10239 = EDGE_CURVE('',#5136,#10240,#10242,.T.);
#10240 = VERTEX_POINT('',#10241);
#10241 = CARTESIAN_POINT('',(9.789368872549,-11.25,21.833180147059));
#10242 = LINE('',#10243,#10244);
#10243 = CARTESIAN_POINT('',(9.789368872549,-11.5,21.833180147059));
#10244 = VECTOR('',#10245,1.);
#10245 = DIRECTION('',(0.,1.,-2.2E-16));
#10246 = ORIENTED_EDGE('',*,*,#10247,.T.);
#10247 = EDGE_CURVE('',#10240,#10214,#10248,.T.);
#10248 = B_SPLINE_CURVE_WITH_KNOTS('',2,(#10249,#10250,#10251),
  .UNSPECIFIED.,.F.,.F.,(3,3),(0.,1.),.PIECEWISE_BEZIER_KNOTS.);
#10249 = CARTESIAN_POINT('',(9.789368872549,-11.25,21.833180147059));
#10250 = CARTESIAN_POINT('',(10.759803921569,-11.25,21.833180147059));
#10251 = CARTESIAN_POINT('',(11.55384497549,-11.25,21.555989583333));
#10252 = ORIENTED_EDGE('',*,*,#10213,.F.);
#10253 = ORIENTED_EDGE('',*,*,#5143,.F.);
#10254 = SURFACE_OF_LINEAR_EXTRUSION('',#10255,#10259);
#10255 = B_SPLINE_CURVE_WITH_KNOTS('',2,(#10256,#10257,#10258),
  .UNSPECIFIED.,.F.,.F.,(3,3),(0.,1.),.PIECEWISE_BEZIER_KNOTS.);
#10256 = CARTESIAN_POINT('',(9.789368872549,-11.5,21.833180147059));
#10257 = CARTESIAN_POINT('',(10.759803921569,-11.5,21.833180147059));
#10258 = CARTESIAN_POINT('',(11.55384497549,-11.5,21.555989583333));
#10259 = VECTOR('',#10260,1.);
#10260 = DIRECTION('',(0.,-1.,2.2E-16));
#10261 = ADVANCED_FACE('',(#10262),#10280,.T.);
#10262 = FACE_BOUND('',#10263,.T.);
#10263 = EDGE_LOOP('',(#10264,#10272,#10278,#10279));
#10264 = ORIENTED_EDGE('',*,*,#10265,.T.);
#10265 = EDGE_CURVE('',#5128,#10266,#10268,.T.);
#10266 = VERTEX_POINT('',#10267);
#10267 = CARTESIAN_POINT('',(7.948223039216,-11.25,21.567784926471));
#10268 = LINE('',#10269,#10270);
#10269 = CARTESIAN_POINT('',(7.948223039216,-11.5,21.567784926471));
#10270 = VECTOR('',#10271,1.);
#10271 = DIRECTION('',(0.,1.,-2.2E-16));
#10272 = ORIENTED_EDGE('',*,*,#10273,.T.);
#10273 = EDGE_CURVE('',#10266,#10240,#10274,.T.);
#10274 = B_SPLINE_CURVE_WITH_KNOTS('',2,(#10275,#10276,#10277),
  .UNSPECIFIED.,.F.,.F.,(3,3),(0.,1.),.PIECEWISE_BEZIER_KNOTS.);
#10275 = CARTESIAN_POINT('',(7.948223039216,-11.25,21.567784926471));
#10276 = CARTESIAN_POINT('',(8.738511029412,-11.25,21.833180147059));
#10277 = CARTESIAN_POINT('',(9.789368872549,-11.25,21.833180147059));
#10278 = ORIENTED_EDGE('',*,*,#10239,.F.);
#10279 = ORIENTED_EDGE('',*,*,#5135,.F.);
#10280 = SURFACE_OF_LINEAR_EXTRUSION('',#10281,#10285);
#10281 = B_SPLINE_CURVE_WITH_KNOTS('',2,(#10282,#10283,#10284),
  .UNSPECIFIED.,.F.,.F.,(3,3),(0.,1.),.PIECEWISE_BEZIER_KNOTS.);
#10282 = CARTESIAN_POINT('',(7.948223039216,-11.5,21.567784926471));
#10283 = CARTESIAN_POINT('',(8.738511029412,-11.5,21.833180147059));
#10284 = CARTESIAN_POINT('',(9.789368872549,-11.5,21.833180147059));
#10285 = VECTOR('',#10286,1.);
#10286 = DIRECTION('',(0.,-1.,2.2E-16));
#10287 = ADVANCED_FACE('',(#10288),#10306,.T.);
#10288 = FACE_BOUND('',#10289,.T.);
#10289 = EDGE_LOOP('',(#10290,#10298,#10304,#10305));
#10290 = ORIENTED_EDGE('',*,*,#10291,.T.);
#10291 = EDGE_CURVE('',#5120,#10292,#10294,.T.);
#10292 = VERTEX_POINT('',#10293);
#10293 = CARTESIAN_POINT('',(6.633042279412,-11.25,20.803768382353));
#10294 = LINE('',#10295,#10296);
#10295 = CARTESIAN_POINT('',(6.633042279412,-11.5,20.803768382353));
#10296 = VECTOR('',#10297,1.);
#10297 = DIRECTION('',(0.,1.,-2.2E-16));
#10298 = ORIENTED_EDGE('',*,*,#10299,.T.);
#10299 = EDGE_CURVE('',#10292,#10266,#10300,.T.);
#10300 = B_SPLINE_CURVE_WITH_KNOTS('',2,(#10301,#10302,#10303),
  .UNSPECIFIED.,.F.,.F.,(3,3),(0.,1.),.PIECEWISE_BEZIER_KNOTS.);
#10301 = CARTESIAN_POINT('',(6.633042279412,-11.25,20.803768382353));
#10302 = CARTESIAN_POINT('',(7.15847120098,-11.25,21.302389705882));
#10303 = CARTESIAN_POINT('',(7.948223039216,-11.25,21.567784926471));
#10304 = ORIENTED_EDGE('',*,*,#10265,.F.);
#10305 = ORIENTED_EDGE('',*,*,#5127,.F.);
#10306 = SURFACE_OF_LINEAR_EXTRUSION('',#10307,#10311);
#10307 = B_SPLINE_CURVE_WITH_KNOTS('',2,(#10308,#10309,#10310),
  .UNSPECIFIED.,.F.,.F.,(3,3),(0.,1.),.PIECEWISE_BEZIER_KNOTS.);
#10308 = CARTESIAN_POINT('',(6.633042279412,-11.5,20.803768382353));
#10309 = CARTESIAN_POINT('',(7.15847120098,-11.5,21.302389705882));
#10310 = CARTESIAN_POINT('',(7.948223039216,-11.5,21.567784926471));
#10311 = VECTOR('',#10312,1.);
#10312 = DIRECTION('',(0.,-1.,2.2E-16));
#10313 = ADVANCED_FACE('',(#10314),#10332,.T.);
#10314 = FACE_BOUND('',#10315,.T.);
#10315 = EDGE_LOOP('',(#10316,#10324,#10330,#10331));
#10316 = ORIENTED_EDGE('',*,*,#10317,.T.);
#10317 = EDGE_CURVE('',#5112,#10318,#10320,.T.);
#10318 = VERTEX_POINT('',#10319);
#10319 = CARTESIAN_POINT('',(5.842754289216,-11.25,19.589384191176));
#10320 = LINE('',#10321,#10322);
#10321 = CARTESIAN_POINT('',(5.842754289216,-11.5,19.589384191176));
#10322 = VECTOR('',#10323,1.);
#10323 = DIRECTION('',(0.,1.,-2.2E-16));
#10324 = ORIENTED_EDGE('',*,*,#10325,.T.);
#10325 = EDGE_CURVE('',#10318,#10292,#10326,.T.);
#10326 = B_SPLINE_CURVE_WITH_KNOTS('',2,(#10327,#10328,#10329),
  .UNSPECIFIED.,.F.,.F.,(3,3),(0.,1.),.PIECEWISE_BEZIER_KNOTS.);
#10327 = CARTESIAN_POINT('',(5.842754289216,-11.25,19.589384191176));
#10328 = CARTESIAN_POINT('',(6.107613357843,-11.25,20.305147058824));
#10329 = CARTESIAN_POINT('',(6.633042279412,-11.25,20.803768382353));
#10330 = ORIENTED_EDGE('',*,*,#10291,.F.);
#10331 = ORIENTED_EDGE('',*,*,#5119,.F.);
#10332 = SURFACE_OF_LINEAR_EXTRUSION('',#10333,#10337);
#10333 = B_SPLINE_CURVE_WITH_KNOTS('',2,(#10334,#10335,#10336),
  .UNSPECIFIED.,.F.,.F.,(3,3),(0.,1.),.PIECEWISE_BEZIER_KNOTS.);
#10334 = CARTESIAN_POINT('',(5.842754289216,-11.5,19.589384191176));
#10335 = CARTESIAN_POINT('',(6.107613357843,-11.5,20.305147058824));
#10336 = CARTESIAN_POINT('',(6.633042279412,-11.5,20.803768382353));
#10337 = VECTOR('',#10338,1.);
#10338 = DIRECTION('',(0.,-1.,2.2E-16));
#10339 = ADVANCED_FACE('',(#10340),#10358,.T.);
#10340 = FACE_BOUND('',#10341,.T.);
#10341 = EDGE_LOOP('',(#10342,#10350,#10356,#10357));
#10342 = ORIENTED_EDGE('',*,*,#10343,.T.);
#10343 = EDGE_CURVE('',#5104,#10344,#10346,.T.);
#10344 = VERTEX_POINT('',#10345);
#10345 = CARTESIAN_POINT('',(5.578431372549,-11.25,17.96484375));
#10346 = LINE('',#10347,#10348);
#10347 = CARTESIAN_POINT('',(5.578431372549,-11.5,17.96484375));
#10348 = VECTOR('',#10349,1.);
#10349 = DIRECTION('',(0.,1.,-2.2E-16));
#10350 = ORIENTED_EDGE('',*,*,#10351,.T.);
#10351 = EDGE_CURVE('',#10344,#10318,#10352,.T.);
#10352 = B_SPLINE_CURVE_WITH_KNOTS('',2,(#10353,#10354,#10355),
  .UNSPECIFIED.,.F.,.F.,(3,3),(0.,1.),.PIECEWISE_BEZIER_KNOTS.);
#10353 = CARTESIAN_POINT('',(5.578431372549,-11.25,17.96484375));
#10354 = CARTESIAN_POINT('',(5.578431372549,-11.25,18.873621323529));
#10355 = CARTESIAN_POINT('',(5.842754289216,-11.25,19.589384191176));
#10356 = ORIENTED_EDGE('',*,*,#10317,.F.);
#10357 = ORIENTED_EDGE('',*,*,#5111,.F.);
#10358 = SURFACE_OF_LINEAR_EXTRUSION('',#10359,#10363);
#10359 = B_SPLINE_CURVE_WITH_KNOTS('',2,(#10360,#10361,#10362),
  .UNSPECIFIED.,.F.,.F.,(3,3),(0.,1.),.PIECEWISE_BEZIER_KNOTS.);
#10360 = CARTESIAN_POINT('',(5.578431372549,-11.5,17.96484375));
#10361 = CARTESIAN_POINT('',(5.578431372549,-11.5,18.873621323529));
#10362 = CARTESIAN_POINT('',(5.842754289216,-11.5,19.589384191176));
#10363 = VECTOR('',#10364,1.);
#10364 = DIRECTION('',(0.,-1.,2.2E-16));
#10365 = ADVANCED_FACE('',(#10366),#10384,.T.);
#10366 = FACE_BOUND('',#10367,.T.);
#10367 = EDGE_LOOP('',(#10368,#10376,#10382,#10383));
#10368 = ORIENTED_EDGE('',*,*,#10369,.T.);
#10369 = EDGE_CURVE('',#5096,#10370,#10372,.T.);
#10370 = VERTEX_POINT('',#10371);
#10371 = CARTESIAN_POINT('',(5.891007965686,-11.25,16.259880514706));
#10372 = LINE('',#10373,#10374);
#10373 = CARTESIAN_POINT('',(5.891007965686,-11.5,16.259880514706));
#10374 = VECTOR('',#10375,1.);
#10375 = DIRECTION('',(0.,1.,-2.2E-16));
#10376 = ORIENTED_EDGE('',*,*,#10377,.T.);
#10377 = EDGE_CURVE('',#10370,#10344,#10378,.T.);
#10378 = B_SPLINE_CURVE_WITH_KNOTS('',2,(#10379,#10380,#10381),
  .UNSPECIFIED.,.F.,.F.,(3,3),(0.,1.),.PIECEWISE_BEZIER_KNOTS.);
#10379 = CARTESIAN_POINT('',(5.891007965686,-11.25,16.259880514706));
#10380 = CARTESIAN_POINT('',(5.578431372549,-11.25,17.0078125));
#10381 = CARTESIAN_POINT('',(5.578431372549,-11.25,17.96484375));
#10382 = ORIENTED_EDGE('',*,*,#10343,.F.);
#10383 = ORIENTED_EDGE('',*,*,#5103,.F.);
#10384 = SURFACE_OF_LINEAR_EXTRUSION('',#10385,#10389);
#10385 = B_SPLINE_CURVE_WITH_KNOTS('',2,(#10386,#10387,#10388),
  .UNSPECIFIED.,.F.,.F.,(3,3),(0.,1.),.PIECEWISE_BEZIER_KNOTS.);
#10386 = CARTESIAN_POINT('',(5.891007965686,-11.5,16.259880514706));
#10387 = CARTESIAN_POINT('',(5.578431372549,-11.5,17.0078125));
#10388 = CARTESIAN_POINT('',(5.578431372549,-11.5,17.96484375));
#10389 = VECTOR('',#10390,1.);
#10390 = DIRECTION('',(0.,-1.,2.2E-16));
#10391 = ADVANCED_FACE('',(#10392),#10410,.T.);
#10392 = FACE_BOUND('',#10393,.T.);
#10393 = EDGE_LOOP('',(#10394,#10402,#10408,#10409));
#10394 = ORIENTED_EDGE('',*,*,#10395,.T.);
#10395 = EDGE_CURVE('',#5088,#10396,#10398,.T.);
#10396 = VERTEX_POINT('',#10397);
#10397 = CARTESIAN_POINT('',(6.773514093137,-11.25,14.997242647059));
#10398 = LINE('',#10399,#10400);
#10399 = CARTESIAN_POINT('',(6.773514093137,-11.5,14.997242647059));
#10400 = VECTOR('',#10401,1.);
#10401 = DIRECTION('',(0.,1.,-2.2E-16));
#10402 = ORIENTED_EDGE('',*,*,#10403,.T.);
#10403 = EDGE_CURVE('',#10396,#10370,#10404,.T.);
#10404 = B_SPLINE_CURVE_WITH_KNOTS('',2,(#10405,#10406,#10407),
  .UNSPECIFIED.,.F.,.F.,(3,3),(0.,1.),.PIECEWISE_BEZIER_KNOTS.);
#10405 = CARTESIAN_POINT('',(6.773514093137,-11.25,14.997242647059));
#10406 = CARTESIAN_POINT('',(6.204120710784,-11.25,15.511948529412));
#10407 = CARTESIAN_POINT('',(5.891007965686,-11.25,16.259880514706));
#10408 = ORIENTED_EDGE('',*,*,#10369,.F.);
#10409 = ORIENTED_EDGE('',*,*,#5095,.F.);
#10410 = SURFACE_OF_LINEAR_EXTRUSION('',#10411,#10415);
#10411 = B_SPLINE_CURVE_WITH_KNOTS('',2,(#10412,#10413,#10414),
  .UNSPECIFIED.,.F.,.F.,(3,3),(0.,1.),.PIECEWISE_BEZIER_KNOTS.);
#10412 = CARTESIAN_POINT('',(6.773514093137,-11.5,14.997242647059));
#10413 = CARTESIAN_POINT('',(6.204120710784,-11.5,15.511948529412));
#10414 = CARTESIAN_POINT('',(5.891007965686,-11.5,16.259880514706));
#10415 = VECTOR('',#10416,1.);
#10416 = DIRECTION('',(0.,-1.,2.2E-16));
#10417 = ADVANCED_FACE('',(#10418),#10436,.T.);
#10418 = FACE_BOUND('',#10419,.T.);
#10419 = EDGE_LOOP('',(#10420,#10428,#10434,#10435));
#10420 = ORIENTED_EDGE('',*,*,#10421,.T.);
#10421 = EDGE_CURVE('',#5080,#10422,#10424,.T.);
#10422 = VERTEX_POINT('',#10423);
#10423 = CARTESIAN_POINT('',(8.140701593137,-11.25,14.209099264706));
#10424 = LINE('',#10425,#10426);
#10425 = CARTESIAN_POINT('',(8.140701593137,-11.5,14.209099264706));
#10426 = VECTOR('',#10427,1.);
#10427 = DIRECTION('',(0.,1.,-2.2E-16));
#10428 = ORIENTED_EDGE('',*,*,#10429,.T.);
#10429 = EDGE_CURVE('',#10422,#10396,#10430,.T.);
#10430 = B_SPLINE_CURVE_WITH_KNOTS('',2,(#10431,#10432,#10433),
  .UNSPECIFIED.,.F.,.F.,(3,3),(0.,1.),.PIECEWISE_BEZIER_KNOTS.);
#10431 = CARTESIAN_POINT('',(8.140701593137,-11.25,14.209099264706));
#10432 = CARTESIAN_POINT('',(7.34290747549,-11.25,14.482536764706));
#10433 = CARTESIAN_POINT('',(6.773514093137,-11.25,14.997242647059));
#10434 = ORIENTED_EDGE('',*,*,#10395,.F.);
#10435 = ORIENTED_EDGE('',*,*,#5087,.F.);
#10436 = SURFACE_OF_LINEAR_EXTRUSION('',#10437,#10441);
#10437 = B_SPLINE_CURVE_WITH_KNOTS('',2,(#10438,#10439,#10440),
  .UNSPECIFIED.,.F.,.F.,(3,3),(0.,1.),.PIECEWISE_BEZIER_KNOTS.);
#10438 = CARTESIAN_POINT('',(8.140701593137,-11.5,14.209099264706));
#10439 = CARTESIAN_POINT('',(7.34290747549,-11.5,14.482536764706));
#10440 = CARTESIAN_POINT('',(6.773514093137,-11.5,14.997242647059));
#10441 = VECTOR('',#10442,1.);
#10442 = DIRECTION('',(0.,-1.,2.2E-16));
#10443 = ADVANCED_FACE('',(#10444),#10455,.T.);
#10444 = FACE_BOUND('',#10445,.T.);
#10445 = EDGE_LOOP('',(#10446,#10447,#10453,#10454));
#10446 = ORIENTED_EDGE('',*,*,#10066,.T.);
#10447 = ORIENTED_EDGE('',*,*,#10448,.T.);
#10448 = EDGE_CURVE('',#10059,#10422,#10449,.T.);
#10449 = B_SPLINE_CURVE_WITH_KNOTS('',2,(#10450,#10451,#10452),
  .UNSPECIFIED.,.F.,.F.,(3,3),(0.,1.),.PIECEWISE_BEZIER_KNOTS.);
#10450 = CARTESIAN_POINT('',(9.901424632353,-11.25,13.935661764706));
#10451 = CARTESIAN_POINT('',(8.939031862745,-11.25,13.935661764706));
#10452 = CARTESIAN_POINT('',(8.140701593137,-11.25,14.209099264706));
#10453 = ORIENTED_EDGE('',*,*,#10421,.F.);
#10454 = ORIENTED_EDGE('',*,*,#5079,.F.);
#10455 = SURFACE_OF_LINEAR_EXTRUSION('',#10456,#10460);
#10456 = B_SPLINE_CURVE_WITH_KNOTS('',2,(#10457,#10458,#10459),
  .UNSPECIFIED.,.F.,.F.,(3,3),(0.,1.),.PIECEWISE_BEZIER_KNOTS.);
#10457 = CARTESIAN_POINT('',(9.901424632353,-11.5,13.935661764706));
#10458 = CARTESIAN_POINT('',(8.939031862745,-11.5,13.935661764706));
#10459 = CARTESIAN_POINT('',(8.140701593137,-11.5,14.209099264706));
#10460 = VECTOR('',#10461,1.);
#10461 = DIRECTION('',(0.,-1.,2.2E-16));
#10462 = ADVANCED_FACE('',(#10463),#10488,.T.);
#10463 = FACE_BOUND('',#10464,.T.);
#10464 = EDGE_LOOP('',(#10465,#10473,#10481,#10487));
#10465 = ORIENTED_EDGE('',*,*,#10466,.T.);
#10466 = EDGE_CURVE('',#5200,#10467,#10469,.T.);
#10467 = VERTEX_POINT('',#10468);
#10468 = CARTESIAN_POINT('',(5.75,-11.25,4.5390625));
#10469 = LINE('',#10470,#10471);
#10470 = CARTESIAN_POINT('',(5.75,-11.5,4.5390625));
#10471 = VECTOR('',#10472,1.);
#10472 = DIRECTION('',(0.,1.,-2.2E-16));
#10473 = ORIENTED_EDGE('',*,*,#10474,.T.);
#10474 = EDGE_CURVE('',#10467,#10475,#10477,.T.);
#10475 = VERTEX_POINT('',#10476);
#10476 = CARTESIAN_POINT('',(5.75,-11.25,6.975873161765));
#10477 = LINE('',#10478,#10479);
#10478 = CARTESIAN_POINT('',(5.75,-11.25,4.5390625));
#10479 = VECTOR('',#10480,1.);
#10480 = DIRECTION('',(0.,0.,1.));
#10481 = ORIENTED_EDGE('',*,*,#10482,.F.);
#10482 = EDGE_CURVE('',#5202,#10475,#10483,.T.);
#10483 = LINE('',#10484,#10485);
#10484 = CARTESIAN_POINT('',(5.75,-11.5,6.975873161765));
#10485 = VECTOR('',#10486,1.);
#10486 = DIRECTION('',(0.,1.,-2.2E-16));
#10487 = ORIENTED_EDGE('',*,*,#5199,.F.);
#10488 = PLANE('',#10489);
#10489 = AXIS2_PLACEMENT_3D('',#10490,#10491,#10492);
#10490 = CARTESIAN_POINT('',(5.75,-11.5,4.5390625));
#10491 = DIRECTION('',(1.,0.,-2.2E-16));
#10492 = DIRECTION('',(2.2E-16,2.2E-16,1.));
#10493 = ADVANCED_FACE('',(#10494),#10512,.T.);
#10494 = FACE_BOUND('',#10495,.T.);
#10495 = EDGE_LOOP('',(#10496,#10504,#10510,#10511));
#10496 = ORIENTED_EDGE('',*,*,#10497,.T.);
#10497 = EDGE_CURVE('',#5282,#10498,#10500,.T.);
#10498 = VERTEX_POINT('',#10499);
#10499 = CARTESIAN_POINT('',(9.881587009804,-11.25,7.506663602941));
#10500 = LINE('',#10501,#10502);
#10501 = CARTESIAN_POINT('',(9.881587009804,-11.5,7.506663602941));
#10502 = VECTOR('',#10503,1.);
#10503 = DIRECTION('',(0.,1.,-2.2E-16));
#10504 = ORIENTED_EDGE('',*,*,#10505,.T.);
#10505 = EDGE_CURVE('',#10498,#10467,#10506,.T.);
#10506 = LINE('',#10507,#10508);
#10507 = CARTESIAN_POINT('',(9.881587009804,-11.25,7.506663602941));
#10508 = VECTOR('',#10509,1.);
#10509 = DIRECTION('',(-0.812199523477,0.,-0.583379751161));
#10510 = ORIENTED_EDGE('',*,*,#10466,.F.);
#10511 = ORIENTED_EDGE('',*,*,#5289,.F.);
#10512 = PLANE('',#10513);
#10513 = AXIS2_PLACEMENT_3D('',#10514,#10515,#10516);
#10514 = CARTESIAN_POINT('',(9.881587009804,-11.5,7.506663602941));
#10515 = DIRECTION('',(-0.583379751161,1.8E-16,0.812199523477));
#10516 = DIRECTION('',(-0.812199523477,-1.3E-16,-0.583379751161));
#10517 = ADVANCED_FACE('',(#10518),#10536,.T.);
#10518 = FACE_BOUND('',#10519,.T.);
#10519 = EDGE_LOOP('',(#10520,#10528,#10534,#10535));
#10520 = ORIENTED_EDGE('',*,*,#10521,.T.);
#10521 = EDGE_CURVE('',#5274,#10522,#10524,.T.);
#10522 = VERTEX_POINT('',#10523);
#10523 = CARTESIAN_POINT('',(13.916666666667,-11.25,4.691865808824));
#10524 = LINE('',#10525,#10526);
#10525 = CARTESIAN_POINT('',(13.916666666667,-11.5,4.691865808824));
#10526 = VECTOR('',#10527,1.);
#10527 = DIRECTION('',(0.,1.,-2.2E-16));
#10528 = ORIENTED_EDGE('',*,*,#10529,.T.);
#10529 = EDGE_CURVE('',#10522,#10498,#10530,.T.);
#10530 = LINE('',#10531,#10532);
#10531 = CARTESIAN_POINT('',(13.916666666667,-11.25,4.691865808824));
#10532 = VECTOR('',#10533,1.);
#10533 = DIRECTION('',(-0.820162630956,-0.,0.572130456088));
#10534 = ORIENTED_EDGE('',*,*,#10497,.F.);
#10535 = ORIENTED_EDGE('',*,*,#5281,.F.);
#10536 = PLANE('',#10537);
#10537 = AXIS2_PLACEMENT_3D('',#10538,#10539,#10540);
#10538 = CARTESIAN_POINT('',(13.916666666667,-11.5,4.691865808824));
#10539 = DIRECTION('',(0.572130456088,1.8E-16,0.820162630956));
#10540 = DIRECTION('',(-0.820162630956,1.3E-16,0.572130456088));
#10541 = ADVANCED_FACE('',(#10542),#10560,.T.);
#10542 = FACE_BOUND('',#10543,.T.);
#10543 = EDGE_LOOP('',(#10544,#10552,#10558,#10559));
#10544 = ORIENTED_EDGE('',*,*,#10545,.T.);
#10545 = EDGE_CURVE('',#5266,#10546,#10548,.T.);
#10546 = VERTEX_POINT('',#10547);
#10547 = CARTESIAN_POINT('',(13.916666666667,-11.25,6.895450367647));
#10548 = LINE('',#10549,#10550);
#10549 = CARTESIAN_POINT('',(13.916666666667,-11.5,6.895450367647));
#10550 = VECTOR('',#10551,1.);
#10551 = DIRECTION('',(0.,1.,-2.2E-16));
#10552 = ORIENTED_EDGE('',*,*,#10553,.T.);
#10553 = EDGE_CURVE('',#10546,#10522,#10554,.T.);
#10554 = LINE('',#10555,#10556);
#10555 = CARTESIAN_POINT('',(13.916666666667,-11.25,6.895450367647));
#10556 = VECTOR('',#10557,1.);
#10557 = DIRECTION('',(0.,0.,-1.));
#10558 = ORIENTED_EDGE('',*,*,#10521,.F.);
#10559 = ORIENTED_EDGE('',*,*,#5273,.F.);
#10560 = PLANE('',#10561);
#10561 = AXIS2_PLACEMENT_3D('',#10562,#10563,#10564);
#10562 = CARTESIAN_POINT('',(13.916666666667,-11.5,6.895450367647));
#10563 = DIRECTION('',(-1.,0.,2.2E-16));
#10564 = DIRECTION('',(-2.2E-16,-2.2E-16,-1.));
#10565 = ADVANCED_FACE('',(#10566),#10584,.T.);
#10566 = FACE_BOUND('',#10567,.T.);
#10567 = EDGE_LOOP('',(#10568,#10576,#10582,#10583));
#10568 = ORIENTED_EDGE('',*,*,#10569,.T.);
#10569 = EDGE_CURVE('',#5258,#10570,#10572,.T.);
#10570 = VERTEX_POINT('',#10571);
#10571 = CARTESIAN_POINT('',(11.223575367647,-11.25,8.704963235294));
#10572 = LINE('',#10573,#10574);
#10573 = CARTESIAN_POINT('',(11.223575367647,-11.5,8.704963235294));
#10574 = VECTOR('',#10575,1.);
#10575 = DIRECTION('',(0.,1.,-2.2E-16));
#10576 = ORIENTED_EDGE('',*,*,#10577,.T.);
#10577 = EDGE_CURVE('',#10570,#10546,#10578,.T.);
#10578 = LINE('',#10579,#10580);
#10579 = CARTESIAN_POINT('',(11.223575367647,-11.25,8.704963235294));
#10580 = VECTOR('',#10581,1.);
#10581 = DIRECTION('',(0.830036452049,0.,-0.557709143075));
#10582 = ORIENTED_EDGE('',*,*,#10545,.F.);
#10583 = ORIENTED_EDGE('',*,*,#5265,.F.);
#10584 = PLANE('',#10585);
#10585 = AXIS2_PLACEMENT_3D('',#10586,#10587,#10588);
#10586 = CARTESIAN_POINT('',(11.223575367647,-11.5,8.704963235294));
#10587 = DIRECTION('',(-0.557709143075,-1.8E-16,-0.830036452049));
#10588 = DIRECTION('',(0.830036452049,-1.2E-16,-0.557709143075));
#10589 = ADVANCED_FACE('',(#10590),#10608,.T.);
#10590 = FACE_BOUND('',#10591,.T.);
#10591 = EDGE_LOOP('',(#10592,#10600,#10606,#10607));
#10592 = ORIENTED_EDGE('',*,*,#10593,.T.);
#10593 = EDGE_CURVE('',#5250,#10594,#10596,.T.);
#10594 = VERTEX_POINT('',#10595);
#10595 = CARTESIAN_POINT('',(13.916666666667,-11.25,10.538602941176));
#10596 = LINE('',#10597,#10598);
#10597 = CARTESIAN_POINT('',(13.916666666667,-11.5,10.538602941176));
#10598 = VECTOR('',#10599,1.);
#10599 = DIRECTION('',(0.,1.,-2.2E-16));
#10600 = ORIENTED_EDGE('',*,*,#10601,.T.);
#10601 = EDGE_CURVE('',#10594,#10570,#10602,.T.);
#10602 = LINE('',#10603,#10604);
#10603 = CARTESIAN_POINT('',(13.916666666667,-11.25,10.538602941176));
#10604 = VECTOR('',#10605,1.);
#10605 = DIRECTION('',(-0.82659273226,0.,-0.562800546353));
#10606 = ORIENTED_EDGE('',*,*,#10569,.F.);
#10607 = ORIENTED_EDGE('',*,*,#5257,.F.);
#10608 = PLANE('',#10609);
#10609 = AXIS2_PLACEMENT_3D('',#10610,#10611,#10612);
#10610 = CARTESIAN_POINT('',(13.916666666667,-11.5,10.538602941176));
#10611 = DIRECTION('',(-0.562800546353,1.8E-16,0.82659273226));
#10612 = DIRECTION('',(-0.82659273226,-1.2E-16,-0.562800546353));
#10613 = ADVANCED_FACE('',(#10614),#10632,.T.);
#10614 = FACE_BOUND('',#10615,.T.);
#10615 = EDGE_LOOP('',(#10616,#10624,#10630,#10631));
#10616 = ORIENTED_EDGE('',*,*,#10617,.T.);
#10617 = EDGE_CURVE('',#5242,#10618,#10620,.T.);
#10618 = VERTEX_POINT('',#10619);
#10619 = CARTESIAN_POINT('',(13.916666666667,-11.25,12.927159926471));
#10620 = LINE('',#10621,#10622);
#10621 = CARTESIAN_POINT('',(13.916666666667,-11.5,12.927159926471));
#10622 = VECTOR('',#10623,1.);
#10623 = DIRECTION('',(0.,1.,-2.2E-16));
#10624 = ORIENTED_EDGE('',*,*,#10625,.T.);
#10625 = EDGE_CURVE('',#10618,#10594,#10626,.T.);
#10626 = LINE('',#10627,#10628);
#10627 = CARTESIAN_POINT('',(13.916666666667,-11.25,12.927159926471));
#10628 = VECTOR('',#10629,1.);
#10629 = DIRECTION('',(0.,0.,-1.));
#10630 = ORIENTED_EDGE('',*,*,#10593,.F.);
#10631 = ORIENTED_EDGE('',*,*,#5249,.F.);
#10632 = PLANE('',#10633);
#10633 = AXIS2_PLACEMENT_3D('',#10634,#10635,#10636);
#10634 = CARTESIAN_POINT('',(13.916666666667,-11.5,12.927159926471));
#10635 = DIRECTION('',(-1.,0.,2.2E-16));
#10636 = DIRECTION('',(-2.2E-16,-2.2E-16,-1.));
#10637 = ADVANCED_FACE('',(#10638),#10656,.T.);
#10638 = FACE_BOUND('',#10639,.T.);
#10639 = EDGE_LOOP('',(#10640,#10648,#10654,#10655));
#10640 = ORIENTED_EDGE('',*,*,#10641,.T.);
#10641 = EDGE_CURVE('',#5234,#10642,#10644,.T.);
#10642 = VERTEX_POINT('',#10643);
#10643 = CARTESIAN_POINT('',(9.86550245098,-11.25,10.023897058824));
#10644 = LINE('',#10645,#10646);
#10645 = CARTESIAN_POINT('',(9.86550245098,-11.5,10.023897058824));
#10646 = VECTOR('',#10647,1.);
#10647 = DIRECTION('',(0.,1.,-2.2E-16));
#10648 = ORIENTED_EDGE('',*,*,#10649,.T.);
#10649 = EDGE_CURVE('',#10642,#10618,#10650,.T.);
#10650 = LINE('',#10651,#10652);
#10651 = CARTESIAN_POINT('',(9.86550245098,-11.25,10.023897058824));
#10652 = VECTOR('',#10653,1.);
#10653 = DIRECTION('',(0.812823918713,0.,0.582509465303));
#10654 = ORIENTED_EDGE('',*,*,#10617,.F.);
#10655 = ORIENTED_EDGE('',*,*,#5241,.F.);
#10656 = PLANE('',#10657);
#10657 = AXIS2_PLACEMENT_3D('',#10658,#10659,#10660);
#10658 = CARTESIAN_POINT('',(9.86550245098,-11.5,10.023897058824));
#10659 = DIRECTION('',(0.582509465303,-1.8E-16,-0.812823918713));
#10660 = DIRECTION('',(0.812823918713,1.3E-16,0.582509465303));
#10661 = ADVANCED_FACE('',(#10662),#10680,.T.);
#10662 = FACE_BOUND('',#10663,.T.);
#10663 = EDGE_LOOP('',(#10664,#10672,#10678,#10679));
#10664 = ORIENTED_EDGE('',*,*,#10665,.T.);
#10665 = EDGE_CURVE('',#5226,#10666,#10668,.T.);
#10666 = VERTEX_POINT('',#10667);
#10667 = CARTESIAN_POINT('',(5.75,-11.25,13.088005514706));
#10668 = LINE('',#10669,#10670);
#10669 = CARTESIAN_POINT('',(5.75,-11.5,13.088005514706));
#10670 = VECTOR('',#10671,1.);
#10671 = DIRECTION('',(0.,1.,-2.2E-16));
#10672 = ORIENTED_EDGE('',*,*,#10673,.T.);
#10673 = EDGE_CURVE('',#10666,#10642,#10674,.T.);
#10674 = LINE('',#10675,#10676);
#10675 = CARTESIAN_POINT('',(5.75,-11.25,13.088005514706));
#10676 = VECTOR('',#10677,1.);
#10677 = DIRECTION('',(0.802101683184,0.,-0.597187482985));
#10678 = ORIENTED_EDGE('',*,*,#10641,.F.);
#10679 = ORIENTED_EDGE('',*,*,#5233,.F.);
#10680 = PLANE('',#10681);
#10681 = AXIS2_PLACEMENT_3D('',#10682,#10683,#10684);
#10682 = CARTESIAN_POINT('',(5.75,-11.5,13.088005514706));
#10683 = DIRECTION('',(-0.597187482985,-1.8E-16,-0.802101683184));
#10684 = DIRECTION('',(0.802101683184,-1.3E-16,-0.597187482985));
#10685 = ADVANCED_FACE('',(#10686),#10704,.T.);
#10686 = FACE_BOUND('',#10687,.T.);
#10687 = EDGE_LOOP('',(#10688,#10696,#10702,#10703));
#10688 = ORIENTED_EDGE('',*,*,#10689,.T.);
#10689 = EDGE_CURVE('',#5218,#10690,#10692,.T.);
#10690 = VERTEX_POINT('',#10691);
#10691 = CARTESIAN_POINT('',(5.75,-11.25,10.715533088235));
#10692 = LINE('',#10693,#10694);
#10693 = CARTESIAN_POINT('',(5.75,-11.5,10.715533088235));
#10694 = VECTOR('',#10695,1.);
#10695 = DIRECTION('',(0.,1.,-2.2E-16));
#10696 = ORIENTED_EDGE('',*,*,#10697,.T.);
#10697 = EDGE_CURVE('',#10690,#10666,#10698,.T.);
#10698 = LINE('',#10699,#10700);
#10699 = CARTESIAN_POINT('',(5.75,-11.25,10.715533088235));
#10700 = VECTOR('',#10701,1.);
#10701 = DIRECTION('',(0.,0.,1.));
#10702 = ORIENTED_EDGE('',*,*,#10665,.F.);
#10703 = ORIENTED_EDGE('',*,*,#5225,.F.);
#10704 = PLANE('',#10705);
#10705 = AXIS2_PLACEMENT_3D('',#10706,#10707,#10708);
#10706 = CARTESIAN_POINT('',(5.75,-11.5,10.715533088235));
#10707 = DIRECTION('',(1.,0.,-2.2E-16));
#10708 = DIRECTION('',(2.2E-16,2.2E-16,1.));
#10709 = ADVANCED_FACE('',(#10710),#10728,.T.);
#10710 = FACE_BOUND('',#10711,.T.);
#10711 = EDGE_LOOP('',(#10712,#10720,#10726,#10727));
#10712 = ORIENTED_EDGE('',*,*,#10713,.T.);
#10713 = EDGE_CURVE('',#5210,#10714,#10716,.T.);
#10714 = VERTEX_POINT('',#10715);
#10715 = CARTESIAN_POINT('',(8.516007965686,-11.25,8.841681985294));
#10716 = LINE('',#10717,#10718);
#10717 = CARTESIAN_POINT('',(8.516007965686,-11.5,8.841681985294));
#10718 = VECTOR('',#10719,1.);
#10719 = DIRECTION('',(0.,1.,-2.2E-16));
#10720 = ORIENTED_EDGE('',*,*,#10721,.T.);
#10721 = EDGE_CURVE('',#10714,#10690,#10722,.T.);
#10722 = LINE('',#10723,#10724);
#10723 = CARTESIAN_POINT('',(8.516007965686,-11.25,8.841681985294));
#10724 = VECTOR('',#10725,1.);
#10725 = DIRECTION('',(-0.827904267828,-0.,0.560869435173));
#10726 = ORIENTED_EDGE('',*,*,#10689,.F.);
#10727 = ORIENTED_EDGE('',*,*,#5217,.F.);
#10728 = PLANE('',#10729);
#10729 = AXIS2_PLACEMENT_3D('',#10730,#10731,#10732);
#10730 = CARTESIAN_POINT('',(8.516007965686,-11.5,8.841681985294));
#10731 = DIRECTION('',(0.560869435173,1.8E-16,0.827904267828));
#10732 = DIRECTION('',(-0.827904267828,1.2E-16,0.560869435173));
#10733 = ADVANCED_FACE('',(#10734),#10745,.T.);
#10734 = FACE_BOUND('',#10735,.T.);
#10735 = EDGE_LOOP('',(#10736,#10737,#10743,#10744));
#10736 = ORIENTED_EDGE('',*,*,#10482,.T.);
#10737 = ORIENTED_EDGE('',*,*,#10738,.T.);
#10738 = EDGE_CURVE('',#10475,#10714,#10739,.T.);
#10739 = LINE('',#10740,#10741);
#10740 = CARTESIAN_POINT('',(5.75,-11.25,6.975873161765));
#10741 = VECTOR('',#10742,1.);
#10742 = DIRECTION('',(0.829021886109,0.,0.55921615888));
#10743 = ORIENTED_EDGE('',*,*,#10713,.F.);
#10744 = ORIENTED_EDGE('',*,*,#5209,.F.);
#10745 = PLANE('',#10746);
#10746 = AXIS2_PLACEMENT_3D('',#10747,#10748,#10749);
#10747 = CARTESIAN_POINT('',(5.75,-11.5,6.975873161765));
#10748 = DIRECTION('',(0.55921615888,-1.8E-16,-0.829021886109));
#10749 = DIRECTION('',(0.829021886109,1.2E-16,0.55921615888));
#10750 = ADVANCED_FACE('',(#10751),#10787,.F.);
#10751 = FACE_BOUND('',#10752,.F.);
#10752 = EDGE_LOOP('',(#10753,#10763,#10772,#10778,#10779,#10780));
#10753 = ORIENTED_EDGE('',*,*,#10754,.F.);
#10754 = EDGE_CURVE('',#10755,#10757,#10759,.T.);
#10755 = VERTEX_POINT('',#10756);
#10756 = CARTESIAN_POINT('',(-0.8,9.064766957843,0.));
#10757 = VERTEX_POINT('',#10758);
#10758 = CARTESIAN_POINT('',(-0.8,10.469479452198,0.));
#10759 = LINE('',#10760,#10761);
#10760 = CARTESIAN_POINT('',(-0.8,-15.,0.));
#10761 = VECTOR('',#10762,1.);
#10762 = DIRECTION('',(0.,1.,0.));
#10763 = ORIENTED_EDGE('',*,*,#10764,.T.);
#10764 = EDGE_CURVE('',#10755,#10765,#10767,.T.);
#10765 = VERTEX_POINT('',#10766);
#10766 = CARTESIAN_POINT('',(-0.8,8.060397012555,1.));
#10767 = HYPERBOLA('',#10768,0.8,0.8);
#10768 = AXIS2_PLACEMENT_3D('',#10769,#10770,#10771);
#10769 = CARTESIAN_POINT('',(-0.8,0.,9.1));
#10770 = DIRECTION('',(-1.,0.,0.));
#10771 = DIRECTION('',(0.,0.,-1.));
#10772 = ORIENTED_EDGE('',*,*,#10773,.F.);
#10773 = EDGE_CURVE('',#5458,#10765,#10774,.T.);
#10774 = LINE('',#10775,#10776);
#10775 = CARTESIAN_POINT('',(-0.8,8.060397012555,0.));
#10776 = VECTOR('',#10777,1.);
#10777 = DIRECTION('',(0.,0.,-1.));
#10778 = ORIENTED_EDGE('',*,*,#5457,.T.);
#10779 = ORIENTED_EDGE('',*,*,#5303,.T.);
#10780 = ORIENTED_EDGE('',*,*,#10781,.T.);
#10781 = EDGE_CURVE('',#5306,#10757,#10782,.T.);
#10782 = HYPERBOLA('',#10783,0.8,0.8);
#10783 = AXIS2_PLACEMENT_3D('',#10784,#10785,#10786);
#10784 = CARTESIAN_POINT('',(-0.8,0.,-10.5));
#10785 = DIRECTION('',(1.,0.,-0.));
#10786 = DIRECTION('',(0.,0.,1.));
#10787 = PLANE('',#10788);
#10788 = AXIS2_PLACEMENT_3D('',#10789,#10790,#10791);
#10789 = CARTESIAN_POINT('',(-0.8,-15.,0.));
#10790 = DIRECTION('',(-1.,0.,0.));
#10791 = DIRECTION('',(0.,1.,0.));
#10792 = ADVANCED_FACE('',(#10793),#10813,.T.);
#10793 = FACE_BOUND('',#10794,.F.);
#10794 = EDGE_LOOP('',(#10795,#10796,#10797,#10806));
#10795 = ORIENTED_EDGE('',*,*,#10781,.F.);
#10796 = ORIENTED_EDGE('',*,*,#5340,.T.);
#10797 = ORIENTED_EDGE('',*,*,#10798,.T.);
#10798 = EDGE_CURVE('',#5333,#10799,#10801,.T.);
#10799 = VERTEX_POINT('',#10800);
#10800 = CARTESIAN_POINT('',(-0.8,-10.46947945219,0.));
#10801 = HYPERBOLA('',#10802,0.8,0.8);
#10802 = AXIS2_PLACEMENT_3D('',#10803,#10804,#10805);
#10803 = CARTESIAN_POINT('',(-0.8,0.,-10.5));
#10804 = DIRECTION('',(-1.,0.,0.));
#10805 = DIRECTION('',(0.,0.,1.));
#10806 = ORIENTED_EDGE('',*,*,#10807,.F.);
#10807 = EDGE_CURVE('',#10757,#10799,#10808,.T.);
#10808 = CIRCLE('',#10809,10.5);
#10809 = AXIS2_PLACEMENT_3D('',#10810,#10811,#10812);
#10810 = CARTESIAN_POINT('',(0.,0.,0.));
#10811 = DIRECTION('',(0.,0.,1.));
#10812 = DIRECTION('',(-6.956521739132E-02,0.997577405783,0.));
#10813 = CONICAL_SURFACE('',#10814,11.5,0.785398163397);
#10814 = AXIS2_PLACEMENT_3D('',#10815,#10816,#10817);
#10815 = CARTESIAN_POINT('',(0.,0.,1.));
#10816 = DIRECTION('',(0.,0.,1.));
#10817 = DIRECTION('',(-6.956521739132E-02,0.997577405783,0.));
#10818 = ADVANCED_FACE('',(#10819),#10847,.F.);
#10819 = FACE_BOUND('',#10820,.F.);
#10820 = EDGE_LOOP('',(#10821,#10829,#10830,#10831,#10832,#10840));
#10821 = ORIENTED_EDGE('',*,*,#10822,.F.);
#10822 = EDGE_CURVE('',#10799,#10823,#10825,.T.);
#10823 = VERTEX_POINT('',#10824);
#10824 = CARTESIAN_POINT('',(-0.8,-9.064766957843,0.));
#10825 = LINE('',#10826,#10827);
#10826 = CARTESIAN_POINT('',(-0.8,-15.,0.));
#10827 = VECTOR('',#10828,1.);
#10828 = DIRECTION('',(0.,1.,0.));
#10829 = ORIENTED_EDGE('',*,*,#10798,.F.);
#10830 = ORIENTED_EDGE('',*,*,#5332,.F.);
#10831 = ORIENTED_EDGE('',*,*,#6331,.T.);
#10832 = ORIENTED_EDGE('',*,*,#10833,.T.);
#10833 = EDGE_CURVE('',#6323,#10834,#10836,.T.);
#10834 = VERTEX_POINT('',#10835);
#10835 = CARTESIAN_POINT('',(-0.8,-8.060397012555,1.));
#10836 = LINE('',#10837,#10838);
#10837 = CARTESIAN_POINT('',(-0.8,-8.060397012555,0.));
#10838 = VECTOR('',#10839,1.);
#10839 = DIRECTION('',(0.,0.,-1.));
#10840 = ORIENTED_EDGE('',*,*,#10841,.F.);
#10841 = EDGE_CURVE('',#10823,#10834,#10842,.T.);
#10842 = HYPERBOLA('',#10843,0.8,0.8);
#10843 = AXIS2_PLACEMENT_3D('',#10844,#10845,#10846);
#10844 = CARTESIAN_POINT('',(-0.8,0.,9.1));
#10845 = DIRECTION('',(1.,-0.,0.));
#10846 = DIRECTION('',(0.,0.,-1.));
#10847 = PLANE('',#10848);
#10848 = AXIS2_PLACEMENT_3D('',#10849,#10850,#10851);
#10849 = CARTESIAN_POINT('',(-0.8,-15.,0.));
#10850 = DIRECTION('',(-1.,0.,0.));
#10851 = DIRECTION('',(0.,1.,0.));
#10852 = ADVANCED_FACE('',(#10853),#10876,.F.);
#10853 = FACE_BOUND('',#10854,.F.);
#10854 = EDGE_LOOP('',(#10855,#10856,#10857,#10858,#10859,#10860,#10869)
  );
#10855 = ORIENTED_EDGE('',*,*,#6281,.T.);
#10856 = ORIENTED_EDGE('',*,*,#6258,.F.);
#10857 = ORIENTED_EDGE('',*,*,#6233,.F.);
#10858 = ORIENTED_EDGE('',*,*,#5392,.F.);
#10859 = ORIENTED_EDGE('',*,*,#5415,.T.);
#10860 = ORIENTED_EDGE('',*,*,#10861,.T.);
#10861 = EDGE_CURVE('',#5416,#10862,#10864,.T.);
#10862 = VERTEX_POINT('',#10863);
#10863 = CARTESIAN_POINT('',(9.1,2.E-15,0.));
#10864 = CIRCLE('',#10865,9.1);
#10865 = AXIS2_PLACEMENT_3D('',#10866,#10867,#10868);
#10866 = CARTESIAN_POINT('',(0.,0.,0.));
#10867 = DIRECTION('',(0.,0.,-1.));
#10868 = DIRECTION('',(9.876543209878E-02,0.995110742291,0.));
#10869 = ORIENTED_EDGE('',*,*,#10870,.T.);
#10870 = EDGE_CURVE('',#10862,#6282,#10871,.T.);
#10871 = CIRCLE('',#10872,9.1);
#10872 = AXIS2_PLACEMENT_3D('',#10873,#10874,#10875);
#10873 = CARTESIAN_POINT('',(0.,0.,0.));
#10874 = DIRECTION('',(0.,0.,-1.));
#10875 = DIRECTION('',(1.,0.,0.));
#10876 = PLANE('',#10877);
#10877 = AXIS2_PLACEMENT_3D('',#10878,#10879,#10880);
#10878 = CARTESIAN_POINT('',(11.,-5.E-16,0.));
#10879 = DIRECTION('',(0.,0.,1.));
#10880 = DIRECTION('',(1.,0.,0.));
#10881 = ADVANCED_FACE('',(#10882),#10901,.F.);
#10882 = FACE_BOUND('',#10883,.T.);
#10883 = EDGE_LOOP('',(#10884,#10885,#10886,#10894));
#10884 = ORIENTED_EDGE('',*,*,#5441,.F.);
#10885 = ORIENTED_EDGE('',*,*,#10861,.T.);
#10886 = ORIENTED_EDGE('',*,*,#10887,.T.);
#10887 = EDGE_CURVE('',#10862,#10888,#10890,.T.);
#10888 = VERTEX_POINT('',#10889);
#10889 = CARTESIAN_POINT('',(8.1,2.E-15,1.));
#10890 = LINE('',#10891,#10892);
#10891 = CARTESIAN_POINT('',(8.1,1.89E-15,1.));
#10892 = VECTOR('',#10893,1.);
#10893 = DIRECTION('',(-0.707106781187,-1.5E-16,0.707106781187));
#10894 = ORIENTED_EDGE('',*,*,#10895,.F.);
#10895 = EDGE_CURVE('',#5434,#10888,#10896,.T.);
#10896 = CIRCLE('',#10897,8.1);
#10897 = AXIS2_PLACEMENT_3D('',#10898,#10899,#10900);
#10898 = CARTESIAN_POINT('',(0.,0.,1.));
#10899 = DIRECTION('',(0.,0.,-1.));
#10900 = DIRECTION('',(9.876543209878E-02,0.995110742291,0.));
#10901 = CONICAL_SURFACE('',#10902,8.1,0.785398163397);
#10902 = AXIS2_PLACEMENT_3D('',#10903,#10904,#10905);
#10903 = CARTESIAN_POINT('',(0.,0.,1.));
#10904 = DIRECTION('',(-0.,-0.,-1.));
#10905 = DIRECTION('',(9.876543209878E-02,0.995110742291,0.));
#10906 = ADVANCED_FACE('',(#10907),#10938,.F.);
#10907 = FACE_BOUND('',#10908,.F.);
#10908 = EDGE_LOOP('',(#10909,#10910,#10917,#10923,#10924,#10925,#10926,
    #10927,#10928,#10929,#10936,#10937));
#10909 = ORIENTED_EDGE('',*,*,#6298,.T.);
#10910 = ORIENTED_EDGE('',*,*,#10911,.F.);
#10911 = EDGE_CURVE('',#10888,#6290,#10912,.T.);
#10912 = CIRCLE('',#10913,8.1);
#10913 = AXIS2_PLACEMENT_3D('',#10914,#10915,#10916);
#10914 = CARTESIAN_POINT('',(0.,0.,1.));
#10915 = DIRECTION('',(0.,0.,-1.));
#10916 = DIRECTION('',(1.,0.,0.));
#10917 = ORIENTED_EDGE('',*,*,#10918,.T.);
#10918 = EDGE_CURVE('',#10888,#5834,#10919,.T.);
#10919 = LINE('',#10920,#10921);
#10920 = CARTESIAN_POINT('',(8.1,0.,0.));
#10921 = VECTOR('',#10922,1.);
#10922 = DIRECTION('',(0.,0.,1.));
#10923 = ORIENTED_EDGE('',*,*,#5833,.T.);
#10924 = ORIENTED_EDGE('',*,*,#10918,.F.);
#10925 = ORIENTED_EDGE('',*,*,#10895,.F.);
#10926 = ORIENTED_EDGE('',*,*,#5433,.F.);
#10927 = ORIENTED_EDGE('',*,*,#5465,.F.);
#10928 = ORIENTED_EDGE('',*,*,#10773,.T.);
#10929 = ORIENTED_EDGE('',*,*,#10930,.F.);
#10930 = EDGE_CURVE('',#10834,#10765,#10931,.T.);
#10931 = CIRCLE('',#10932,8.1);
#10932 = AXIS2_PLACEMENT_3D('',#10933,#10934,#10935);
#10933 = CARTESIAN_POINT('',(0.,0.,1.));
#10934 = DIRECTION('',(-0.,0.,-1.));
#10935 = DIRECTION('',(-9.876543209877E-02,-0.995110742291,0.));
#10936 = ORIENTED_EDGE('',*,*,#10833,.F.);
#10937 = ORIENTED_EDGE('',*,*,#6322,.F.);
#10938 = CYLINDRICAL_SURFACE('',#10939,8.1);
#10939 = AXIS2_PLACEMENT_3D('',#10940,#10941,#10942);
#10940 = CARTESIAN_POINT('',(0.,0.,0.));
#10941 = DIRECTION('',(0.,0.,-1.));
#10942 = DIRECTION('',(1.,0.,0.));
#10943 = ADVANCED_FACE('',(#10944,#10947),#10958,.T.);
#10944 = FACE_BOUND('',#10945,.T.);
#10945 = EDGE_LOOP('',(#10946));
#10946 = ORIENTED_EDGE('',*,*,#5490,.T.);
#10947 = FACE_BOUND('',#10948,.F.);
#10948 = EDGE_LOOP('',(#10949));
#10949 = ORIENTED_EDGE('',*,*,#10950,.T.);
#10950 = EDGE_CURVE('',#10951,#10951,#10953,.T.);
#10951 = VERTEX_POINT('',#10952);
#10952 = CARTESIAN_POINT('',(13.7,11.225,74.8));
#10953 = CIRCLE('',#10954,3.3);
#10954 = AXIS2_PLACEMENT_3D('',#10955,#10956,#10957);
#10955 = CARTESIAN_POINT('',(17.,11.225,74.8));
#10956 = DIRECTION('',(0.,1.,-0.));
#10957 = DIRECTION('',(-1.,0.,0.));
#10958 = PLANE('',#10959);
#10959 = AXIS2_PLACEMENT_3D('',#10960,#10961,#10962);
#10960 = CARTESIAN_POINT('',(11.,11.225,58.183216949566));
#10961 = DIRECTION('',(0.,1.,0.));
#10962 = DIRECTION('',(0.,0.,1.));
#10963 = ADVANCED_FACE('',(#10964,#10967),#10978,.T.);
#10964 = FACE_BOUND('',#10965,.T.);
#10965 = EDGE_LOOP('',(#10966));
#10966 = ORIENTED_EDGE('',*,*,#5515,.T.);
#10967 = FACE_BOUND('',#10968,.F.);
#10968 = EDGE_LOOP('',(#10969));
#10969 = ORIENTED_EDGE('',*,*,#10970,.T.);
#10970 = EDGE_CURVE('',#10971,#10971,#10973,.T.);
#10971 = VERTEX_POINT('',#10972);
#10972 = CARTESIAN_POINT('',(7.7,11.225,84.8));
#10973 = CIRCLE('',#10974,3.3);
#10974 = AXIS2_PLACEMENT_3D('',#10975,#10976,#10977);
#10975 = CARTESIAN_POINT('',(11.,11.225,84.8));
#10976 = DIRECTION('',(0.,1.,-0.));
#10977 = DIRECTION('',(-1.,0.,0.));
#10978 = PLANE('',#10979);
#10979 = AXIS2_PLACEMENT_3D('',#10980,#10981,#10982);
#10980 = CARTESIAN_POINT('',(11.,11.225,58.183216949566));
#10981 = DIRECTION('',(0.,1.,0.));
#10982 = DIRECTION('',(0.,0.,1.));
#10983 = ADVANCED_FACE('',(#10984,#10987),#10998,.T.);
#10984 = FACE_BOUND('',#10985,.T.);
#10985 = EDGE_LOOP('',(#10986));
#10986 = ORIENTED_EDGE('',*,*,#5540,.T.);
#10987 = FACE_BOUND('',#10988,.F.);
#10988 = EDGE_LOOP('',(#10989));
#10989 = ORIENTED_EDGE('',*,*,#10990,.T.);
#10990 = EDGE_CURVE('',#10991,#10991,#10993,.T.);
#10991 = VERTEX_POINT('',#10992);
#10992 = CARTESIAN_POINT('',(1.7,11.225,74.8));
#10993 = CIRCLE('',#10994,3.3);
#10994 = AXIS2_PLACEMENT_3D('',#10995,#10996,#10997);
#10995 = CARTESIAN_POINT('',(5.,11.225,74.8));
#10996 = DIRECTION('',(0.,1.,-0.));
#10997 = DIRECTION('',(-1.,0.,0.));
#10998 = PLANE('',#10999);
#10999 = AXIS2_PLACEMENT_3D('',#11000,#11001,#11002);
#11000 = CARTESIAN_POINT('',(11.,11.225,58.183216949566));
#11001 = DIRECTION('',(0.,1.,0.));
#11002 = DIRECTION('',(0.,0.,1.));
#11003 = ADVANCED_FACE('',(#11004),#11014,.T.);
#11004 = FACE_BOUND('',#11005,.T.);
#11005 = EDGE_LOOP('',(#11006,#11007,#11012,#11013));
#11006 = ORIENTED_EDGE('',*,*,#5670,.F.);
#11007 = ORIENTED_EDGE('',*,*,#11008,.T.);
#11008 = EDGE_CURVE('',#5664,#5735,#11009,.T.);
#11009 = B_SPLINE_CURVE_WITH_KNOTS('',1,(#11010,#11011),.UNSPECIFIED.,
  .F.,.F.,(2,2),(-1.5,-0.),.PIECEWISE_BEZIER_KNOTS.);
#11010 = CARTESIAN_POINT('',(-7.899999999028,7.1900722E-10,
    5.000000000096));
#11011 = CARTESIAN_POINT('',(-7.899999999028,7.1903412E-10,
    6.500000000095));
#11012 = ORIENTED_EDGE('',*,*,#5734,.T.);
#11013 = ORIENTED_EDGE('',*,*,#5712,.F.);
#11014 = B_SPLINE_SURFACE_WITH_KNOTS('',1,8,(
    (#11015,#11016,#11017,#11018,#11019,#11020,#11021,#11022,#11023)
    ,(#11024,#11025,#11026,#11027,#11028,#11029,#11030,#11031,#11032
  )),.UNSPECIFIED.,.F.,.F.,.F.,(2,2),(9,9),(-1.5,-0.),(0.,3.401309322044
    ),.PIECEWISE_BEZIER_KNOTS.);
#11015 = CARTESIAN_POINT('',(-7.899999999028,7.1920248E-10,
    5.000000000096));
#11016 = CARTESIAN_POINT('',(-7.899999950765,-3.340962931176,
    5.437500004884));
#11017 = CARTESIAN_POINT('',(-6.284629044198,-6.681928767089,
    5.874999988211));
#11018 = CARTESIAN_POINT('',(-3.058752473849,-9.112198575785,
    6.312500019602));
#11019 = CARTESIAN_POINT('',(1.180578266594,-9.722938168443,
    6.749999982591));
#11020 = CARTESIAN_POINT('',(5.1505628073,-8.115407264376,7.187500010827
    ));
#11021 = CARTESIAN_POINT('',(7.701099222517,-4.983753877891,
    7.624999997277));
#11022 = CARTESIAN_POINT('',(8.469985115578,-1.353286895293,
    8.062500000962));
#11023 = CARTESIAN_POINT('',(7.67044035345,1.890593744976,8.500000000468
    ));
#11024 = CARTESIAN_POINT('',(-7.899999999028,7.1921935E-10,
    6.500000000095));
#11025 = CARTESIAN_POINT('',(-7.899999950775,-3.340962931176,
    6.937500004883));
#11026 = CARTESIAN_POINT('',(-6.284629044174,-6.681928767091,
    7.374999988217));
#11027 = CARTESIAN_POINT('',(-3.058752473888,-9.112198575785,
    7.812500019593));
#11028 = CARTESIAN_POINT('',(1.180578266628,-9.722938168447,
    8.249999982596));
#11029 = CARTESIAN_POINT('',(5.150562807284,-8.115407264374,
    8.687500010824));
#11030 = CARTESIAN_POINT('',(7.701099222521,-4.983753877893,
    9.124999997277));
#11031 = CARTESIAN_POINT('',(8.46998511558,-1.353286895293,
    9.562500000962));
#11032 = CARTESIAN_POINT('',(7.67044035345,1.890593744977,
    10.000000000468));
#11033 = ADVANCED_FACE('',(#11034),#11054,.T.);
#11034 = FACE_BOUND('',#11035,.T.);
#11035 = EDGE_LOOP('',(#11036,#11037,#11038,#11039));
#11036 = ORIENTED_EDGE('',*,*,#5663,.F.);
#11037 = ORIENTED_EDGE('',*,*,#6146,.F.);
#11038 = ORIENTED_EDGE('',*,*,#5915,.F.);
#11039 = ORIENTED_EDGE('',*,*,#11040,.T.);
#11040 = EDGE_CURVE('',#5916,#5664,#11041,.T.);
#11041 = B_SPLINE_CURVE_WITH_KNOTS('',11,(#11042,#11043,#11044,#11045,
    #11046,#11047,#11048,#11049,#11050,#11051,#11052,#11053),
  .UNSPECIFIED.,.F.,.F.,(12,12),(0.,6.316717312367),
  .PIECEWISE_BEZIER_KNOTS.);
#11042 = CARTESIAN_POINT('',(-7.9,3.88E-15,-1.499999999998));
#11043 = CARTESIAN_POINT('',(-7.900000006318,-4.512469481101,
    -0.90909090966));
#11044 = CARTESIAN_POINT('',(-5.065341635698,-9.024836439554,
    -0.318181816627));
#11045 = CARTESIAN_POINT('',(0.609855768958,-11.55887593037,
    0.272727270531));
#11046 = CARTESIAN_POINT('',(7.542977054735,-10.12837703081,
    0.86363636329));
#11047 = CARTESIAN_POINT('',(12.712503188683,-4.176953347501,
    1.45454546091));
#11048 = CARTESIAN_POINT('',(12.712503026455,4.176953379078,
    2.045454533013));
#11049 = CARTESIAN_POINT('',(7.542977179502,10.12837695437,
    2.636363649774));
#11050 = CARTESIAN_POINT('',(0.609855703337,11.558875995906,
    3.227272717787));
#11051 = CARTESIAN_POINT('',(-5.065341607339,9.024836407521,
    3.818181822447));
#11052 = CARTESIAN_POINT('',(-7.900000012159,4.512469491927,
    4.409090907862));
#11053 = CARTESIAN_POINT('',(-7.899999999028,7.1900722E-10,
    5.000000000096));
#11054 = B_SPLINE_SURFACE_WITH_KNOTS('',1,11,(
    (#11055,#11056,#11057,#11058,#11059,#11060,#11061,#11062,#11063
      ,#11064,#11065,#11066)
    ,(#11067,#11068,#11069,#11070,#11071,#11072,#11073,#11074,#11075
      ,#11076,#11077,#11078
    )),.UNSPECIFIED.,.F.,.F.,.F.,(2,2),(12,12),(-1.,-0.),(0.,
    6.316717312367),.PIECEWISE_BEZIER_KNOTS.);
#11055 = CARTESIAN_POINT('',(-6.9,9.58E-15,-1.499999999998));
#11056 = CARTESIAN_POINT('',(-6.900000006318,-3.941270816856,
    -0.909090909661));
#11057 = CARTESIAN_POINT('',(-4.424159148247,-7.882452055339,
    -0.318181816621));
#11058 = CARTESIAN_POINT('',(0.532658833179,-10.09572715331,
    0.272727270515));
#11059 = CARTESIAN_POINT('',(6.58816983266,-8.846303840637,
    0.863636363316));
#11060 = CARTESIAN_POINT('',(11.103325576736,-3.648225284416,
    1.454545460884));
#11061 = CARTESIAN_POINT('',(11.103325414476,3.64822531604,
    2.045454533028));
#11062 = CARTESIAN_POINT('',(6.588169957454,8.846303764076,
    2.636363649765));
#11063 = CARTESIAN_POINT('',(0.532658767548,10.095727218944,
    3.227272717793));
#11064 = CARTESIAN_POINT('',(-4.424159119882,7.882452023257,
    3.818181822445));
#11065 = CARTESIAN_POINT('',(-6.900000012159,3.941270827698,
    4.409090907861));
#11066 = CARTESIAN_POINT('',(-6.899999999028,7.2007943E-10,
    5.000000000097));
#11067 = CARTESIAN_POINT('',(-7.9,3.88E-15,-1.499999999998));
#11068 = CARTESIAN_POINT('',(-7.900000006318,-4.512469481101,
    -0.90909090966));
#11069 = CARTESIAN_POINT('',(-5.065341635698,-9.024836439554,
    -0.318181816627));
#11070 = CARTESIAN_POINT('',(0.609855768958,-11.55887593037,
    0.272727270531));
#11071 = CARTESIAN_POINT('',(7.542977054735,-10.12837703081,
    0.86363636329));
#11072 = CARTESIAN_POINT('',(12.712503188683,-4.176953347501,
    1.45454546091));
#11073 = CARTESIAN_POINT('',(12.712503026455,4.176953379078,
    2.045454533013));
#11074 = CARTESIAN_POINT('',(7.542977179502,10.12837695437,
    2.636363649774));
#11075 = CARTESIAN_POINT('',(0.609855703337,11.558875995906,
    3.227272717787));
#11076 = CARTESIAN_POINT('',(-5.065341607339,9.024836407521,
    3.818181822447));
#11077 = CARTESIAN_POINT('',(-7.900000012159,4.512469491927,
    4.409090907862));
#11078 = CARTESIAN_POINT('',(-7.899999999028,7.1900722E-10,
    5.000000000096));
#11079 = ADVANCED_FACE('',(#11080),#11086,.T.);
#11080 = FACE_BOUND('',#11081,.T.);
#11081 = EDGE_LOOP('',(#11082,#11083,#11084,#11085));
#11082 = ORIENTED_EDGE('',*,*,#11040,.F.);
#11083 = ORIENTED_EDGE('',*,*,#5925,.F.);
#11084 = ORIENTED_EDGE('',*,*,#5778,.T.);
#11085 = ORIENTED_EDGE('',*,*,#11008,.F.);
#11086 = B_SPLINE_SURFACE_WITH_KNOTS('',1,11,(
    (#11087,#11088,#11089,#11090,#11091,#11092,#11093,#11094,#11095
      ,#11096,#11097,#11098)
    ,(#11099,#11100,#11101,#11102,#11103,#11104,#11105,#11106,#11107
      ,#11108,#11109,#11110
    )),.UNSPECIFIED.,.F.,.F.,.F.,(2,2),(12,12),(-1.5,-0.),(0.,
    6.316717312367),.PIECEWISE_BEZIER_KNOTS.);
#11087 = CARTESIAN_POINT('',(-7.9,3.88E-15,-1.499999999998));
#11088 = CARTESIAN_POINT('',(-7.900000006318,-4.512469481101,
    -0.90909090966));
#11089 = CARTESIAN_POINT('',(-5.065341635698,-9.024836439554,
    -0.318181816627));
#11090 = CARTESIAN_POINT('',(0.609855768958,-11.55887593037,
    0.272727270531));
#11091 = CARTESIAN_POINT('',(7.542977054735,-10.12837703081,
    0.86363636329));
#11092 = CARTESIAN_POINT('',(12.712503188683,-4.176953347501,
    1.45454546091));
#11093 = CARTESIAN_POINT('',(12.712503026455,4.176953379078,
    2.045454533013));
#11094 = CARTESIAN_POINT('',(7.542977179502,10.12837695437,
    2.636363649774));
#11095 = CARTESIAN_POINT('',(0.609855703337,11.558875995906,
    3.227272717787));
#11096 = CARTESIAN_POINT('',(-5.065341607339,9.024836407521,
    3.818181822447));
#11097 = CARTESIAN_POINT('',(-7.900000012159,4.512469491927,
    4.409090907862));
#11098 = CARTESIAN_POINT('',(-7.899999999028,7.1900722E-10,
    5.000000000096));
#11099 = CARTESIAN_POINT('',(-7.9,-4.75E-15,9.0905E-13));
#11100 = CARTESIAN_POINT('',(-7.900000006317,-4.5124694811,
    0.590909090339));
#11101 = CARTESIAN_POINT('',(-5.0653416357,-9.024836439554,
    1.181818183373));
#11102 = CARTESIAN_POINT('',(0.609855768961,-11.55887593037,
    1.772727270528));
#11103 = CARTESIAN_POINT('',(7.542977054736,-10.12837703082,
    2.363636363292));
#11104 = CARTESIAN_POINT('',(12.712503188671,-4.176953347489,
    2.954545460905));
#11105 = CARTESIAN_POINT('',(12.712503026477,4.176953379063,
    3.545454533015));
#11106 = CARTESIAN_POINT('',(7.542977179476,10.128376954381,
    4.136363649771));
#11107 = CARTESIAN_POINT('',(0.609855703356,11.558875995901,
    4.727272717788));
#11108 = CARTESIAN_POINT('',(-5.065341607348,9.024836407522,
    5.318181822445));
#11109 = CARTESIAN_POINT('',(-7.900000012157,4.512469491926,
    5.909090907862));
#11110 = CARTESIAN_POINT('',(-7.899999999028,7.1903412E-10,
    6.500000000095));
#11111 = ADVANCED_FACE('',(#11112),#11132,.F.);
#11112 = FACE_BOUND('',#11113,.F.);
#11113 = EDGE_LOOP('',(#11114,#11115,#11116,#11117));
#11114 = ORIENTED_EDGE('',*,*,#6060,.F.);
#11115 = ORIENTED_EDGE('',*,*,#6103,.F.);
#11116 = ORIENTED_EDGE('',*,*,#5896,.F.);
#11117 = ORIENTED_EDGE('',*,*,#11118,.T.);
#11118 = EDGE_CURVE('',#5866,#6061,#11119,.T.);
#11119 = B_SPLINE_CURVE_WITH_KNOTS('',11,(#11120,#11121,#11122,#11123,
    #11124,#11125,#11126,#11127,#11128,#11129,#11130,#11131),
  .UNSPECIFIED.,.F.,.F.,(12,12),(0.,6.316717312367),
  .PIECEWISE_BEZIER_KNOTS.);
#11120 = CARTESIAN_POINT('',(7.9,-3.14E-15,9.0949E-13));
#11121 = CARTESIAN_POINT('',(7.900000006319,4.512469481198,
    0.590909090336));
#11122 = CARTESIAN_POINT('',(5.065341637071,9.024836440026,
    1.181818183225));
#11123 = CARTESIAN_POINT('',(-0.609855772178,11.558875930319,
    1.772727270831));
#11124 = CARTESIAN_POINT('',(-7.54297705066,10.12837703103,
    2.363636362803));
#11125 = CARTESIAN_POINT('',(-12.71250319211,4.176953347861,
    2.954545461326));
#11126 = CARTESIAN_POINT('',(-12.71250302652,-4.176953379625,
    3.545454532813));
#11127 = CARTESIAN_POINT('',(-7.542977177421,-10.12837695451,
    4.136363649657));
#11128 = CARTESIAN_POINT('',(-0.609855705773,-11.55887599599,
    4.727272717972));
#11129 = CARTESIAN_POINT('',(5.065341608896,-9.024836407828,
    5.318181822298));
#11130 = CARTESIAN_POINT('',(7.900000011977,-4.512469491982,
    5.90909090788));
#11131 = CARTESIAN_POINT('',(7.899999999198,-6.7801527E-10,
    6.500000000078));
#11132 = B_SPLINE_SURFACE_WITH_KNOTS('',1,11,(
    (#11133,#11134,#11135,#11136,#11137,#11138,#11139,#11140,#11141
      ,#11142,#11143,#11144)
    ,(#11145,#11146,#11147,#11148,#11149,#11150,#11151,#11152,#11153
      ,#11154,#11155,#11156
    )),.UNSPECIFIED.,.F.,.F.,.F.,(2,2),(12,12),(-1.,-0.),(0.,
    6.316717312367),.PIECEWISE_BEZIER_KNOTS.);
#11133 = CARTESIAN_POINT('',(6.9,7.78E-15,9.0949E-13));
#11134 = CARTESIAN_POINT('',(6.900000006319,3.941270816953,
    0.590909090336));
#11135 = CARTESIAN_POINT('',(4.42415914962,7.882452055812,1.18181818323)
  );
#11136 = CARTESIAN_POINT('',(-0.532658836397,10.095727153257,
    1.772727270815));
#11137 = CARTESIAN_POINT('',(-6.588169828589,8.846303840848,
    2.363636362837));
#11138 = CARTESIAN_POINT('',(-11.10332558016,3.648225284785,
    2.954545461275));
#11139 = CARTESIAN_POINT('',(-11.10332541455,-3.648225316599,
    3.545454532867));
#11140 = CARTESIAN_POINT('',(-6.588169955368,-8.846303764208,
    4.136363649619));
#11141 = CARTESIAN_POINT('',(-0.532658769986,-10.09572721903,
    4.72727271799));
#11142 = CARTESIAN_POINT('',(4.424159121439,-7.882452023562,
    5.318181822295));
#11143 = CARTESIAN_POINT('',(6.900000011977,-3.941270827754,
    5.90909090788));
#11144 = CARTESIAN_POINT('',(6.899999999198,-6.7909218E-10,
    6.500000000079));
#11145 = CARTESIAN_POINT('',(7.9,-3.14E-15,9.0949E-13));
#11146 = CARTESIAN_POINT('',(7.900000006319,4.512469481198,
    0.590909090336));
#11147 = CARTESIAN_POINT('',(5.065341637071,9.024836440026,
    1.181818183225));
#11148 = CARTESIAN_POINT('',(-0.609855772178,11.558875930319,
    1.772727270831));
#11149 = CARTESIAN_POINT('',(-7.54297705066,10.12837703103,
    2.363636362803));
#11150 = CARTESIAN_POINT('',(-12.71250319211,4.176953347861,
    2.954545461326));
#11151 = CARTESIAN_POINT('',(-12.71250302652,-4.176953379625,
    3.545454532813));
#11152 = CARTESIAN_POINT('',(-7.542977177421,-10.12837695451,
    4.136363649657));
#11153 = CARTESIAN_POINT('',(-0.609855705773,-11.55887599599,
    4.727272717972));
#11154 = CARTESIAN_POINT('',(5.065341608896,-9.024836407828,
    5.318181822298));
#11155 = CARTESIAN_POINT('',(7.900000011977,-4.512469491982,
    5.90909090788));
#11156 = CARTESIAN_POINT('',(7.899999999198,-6.7801527E-10,
    6.500000000078));
#11157 = ADVANCED_FACE('',(#11158),#11182,.F.);
#11158 = FACE_BOUND('',#11159,.F.);
#11159 = EDGE_LOOP('',(#11160,#11161,#11162,#11177));
#11160 = ORIENTED_EDGE('',*,*,#11118,.F.);
#11161 = ORIENTED_EDGE('',*,*,#5865,.F.);
#11162 = ORIENTED_EDGE('',*,*,#11163,.T.);
#11163 = EDGE_CURVE('',#5856,#5989,#11164,.T.);
#11164 = B_SPLINE_CURVE_WITH_KNOTS('',11,(#11165,#11166,#11167,#11168,
    #11169,#11170,#11171,#11172,#11173,#11174,#11175,#11176),
  .UNSPECIFIED.,.F.,.F.,(12,12),(0.,6.316717312367),
  .PIECEWISE_BEZIER_KNOTS.);
#11165 = CARTESIAN_POINT('',(7.9,1.45E-15,-1.499999999999));
#11166 = CARTESIAN_POINT('',(7.90000000632,4.512469481198,
    -0.909090909664));
#11167 = CARTESIAN_POINT('',(5.065341637069,9.024836440027,
    -0.318181816773));
#11168 = CARTESIAN_POINT('',(-0.609855772176,11.558875930318,
    0.272727270818));
#11169 = CARTESIAN_POINT('',(-7.542977050656,10.128377031028,
    0.863636362839));
#11170 = CARTESIAN_POINT('',(-12.71250319213,4.176953347867,
    1.454545461261));
#11171 = CARTESIAN_POINT('',(-12.7125030265,-4.176953379631,
    2.045454532893));
#11172 = CARTESIAN_POINT('',(-7.542977177451,-10.12837695451,
    2.636363649591));
#11173 = CARTESIAN_POINT('',(-0.609855705752,-11.55887599599,
    3.227272718009));
#11174 = CARTESIAN_POINT('',(5.065341608887,-9.024836407829,
    3.818181822287));
#11175 = CARTESIAN_POINT('',(7.90000001198,-4.512469491982,
    4.409090907881));
#11176 = CARTESIAN_POINT('',(7.899999999198,-6.7799292E-10,
    5.000000000079));
#11177 = ORIENTED_EDGE('',*,*,#11178,.F.);
#11178 = EDGE_CURVE('',#6061,#5989,#11179,.T.);
#11179 = B_SPLINE_CURVE_WITH_KNOTS('',1,(#11180,#11181),.UNSPECIFIED.,
  .F.,.F.,(2,2),(-1.5,-0.),.PIECEWISE_BEZIER_KNOTS.);
#11180 = CARTESIAN_POINT('',(7.899999999198,-6.7801527E-10,
    6.500000000078));
#11181 = CARTESIAN_POINT('',(7.899999999198,-6.7799292E-10,
    5.000000000079));
#11182 = B_SPLINE_SURFACE_WITH_KNOTS('',1,11,(
    (#11183,#11184,#11185,#11186,#11187,#11188,#11189,#11190,#11191
      ,#11192,#11193,#11194)
    ,(#11195,#11196,#11197,#11198,#11199,#11200,#11201,#11202,#11203
      ,#11204,#11205,#11206
    )),.UNSPECIFIED.,.F.,.F.,.F.,(2,2),(12,12),(-1.5,-0.),(0.,
    6.316717312367),.PIECEWISE_BEZIER_KNOTS.);
#11183 = CARTESIAN_POINT('',(7.9,-3.14E-15,9.0949E-13));
#11184 = CARTESIAN_POINT('',(7.900000006319,4.512469481198,
    0.590909090336));
#11185 = CARTESIAN_POINT('',(5.065341637071,9.024836440026,
    1.181818183225));
#11186 = CARTESIAN_POINT('',(-0.609855772178,11.558875930319,
    1.772727270831));
#11187 = CARTESIAN_POINT('',(-7.54297705066,10.12837703103,
    2.363636362803));
#11188 = CARTESIAN_POINT('',(-12.71250319211,4.176953347861,
    2.954545461326));
#11189 = CARTESIAN_POINT('',(-12.71250302652,-4.176953379625,
    3.545454532813));
#11190 = CARTESIAN_POINT('',(-7.542977177421,-10.12837695451,
    4.136363649657));
#11191 = CARTESIAN_POINT('',(-0.609855705773,-11.55887599599,
    4.727272717972));
#11192 = CARTESIAN_POINT('',(5.065341608896,-9.024836407828,
    5.318181822298));
#11193 = CARTESIAN_POINT('',(7.900000011977,-4.512469491982,
    5.90909090788));
#11194 = CARTESIAN_POINT('',(7.899999999198,-6.7801527E-10,
    6.500000000078));
#11195 = CARTESIAN_POINT('',(7.9,1.45E-15,-1.499999999999));
#11196 = CARTESIAN_POINT('',(7.90000000632,4.512469481198,
    -0.909090909664));
#11197 = CARTESIAN_POINT('',(5.065341637069,9.024836440027,
    -0.318181816773));
#11198 = CARTESIAN_POINT('',(-0.609855772176,11.558875930318,
    0.272727270818));
#11199 = CARTESIAN_POINT('',(-7.542977050656,10.128377031028,
    0.863636362839));
#11200 = CARTESIAN_POINT('',(-12.71250319213,4.176953347867,
    1.454545461261));
#11201 = CARTESIAN_POINT('',(-12.7125030265,-4.176953379631,
    2.045454532893));
#11202 = CARTESIAN_POINT('',(-7.542977177451,-10.12837695451,
    2.636363649591));
#11203 = CARTESIAN_POINT('',(-0.609855705752,-11.55887599599,
    3.227272718009));
#11204 = CARTESIAN_POINT('',(5.065341608887,-9.024836407829,
    3.818181822287));
#11205 = CARTESIAN_POINT('',(7.90000001198,-4.512469491982,
    4.409090907881));
#11206 = CARTESIAN_POINT('',(7.899999999198,-6.7799292E-10,
    5.000000000079));
#11207 = ADVANCED_FACE('',(#11208),#11214,.F.);
#11208 = FACE_BOUND('',#11209,.F.);
#11209 = EDGE_LOOP('',(#11210,#11211,#11212,#11213));
#11210 = ORIENTED_EDGE('',*,*,#11163,.F.);
#11211 = ORIENTED_EDGE('',*,*,#5855,.F.);
#11212 = ORIENTED_EDGE('',*,*,#5960,.T.);
#11213 = ORIENTED_EDGE('',*,*,#6004,.F.);
#11214 = B_SPLINE_SURFACE_WITH_KNOTS('',1,11,(
    (#11215,#11216,#11217,#11218,#11219,#11220,#11221,#11222,#11223
      ,#11224,#11225,#11226)
    ,(#11227,#11228,#11229,#11230,#11231,#11232,#11233,#11234,#11235
      ,#11236,#11237,#11238
    )),.UNSPECIFIED.,.F.,.F.,.F.,(2,2),(12,12),(-1.,-0.),(0.,
    6.316717312367),.PIECEWISE_BEZIER_KNOTS.);
#11215 = CARTESIAN_POINT('',(7.9,1.45E-15,-1.499999999999));
#11216 = CARTESIAN_POINT('',(7.90000000632,4.512469481198,
    -0.909090909664));
#11217 = CARTESIAN_POINT('',(5.065341637069,9.024836440027,
    -0.318181816773));
#11218 = CARTESIAN_POINT('',(-0.609855772176,11.558875930318,
    0.272727270818));
#11219 = CARTESIAN_POINT('',(-7.542977050656,10.128377031028,
    0.863636362839));
#11220 = CARTESIAN_POINT('',(-12.71250319213,4.176953347867,
    1.454545461261));
#11221 = CARTESIAN_POINT('',(-12.7125030265,-4.176953379631,
    2.045454532893));
#11222 = CARTESIAN_POINT('',(-7.542977177451,-10.12837695451,
    2.636363649591));
#11223 = CARTESIAN_POINT('',(-0.609855705752,-11.55887599599,
    3.227272718009));
#11224 = CARTESIAN_POINT('',(5.065341608887,-9.024836407829,
    3.818181822287));
#11225 = CARTESIAN_POINT('',(7.90000001198,-4.512469491982,
    4.409090907881));
#11226 = CARTESIAN_POINT('',(7.899999999198,-6.7799292E-10,
    5.000000000079));
#11227 = CARTESIAN_POINT('',(6.9,-2.1E-15,-1.499999999999));
#11228 = CARTESIAN_POINT('',(6.90000000632,3.941270816953,
    -0.909090909664));
#11229 = CARTESIAN_POINT('',(4.424159149617,7.882452055811,
    -0.318181816768));
#11230 = CARTESIAN_POINT('',(-0.532658836394,10.095727153259,
    0.272727270802));
#11231 = CARTESIAN_POINT('',(-6.588169828586,8.846303840848,
    0.863636362875));
#11232 = CARTESIAN_POINT('',(-11.10332558017,3.648225284781,
    1.454545461207));
#11233 = CARTESIAN_POINT('',(-11.10332541452,-3.648225316592,
    2.045454532949));
#11234 = CARTESIAN_POINT('',(-6.588169955398,-8.846303764215,
    2.63636364955));
#11235 = CARTESIAN_POINT('',(-0.532658769965,-10.09572721903,
    3.227272718028));
#11236 = CARTESIAN_POINT('',(4.42415912143,-7.882452023563,
    3.818181822282));
#11237 = CARTESIAN_POINT('',(6.900000011979,-3.941270827754,
    4.40909090788));
#11238 = CARTESIAN_POINT('',(6.899999999198,-6.7906298E-10,5.00000000008
    ));
#11239 = ADVANCED_FACE('',(#11240),#11246,.F.);
#11240 = FACE_BOUND('',#11241,.F.);
#11241 = EDGE_LOOP('',(#11242,#11243,#11244,#11245));
#11242 = ORIENTED_EDGE('',*,*,#6067,.F.);
#11243 = ORIENTED_EDGE('',*,*,#11178,.T.);
#11244 = ORIENTED_EDGE('',*,*,#5988,.T.);
#11245 = ORIENTED_EDGE('',*,*,#6045,.F.);
#11246 = B_SPLINE_SURFACE_WITH_KNOTS('',1,8,(
    (#11247,#11248,#11249,#11250,#11251,#11252,#11253,#11254,#11255)
    ,(#11256,#11257,#11258,#11259,#11260,#11261,#11262,#11263,#11264
  )),.UNSPECIFIED.,.F.,.F.,.F.,(2,2),(9,9),(-1.5,-0.),(0.,3.401309322044
    ),.PIECEWISE_BEZIER_KNOTS.);
#11247 = CARTESIAN_POINT('',(7.899999999198,-6.7815975E-10,
    6.500000000078));
#11248 = CARTESIAN_POINT('',(7.899999950929,3.340962931289,
    6.937500004866));
#11249 = CARTESIAN_POINT('',(6.284629044319,6.681928767149,
    7.374999988179));
#11250 = CARTESIAN_POINT('',(3.058752473798,9.112198576307,
    7.812500019642));
#11251 = CARTESIAN_POINT('',(-1.180578266539,9.72293816829,8.24999998249
    ));
#11252 = CARTESIAN_POINT('',(-5.150562807572,8.115407264812,
    8.687500010861));
#11253 = CARTESIAN_POINT('',(-7.701099222639,4.983753877842,
    9.124999997249));
#11254 = CARTESIAN_POINT('',(-8.469985115769,1.353286895285,
    9.562500000945));
#11255 = CARTESIAN_POINT('',(-7.670440353606,-1.89059374505,
    10.000000000451));
#11256 = CARTESIAN_POINT('',(7.899999999198,-6.7813932E-10,
    5.000000000079));
#11257 = CARTESIAN_POINT('',(7.899999950919,3.340962931289,
    5.437500004867));
#11258 = CARTESIAN_POINT('',(6.284629044342,6.681928767148,
    5.874999988172));
#11259 = CARTESIAN_POINT('',(3.058752473763,9.112198576307,
    6.312500019655));
#11260 = CARTESIAN_POINT('',(-1.18057826651,9.722938168286,
    6.749999982477));
#11261 = CARTESIAN_POINT('',(-5.150562807584,8.115407264813,
    7.187500010869));
#11262 = CARTESIAN_POINT('',(-7.701099222636,4.98375387784,
    7.624999997247));
#11263 = CARTESIAN_POINT('',(-8.469985115767,1.353286895285,
    8.062500000945));
#11264 = CARTESIAN_POINT('',(-7.670440353605,-1.89059374505,
    8.500000000451));
#11265 = ADVANCED_FACE('',(#11266),#11272,.F.);
#11266 = FACE_BOUND('',#11267,.T.);
#11267 = EDGE_LOOP('',(#11268,#11269,#11270,#11271));
#11268 = ORIENTED_EDGE('',*,*,#10887,.F.);
#11269 = ORIENTED_EDGE('',*,*,#10870,.T.);
#11270 = ORIENTED_EDGE('',*,*,#6289,.T.);
#11271 = ORIENTED_EDGE('',*,*,#10911,.F.);
#11272 = CONICAL_SURFACE('',#11273,8.1,0.785398163397);
#11273 = AXIS2_PLACEMENT_3D('',#11274,#11275,#11276);
#11274 = CARTESIAN_POINT('',(0.,0.,1.));
#11275 = DIRECTION('',(-0.,-0.,-1.));
#11276 = DIRECTION('',(1.,0.,0.));
#11277 = ADVANCED_FACE('',(#11278),#11287,.F.);
#11278 = FACE_BOUND('',#11279,.T.);
#11279 = EDGE_LOOP('',(#11280,#11281,#11282,#11283,#11284,#11285,#11286)
  );
#11280 = ORIENTED_EDGE('',*,*,#6356,.T.);
#11281 = ORIENTED_EDGE('',*,*,#6404,.T.);
#11282 = ORIENTED_EDGE('',*,*,#6452,.T.);
#11283 = ORIENTED_EDGE('',*,*,#6501,.T.);
#11284 = ORIENTED_EDGE('',*,*,#6477,.F.);
#11285 = ORIENTED_EDGE('',*,*,#6428,.F.);
#11286 = ORIENTED_EDGE('',*,*,#6380,.F.);
#11287 = PLANE('',#11288);
#11288 = AXIS2_PLACEMENT_3D('',#11289,#11290,#11291);
#11289 = CARTESIAN_POINT('',(11.003548804778,-11.25,82.001461049473));
#11290 = DIRECTION('',(0.,1.,0.));
#11291 = DIRECTION('',(0.,0.,1.));
#11292 = ADVANCED_FACE('',(#11293),#11302,.F.);
#11293 = FACE_BOUND('',#11294,.T.);
#11294 = EDGE_LOOP('',(#11295,#11296,#11297,#11298,#11299,#11300,#11301)
  );
#11295 = ORIENTED_EDGE('',*,*,#6525,.T.);
#11296 = ORIENTED_EDGE('',*,*,#6573,.T.);
#11297 = ORIENTED_EDGE('',*,*,#6621,.T.);
#11298 = ORIENTED_EDGE('',*,*,#6670,.T.);
#11299 = ORIENTED_EDGE('',*,*,#6646,.F.);
#11300 = ORIENTED_EDGE('',*,*,#6597,.F.);
#11301 = ORIENTED_EDGE('',*,*,#6549,.F.);
#11302 = PLANE('',#11303);
#11303 = AXIS2_PLACEMENT_3D('',#11304,#11305,#11306);
#11304 = CARTESIAN_POINT('',(11.003548804778,-11.25,82.001461049473));
#11305 = DIRECTION('',(0.,1.,0.));
#11306 = DIRECTION('',(0.,0.,1.));
#11307 = ADVANCED_FACE('',(#11308),#11322,.T.);
#11308 = FACE_BOUND('',#11309,.T.);
#11309 = EDGE_LOOP('',(#11310,#11311,#11312,#11313,#11314,#11315,#11316,
    #11317,#11318,#11319,#11320,#11321));
#11310 = ORIENTED_EDGE('',*,*,#6958,.F.);
#11311 = ORIENTED_EDGE('',*,*,#6694,.F.);
#11312 = ORIENTED_EDGE('',*,*,#6725,.F.);
#11313 = ORIENTED_EDGE('',*,*,#6749,.F.);
#11314 = ORIENTED_EDGE('',*,*,#6773,.F.);
#11315 = ORIENTED_EDGE('',*,*,#6797,.F.);
#11316 = ORIENTED_EDGE('',*,*,#6821,.F.);
#11317 = ORIENTED_EDGE('',*,*,#6845,.F.);
#11318 = ORIENTED_EDGE('',*,*,#6869,.F.);
#11319 = ORIENTED_EDGE('',*,*,#6893,.F.);
#11320 = ORIENTED_EDGE('',*,*,#6917,.F.);
#11321 = ORIENTED_EDGE('',*,*,#6941,.F.);
#11322 = PLANE('',#11323);
#11323 = AXIS2_PLACEMENT_3D('',#11324,#11325,#11326);
#11324 = CARTESIAN_POINT('',(11.003649857047,-11.25,63.178538602941));
#11325 = DIRECTION('',(0.,-1.,0.));
#11326 = DIRECTION('',(0.,0.,-1.));
#11327 = ADVANCED_FACE('',(#11328),#11346,.F.);
#11328 = FACE_BOUND('',#11329,.T.);
#11329 = EDGE_LOOP('',(#11330,#11331,#11332,#11333,#11334,#11335,#11336,
    #11337,#11338,#11339,#11340,#11341,#11342,#11343,#11344,#11345));
#11330 = ORIENTED_EDGE('',*,*,#6982,.T.);
#11331 = ORIENTED_EDGE('',*,*,#7030,.T.);
#11332 = ORIENTED_EDGE('',*,*,#7079,.T.);
#11333 = ORIENTED_EDGE('',*,*,#7127,.T.);
#11334 = ORIENTED_EDGE('',*,*,#7176,.T.);
#11335 = ORIENTED_EDGE('',*,*,#7225,.T.);
#11336 = ORIENTED_EDGE('',*,*,#7273,.T.);
#11337 = ORIENTED_EDGE('',*,*,#7322,.T.);
#11338 = ORIENTED_EDGE('',*,*,#7346,.T.);
#11339 = ORIENTED_EDGE('',*,*,#7305,.T.);
#11340 = ORIENTED_EDGE('',*,*,#7256,.T.);
#11341 = ORIENTED_EDGE('',*,*,#7207,.T.);
#11342 = ORIENTED_EDGE('',*,*,#7159,.T.);
#11343 = ORIENTED_EDGE('',*,*,#7110,.T.);
#11344 = ORIENTED_EDGE('',*,*,#7061,.T.);
#11345 = ORIENTED_EDGE('',*,*,#7013,.T.);
#11346 = PLANE('',#11347);
#11347 = AXIS2_PLACEMENT_3D('',#11348,#11349,#11350);
#11348 = CARTESIAN_POINT('',(11.003548804778,-11.25,82.001461049473));
#11349 = DIRECTION('',(0.,1.,0.));
#11350 = DIRECTION('',(0.,0.,1.));
#11351 = ADVANCED_FACE('',(#11352),#11361,.F.);
#11352 = FACE_BOUND('',#11353,.T.);
#11353 = EDGE_LOOP('',(#11354,#11355,#11356,#11357,#11358,#11359,#11360)
  );
#11354 = ORIENTED_EDGE('',*,*,#7370,.T.);
#11355 = ORIENTED_EDGE('',*,*,#7418,.T.);
#11356 = ORIENTED_EDGE('',*,*,#7466,.T.);
#11357 = ORIENTED_EDGE('',*,*,#7515,.T.);
#11358 = ORIENTED_EDGE('',*,*,#7498,.T.);
#11359 = ORIENTED_EDGE('',*,*,#7442,.F.);
#11360 = ORIENTED_EDGE('',*,*,#7394,.F.);
#11361 = PLANE('',#11362);
#11362 = AXIS2_PLACEMENT_3D('',#11363,#11364,#11365);
#11363 = CARTESIAN_POINT('',(11.003548804778,-11.25,82.001461049473));
#11364 = DIRECTION('',(0.,1.,0.));
#11365 = DIRECTION('',(0.,0.,1.));
#11366 = ADVANCED_FACE('',(#11367),#11376,.F.);
#11367 = FACE_BOUND('',#11368,.T.);
#11368 = EDGE_LOOP('',(#11369,#11370,#11371,#11372,#11373,#11374,#11375)
  );
#11369 = ORIENTED_EDGE('',*,*,#7539,.T.);
#11370 = ORIENTED_EDGE('',*,*,#7587,.T.);
#11371 = ORIENTED_EDGE('',*,*,#7636,.T.);
#11372 = ORIENTED_EDGE('',*,*,#7684,.F.);
#11373 = ORIENTED_EDGE('',*,*,#7660,.F.);
#11374 = ORIENTED_EDGE('',*,*,#7612,.F.);
#11375 = ORIENTED_EDGE('',*,*,#7563,.F.);
#11376 = PLANE('',#11377);
#11377 = AXIS2_PLACEMENT_3D('',#11378,#11379,#11380);
#11378 = CARTESIAN_POINT('',(11.003548804778,-11.25,82.001461049473));
#11379 = DIRECTION('',(0.,1.,0.));
#11380 = DIRECTION('',(0.,0.,1.));
#11381 = ADVANCED_FACE('',(#11382),#11403,.T.);
#11382 = FACE_BOUND('',#11383,.T.);
#11383 = EDGE_LOOP('',(#11384,#11385,#11386,#11387,#11388,#11389,#11390,
    #11391,#11392,#11393,#11394,#11395,#11396,#11397,#11398,#11399,
    #11400,#11401,#11402));
#11384 = ORIENTED_EDGE('',*,*,#8162,.F.);
#11385 = ORIENTED_EDGE('',*,*,#7708,.F.);
#11386 = ORIENTED_EDGE('',*,*,#7739,.F.);
#11387 = ORIENTED_EDGE('',*,*,#7763,.F.);
#11388 = ORIENTED_EDGE('',*,*,#7789,.F.);
#11389 = ORIENTED_EDGE('',*,*,#7815,.F.);
#11390 = ORIENTED_EDGE('',*,*,#7841,.F.);
#11391 = ORIENTED_EDGE('',*,*,#7867,.F.);
#11392 = ORIENTED_EDGE('',*,*,#7893,.F.);
#11393 = ORIENTED_EDGE('',*,*,#7919,.F.);
#11394 = ORIENTED_EDGE('',*,*,#7945,.F.);
#11395 = ORIENTED_EDGE('',*,*,#7971,.F.);
#11396 = ORIENTED_EDGE('',*,*,#7995,.F.);
#11397 = ORIENTED_EDGE('',*,*,#8019,.F.);
#11398 = ORIENTED_EDGE('',*,*,#8043,.F.);
#11399 = ORIENTED_EDGE('',*,*,#8067,.F.);
#11400 = ORIENTED_EDGE('',*,*,#8091,.F.);
#11401 = ORIENTED_EDGE('',*,*,#8117,.F.);
#11402 = ORIENTED_EDGE('',*,*,#8143,.F.);
#11403 = PLANE('',#11404);
#11404 = AXIS2_PLACEMENT_3D('',#11405,#11406,#11407);
#11405 = CARTESIAN_POINT('',(9.98503388291,-11.25,54.232477013995));
#11406 = DIRECTION('',(0.,-1.,0.));
#11407 = DIRECTION('',(0.,0.,-1.));
#11408 = ADVANCED_FACE('',(#11409),#11449,.T.);
#11409 = FACE_BOUND('',#11410,.T.);
#11410 = EDGE_LOOP('',(#11411,#11412,#11413,#11414,#11415,#11416,#11417,
    #11418,#11419,#11420,#11421,#11422,#11423,#11424,#11425,#11426,
    #11427,#11428,#11429,#11430,#11431,#11432,#11433,#11434,#11435,
    #11436,#11437,#11438,#11439,#11440,#11441,#11442,#11443,#11444,
    #11445,#11446,#11447,#11448));
#11411 = ORIENTED_EDGE('',*,*,#9144,.F.);
#11412 = ORIENTED_EDGE('',*,*,#8186,.F.);
#11413 = ORIENTED_EDGE('',*,*,#8219,.F.);
#11414 = ORIENTED_EDGE('',*,*,#8245,.F.);
#11415 = ORIENTED_EDGE('',*,*,#8271,.F.);
#11416 = ORIENTED_EDGE('',*,*,#8297,.F.);
#11417 = ORIENTED_EDGE('',*,*,#8323,.F.);
#11418 = ORIENTED_EDGE('',*,*,#8349,.F.);
#11419 = ORIENTED_EDGE('',*,*,#8375,.F.);
#11420 = ORIENTED_EDGE('',*,*,#8401,.F.);
#11421 = ORIENTED_EDGE('',*,*,#8427,.F.);
#11422 = ORIENTED_EDGE('',*,*,#8453,.F.);
#11423 = ORIENTED_EDGE('',*,*,#8479,.F.);
#11424 = ORIENTED_EDGE('',*,*,#8505,.F.);
#11425 = ORIENTED_EDGE('',*,*,#8529,.F.);
#11426 = ORIENTED_EDGE('',*,*,#8555,.F.);
#11427 = ORIENTED_EDGE('',*,*,#8581,.F.);
#11428 = ORIENTED_EDGE('',*,*,#8607,.F.);
#11429 = ORIENTED_EDGE('',*,*,#8633,.F.);
#11430 = ORIENTED_EDGE('',*,*,#8659,.F.);
#11431 = ORIENTED_EDGE('',*,*,#8685,.F.);
#11432 = ORIENTED_EDGE('',*,*,#8711,.F.);
#11433 = ORIENTED_EDGE('',*,*,#8737,.F.);
#11434 = ORIENTED_EDGE('',*,*,#8763,.F.);
#11435 = ORIENTED_EDGE('',*,*,#8789,.F.);
#11436 = ORIENTED_EDGE('',*,*,#8815,.F.);
#11437 = ORIENTED_EDGE('',*,*,#8841,.F.);
#11438 = ORIENTED_EDGE('',*,*,#8867,.F.);
#11439 = ORIENTED_EDGE('',*,*,#8893,.F.);
#11440 = ORIENTED_EDGE('',*,*,#8919,.F.);
#11441 = ORIENTED_EDGE('',*,*,#8945,.F.);
#11442 = ORIENTED_EDGE('',*,*,#8971,.F.);
#11443 = ORIENTED_EDGE('',*,*,#8997,.F.);
#11444 = ORIENTED_EDGE('',*,*,#9021,.F.);
#11445 = ORIENTED_EDGE('',*,*,#9047,.F.);
#11446 = ORIENTED_EDGE('',*,*,#9073,.F.);
#11447 = ORIENTED_EDGE('',*,*,#9099,.F.);
#11448 = ORIENTED_EDGE('',*,*,#9125,.F.);
#11449 = PLANE('',#11450);
#11450 = AXIS2_PLACEMENT_3D('',#11451,#11452,#11453);
#11451 = CARTESIAN_POINT('',(9.753328885609,-11.25,45.158219458651));
#11452 = DIRECTION('',(0.,-1.,0.));
#11453 = DIRECTION('',(0.,0.,-1.));
#11454 = ADVANCED_FACE('',(#11455),#11477,.T.);
#11455 = FACE_BOUND('',#11456,.T.);
#11456 = EDGE_LOOP('',(#11457,#11458,#11459,#11460,#11461,#11462,#11463,
    #11464,#11465,#11466,#11467,#11468,#11469,#11470,#11471,#11472,
    #11473,#11474,#11475,#11476));
#11457 = ORIENTED_EDGE('',*,*,#9650,.F.);
#11458 = ORIENTED_EDGE('',*,*,#9170,.F.);
#11459 = ORIENTED_EDGE('',*,*,#9201,.F.);
#11460 = ORIENTED_EDGE('',*,*,#9225,.F.);
#11461 = ORIENTED_EDGE('',*,*,#9251,.F.);
#11462 = ORIENTED_EDGE('',*,*,#9277,.F.);
#11463 = ORIENTED_EDGE('',*,*,#9303,.F.);
#11464 = ORIENTED_EDGE('',*,*,#9329,.F.);
#11465 = ORIENTED_EDGE('',*,*,#9355,.F.);
#11466 = ORIENTED_EDGE('',*,*,#9381,.F.);
#11467 = ORIENTED_EDGE('',*,*,#9407,.F.);
#11468 = ORIENTED_EDGE('',*,*,#9433,.F.);
#11469 = ORIENTED_EDGE('',*,*,#9457,.F.);
#11470 = ORIENTED_EDGE('',*,*,#9481,.F.);
#11471 = ORIENTED_EDGE('',*,*,#9505,.F.);
#11472 = ORIENTED_EDGE('',*,*,#9529,.F.);
#11473 = ORIENTED_EDGE('',*,*,#9553,.F.);
#11474 = ORIENTED_EDGE('',*,*,#9579,.F.);
#11475 = ORIENTED_EDGE('',*,*,#9605,.F.);
#11476 = ORIENTED_EDGE('',*,*,#9631,.F.);
#11477 = PLANE('',#11478);
#11478 = AXIS2_PLACEMENT_3D('',#11479,#11480,#11481);
#11479 = CARTESIAN_POINT('',(9.679614726062,-11.25,35.891598300658));
#11480 = DIRECTION('',(0.,-1.,0.));
#11481 = DIRECTION('',(0.,0.,-1.));
#11482 = ADVANCED_FACE('',(#11483,#11500,#11574),#11664,.T.);
#11483 = FACE_BOUND('',#11484,.T.);
#11484 = EDGE_LOOP('',(#11485,#11486,#11487,#11488,#11489,#11490,#11491,
    #11492,#11493,#11494,#11495,#11496,#11497,#11498,#11499));
#11485 = ORIENTED_EDGE('',*,*,#10034,.F.);
#11486 = ORIENTED_EDGE('',*,*,#9674,.F.);
#11487 = ORIENTED_EDGE('',*,*,#9705,.F.);
#11488 = ORIENTED_EDGE('',*,*,#9731,.F.);
#11489 = ORIENTED_EDGE('',*,*,#9757,.F.);
#11490 = ORIENTED_EDGE('',*,*,#9783,.F.);
#11491 = ORIENTED_EDGE('',*,*,#9809,.F.);
#11492 = ORIENTED_EDGE('',*,*,#9835,.F.);
#11493 = ORIENTED_EDGE('',*,*,#9861,.F.);
#11494 = ORIENTED_EDGE('',*,*,#9887,.F.);
#11495 = ORIENTED_EDGE('',*,*,#9913,.F.);
#11496 = ORIENTED_EDGE('',*,*,#9939,.F.);
#11497 = ORIENTED_EDGE('',*,*,#9965,.F.);
#11498 = ORIENTED_EDGE('',*,*,#9991,.F.);
#11499 = ORIENTED_EDGE('',*,*,#10017,.F.);
#11500 = FACE_BOUND('',#11501,.T.);
#11501 = EDGE_LOOP('',(#11502,#11512,#11520,#11528,#11536,#11544,#11552,
    #11560,#11568));
#11502 = ORIENTED_EDGE('',*,*,#11503,.F.);
#11503 = EDGE_CURVE('',#11504,#11506,#11508,.T.);
#11504 = VERTEX_POINT('',#11505);
#11505 = CARTESIAN_POINT('',(7.362745098039,-11.25,27.088005514706));
#11506 = VERTEX_POINT('',#11507);
#11507 = CARTESIAN_POINT('',(7.482843137255,-11.25,26.255897671569));
#11508 = B_SPLINE_CURVE_WITH_KNOTS('',2,(#11509,#11510,#11511),
  .UNSPECIFIED.,.F.,.F.,(3,3),(0.,1.),.PIECEWISE_BEZIER_KNOTS.);
#11509 = CARTESIAN_POINT('',(7.362745098039,-11.25,27.088005514706));
#11510 = CARTESIAN_POINT('',(7.362745098039,-11.25,26.613511029412));
#11511 = CARTESIAN_POINT('',(7.482843137255,-11.25,26.255897671569));
#11512 = ORIENTED_EDGE('',*,*,#11513,.F.);
#11513 = EDGE_CURVE('',#11514,#11504,#11516,.T.);
#11514 = VERTEX_POINT('',#11515);
#11515 = CARTESIAN_POINT('',(7.362745098039,-11.25,28.471277573529));
#11516 = LINE('',#11517,#11518);
#11517 = CARTESIAN_POINT('',(7.362745098039,-11.25,28.471277573529));
#11518 = VECTOR('',#11519,1.);
#11519 = DIRECTION('',(0.,0.,-1.));
#11520 = ORIENTED_EDGE('',*,*,#11521,.F.);
#11521 = EDGE_CURVE('',#11522,#11514,#11524,.T.);
#11522 = VERTEX_POINT('',#11523);
#11523 = CARTESIAN_POINT('',(10.382352941176,-11.25,28.471277573529));
#11524 = LINE('',#11525,#11526);
#11525 = CARTESIAN_POINT('',(10.382352941176,-11.25,28.471277573529));
#11526 = VECTOR('',#11527,1.);
#11527 = DIRECTION('',(-1.,0.,0.));
#11528 = ORIENTED_EDGE('',*,*,#11529,.F.);
#11529 = EDGE_CURVE('',#11530,#11522,#11532,.T.);
#11530 = VERTEX_POINT('',#11531);
#11531 = CARTESIAN_POINT('',(10.382352941176,-11.25,27.240808823529));
#11532 = LINE('',#11533,#11534);
#11533 = CARTESIAN_POINT('',(10.382352941176,-11.25,27.240808823529));
#11534 = VECTOR('',#11535,1.);
#11535 = DIRECTION('',(0.,0.,1.));
#11536 = ORIENTED_EDGE('',*,*,#11537,.F.);
#11537 = EDGE_CURVE('',#11538,#11530,#11540,.T.);
#11538 = VERTEX_POINT('',#11539);
#11539 = CARTESIAN_POINT('',(9.997931985294,-11.25,25.676853553922));
#11540 = B_SPLINE_CURVE_WITH_KNOTS('',2,(#11541,#11542,#11543),
  .UNSPECIFIED.,.F.,.F.,(3,3),(0.,1.),.PIECEWISE_BEZIER_KNOTS.);
#11541 = CARTESIAN_POINT('',(9.997931985294,-11.25,25.676853553922));
#11542 = CARTESIAN_POINT('',(10.382352941176,-11.25,26.187270220588));
#11543 = CARTESIAN_POINT('',(10.382352941176,-11.25,27.240808823529));
#11544 = ORIENTED_EDGE('',*,*,#11545,.F.);
#11545 = EDGE_CURVE('',#11546,#11538,#11548,.T.);
#11546 = VERTEX_POINT('',#11547);
#11547 = CARTESIAN_POINT('',(8.932598039216,-11.25,25.165900735294));
#11548 = B_SPLINE_CURVE_WITH_KNOTS('',2,(#11549,#11550,#11551),
  .UNSPECIFIED.,.F.,.F.,(3,3),(0.,1.),.PIECEWISE_BEZIER_KNOTS.);
#11549 = CARTESIAN_POINT('',(8.932598039216,-11.25,25.165900735294));
#11550 = CARTESIAN_POINT('',(9.613511029412,-11.25,25.165900735294));
#11551 = CARTESIAN_POINT('',(9.997931985294,-11.25,25.676853553922));
#11552 = ORIENTED_EDGE('',*,*,#11553,.F.);
#11553 = EDGE_CURVE('',#11554,#11546,#11556,.T.);
#11554 = VERTEX_POINT('',#11555);
#11555 = CARTESIAN_POINT('',(8.316023284314,-11.25,25.290824142157));
#11556 = B_SPLINE_CURVE_WITH_KNOTS('',2,(#11557,#11558,#11559),
  .UNSPECIFIED.,.F.,.F.,(3,3),(0.,1.),.PIECEWISE_BEZIER_KNOTS.);
#11557 = CARTESIAN_POINT('',(8.316023284314,-11.25,25.290824142157));
#11558 = CARTESIAN_POINT('',(8.604473039216,-11.25,25.165900735294));
#11559 = CARTESIAN_POINT('',(8.932598039216,-11.25,25.165900735294));
#11560 = ORIENTED_EDGE('',*,*,#11561,.F.);
#11561 = EDGE_CURVE('',#11562,#11554,#11564,.T.);
#11562 = VERTEX_POINT('',#11563);
#11563 = CARTESIAN_POINT('',(7.815257352941,-11.25,25.656479779412));
#11564 = B_SPLINE_CURVE_WITH_KNOTS('',2,(#11565,#11566,#11567),
  .UNSPECIFIED.,.F.,.F.,(3,3),(0.,1.),.PIECEWISE_BEZIER_KNOTS.);
#11565 = CARTESIAN_POINT('',(7.815257352941,-11.25,25.656479779412));
#11566 = CARTESIAN_POINT('',(8.027573529412,-11.25,25.415211397059));
#11567 = CARTESIAN_POINT('',(8.316023284314,-11.25,25.290824142157));
#11568 = ORIENTED_EDGE('',*,*,#11569,.F.);
#11569 = EDGE_CURVE('',#11506,#11562,#11570,.T.);
#11570 = B_SPLINE_CURVE_WITH_KNOTS('',2,(#11571,#11572,#11573),
  .UNSPECIFIED.,.F.,.F.,(3,3),(0.,1.),.PIECEWISE_BEZIER_KNOTS.);
#11571 = CARTESIAN_POINT('',(7.482843137255,-11.25,26.255897671569));
#11572 = CARTESIAN_POINT('',(7.602941176471,-11.25,25.897748161765));
#11573 = CARTESIAN_POINT('',(7.815257352941,-11.25,25.656479779412));
#11574 = FACE_BOUND('',#11575,.T.);
#11575 = EDGE_LOOP('',(#11576,#11586,#11594,#11602,#11610,#11618,#11626,
    #11634,#11642,#11650,#11658));
#11576 = ORIENTED_EDGE('',*,*,#11577,.F.);
#11577 = EDGE_CURVE('',#11578,#11580,#11582,.T.);
#11578 = VERTEX_POINT('',#11579);
#11579 = CARTESIAN_POINT('',(13.370327818627,-11.25,25.51171875));
#11580 = VERTEX_POINT('',#11581);
#11581 = CARTESIAN_POINT('',(13.908088235294,-11.25,25.608226102941));
#11582 = B_SPLINE_CURVE_WITH_KNOTS('',2,(#11583,#11584,#11585),
  .UNSPECIFIED.,.F.,.F.,(3,3),(0.,1.),.PIECEWISE_BEZIER_KNOTS.);
#11583 = CARTESIAN_POINT('',(13.370327818627,-11.25,25.51171875));
#11584 = CARTESIAN_POINT('',(13.667356004902,-11.25,25.51171875));
#11585 = CARTESIAN_POINT('',(13.908088235294,-11.25,25.608226102941));
#11586 = ORIENTED_EDGE('',*,*,#11587,.F.);
#11587 = EDGE_CURVE('',#11588,#11578,#11590,.T.);
#11588 = VERTEX_POINT('',#11589);
#11589 = CARTESIAN_POINT('',(12.799862132353,-11.25,25.604473039216));
#11590 = B_SPLINE_CURVE_WITH_KNOTS('',2,(#11591,#11592,#11593),
  .UNSPECIFIED.,.F.,.F.,(3,3),(0.,1.),.PIECEWISE_BEZIER_KNOTS.);
#11591 = CARTESIAN_POINT('',(12.799862132353,-11.25,25.604473039216));
#11592 = CARTESIAN_POINT('',(13.06472120098,-11.25,25.51171875));
#11593 = CARTESIAN_POINT('',(13.370327818627,-11.25,25.51171875));
#11594 = ORIENTED_EDGE('',*,*,#11595,.F.);
#11595 = EDGE_CURVE('',#11596,#11588,#11598,.T.);
#11596 = VERTEX_POINT('',#11597);
#11597 = CARTESIAN_POINT('',(12.329656862745,-11.25,25.910079656863));
#11598 = B_SPLINE_CURVE_WITH_KNOTS('',2,(#11599,#11600,#11601),
  .UNSPECIFIED.,.F.,.F.,(3,3),(0.,1.),.PIECEWISE_BEZIER_KNOTS.);
#11599 = CARTESIAN_POINT('',(12.329656862745,-11.25,25.910079656863));
#11600 = CARTESIAN_POINT('',(12.535003063725,-11.25,25.696691176471));
#11601 = CARTESIAN_POINT('',(12.799862132353,-11.25,25.604473039216));
#11602 = ORIENTED_EDGE('',*,*,#11603,.F.);
#11603 = EDGE_CURVE('',#11604,#11596,#11606,.T.);
#11604 = VERTEX_POINT('',#11605);
#11605 = CARTESIAN_POINT('',(12.008501838235,-11.25,26.456954656863));
#11606 = B_SPLINE_CURVE_WITH_KNOTS('',2,(#11607,#11608,#11609),
  .UNSPECIFIED.,.F.,.F.,(3,3),(0.,1.),.PIECEWISE_BEZIER_KNOTS.);
#11607 = CARTESIAN_POINT('',(12.008501838235,-11.25,26.456954656863));
#11608 = CARTESIAN_POINT('',(12.124846813725,-11.25,26.122931985294));
#11609 = CARTESIAN_POINT('',(12.329656862745,-11.25,25.910079656863));
#11610 = ORIENTED_EDGE('',*,*,#11611,.F.);
#11611 = EDGE_CURVE('',#11612,#11604,#11614,.T.);
#11612 = VERTEX_POINT('',#11613);
#11613 = CARTESIAN_POINT('',(11.892156862745,-11.25,27.272977941176));
#11614 = B_SPLINE_CURVE_WITH_KNOTS('',2,(#11615,#11616,#11617),
  .UNSPECIFIED.,.F.,.F.,(3,3),(0.,1.),.PIECEWISE_BEZIER_KNOTS.);
#11615 = CARTESIAN_POINT('',(11.892156862745,-11.25,27.272977941176));
#11616 = CARTESIAN_POINT('',(11.892156862745,-11.25,26.790441176471));
#11617 = CARTESIAN_POINT('',(12.008501838235,-11.25,26.456954656863));
#11618 = ORIENTED_EDGE('',*,*,#11619,.F.);
#11619 = EDGE_CURVE('',#11620,#11612,#11622,.T.);
#11620 = VERTEX_POINT('',#11621);
#11621 = CARTESIAN_POINT('',(11.892156862745,-11.25,28.471277573529));
#11622 = LINE('',#11623,#11624);
#11623 = CARTESIAN_POINT('',(11.892156862745,-11.25,28.471277573529));
#11624 = VECTOR('',#11625,1.);
#11625 = DIRECTION('',(0.,0.,-1.));
#11626 = ORIENTED_EDGE('',*,*,#11627,.F.);
#11627 = EDGE_CURVE('',#11628,#11620,#11630,.T.);
#11628 = VERTEX_POINT('',#11629);
#11629 = CARTESIAN_POINT('',(14.671568627451,-11.25,28.471277573529));
#11630 = LINE('',#11631,#11632);
#11631 = CARTESIAN_POINT('',(14.671568627451,-11.25,28.471277573529));
#11632 = VECTOR('',#11633,1.);
#11633 = DIRECTION('',(-1.,0.,0.));
#11634 = ORIENTED_EDGE('',*,*,#11635,.F.);
#11635 = EDGE_CURVE('',#11636,#11628,#11638,.T.);
#11636 = VERTEX_POINT('',#11637);
#11637 = CARTESIAN_POINT('',(14.671568627451,-11.25,27.272977941176));
#11638 = LINE('',#11639,#11640);
#11639 = CARTESIAN_POINT('',(14.671568627451,-11.25,27.272977941176));
#11640 = VECTOR('',#11641,1.);
#11641 = DIRECTION('',(0.,0.,1.));
#11642 = ORIENTED_EDGE('',*,*,#11643,.F.);
#11643 = EDGE_CURVE('',#11644,#11636,#11646,.T.);
#11644 = VERTEX_POINT('',#11645);
#11645 = CARTESIAN_POINT('',(14.578814338235,-11.25,26.464996936275));
#11646 = B_SPLINE_CURVE_WITH_KNOTS('',2,(#11647,#11648,#11649),
  .UNSPECIFIED.,.F.,.F.,(3,3),(0.,1.),.PIECEWISE_BEZIER_KNOTS.);
#11647 = CARTESIAN_POINT('',(14.578814338235,-11.25,26.464996936275));
#11648 = CARTESIAN_POINT('',(14.671568627451,-11.25,26.798483455882));
#11649 = CARTESIAN_POINT('',(14.671568627451,-11.25,27.272977941176));
#11650 = ORIENTED_EDGE('',*,*,#11651,.F.);
#11651 = EDGE_CURVE('',#11652,#11644,#11654,.T.);
#11652 = VERTEX_POINT('',#11653);
#11653 = CARTESIAN_POINT('',(14.317708333333,-11.25,25.918121936275));
#11654 = B_SPLINE_CURVE_WITH_KNOTS('',2,(#11655,#11656,#11657),
  .UNSPECIFIED.,.F.,.F.,(3,3),(0.,1.),.PIECEWISE_BEZIER_KNOTS.);
#11655 = CARTESIAN_POINT('',(14.317708333333,-11.25,25.918121936275));
#11656 = CARTESIAN_POINT('',(14.48659620098,-11.25,26.130974264706));
#11657 = CARTESIAN_POINT('',(14.578814338235,-11.25,26.464996936275));
#11658 = ORIENTED_EDGE('',*,*,#11659,.F.);
#11659 = EDGE_CURVE('',#11580,#11652,#11660,.T.);
#11660 = B_SPLINE_CURVE_WITH_KNOTS('',2,(#11661,#11662,#11663),
  .UNSPECIFIED.,.F.,.F.,(3,3),(0.,1.),.PIECEWISE_BEZIER_KNOTS.);
#11661 = CARTESIAN_POINT('',(13.908088235294,-11.25,25.608226102941));
#11662 = CARTESIAN_POINT('',(14.149356617647,-11.25,25.704733455882));
#11663 = CARTESIAN_POINT('',(14.317708333333,-11.25,25.918121936275));
#11664 = PLANE('',#11665);
#11665 = AXIS2_PLACEMENT_3D('',#11666,#11667,#11668);
#11666 = CARTESIAN_POINT('',(10.993283102292,-11.25,27.09322650555));
#11667 = DIRECTION('',(0.,-1.,0.));
#11668 = DIRECTION('',(0.,0.,-1.));
#11669 = ADVANCED_FACE('',(#11670,#11688),#11786,.T.);
#11670 = FACE_BOUND('',#11671,.T.);
#11671 = EDGE_LOOP('',(#11672,#11673,#11674,#11675,#11676,#11677,#11678,
    #11679,#11680,#11681,#11682,#11683,#11684,#11685,#11686,#11687));
#11672 = ORIENTED_EDGE('',*,*,#10448,.F.);
#11673 = ORIENTED_EDGE('',*,*,#10058,.F.);
#11674 = ORIENTED_EDGE('',*,*,#10091,.F.);
#11675 = ORIENTED_EDGE('',*,*,#10117,.F.);
#11676 = ORIENTED_EDGE('',*,*,#10143,.F.);
#11677 = ORIENTED_EDGE('',*,*,#10169,.F.);
#11678 = ORIENTED_EDGE('',*,*,#10195,.F.);
#11679 = ORIENTED_EDGE('',*,*,#10221,.F.);
#11680 = ORIENTED_EDGE('',*,*,#10247,.F.);
#11681 = ORIENTED_EDGE('',*,*,#10273,.F.);
#11682 = ORIENTED_EDGE('',*,*,#10299,.F.);
#11683 = ORIENTED_EDGE('',*,*,#10325,.F.);
#11684 = ORIENTED_EDGE('',*,*,#10351,.F.);
#11685 = ORIENTED_EDGE('',*,*,#10377,.F.);
#11686 = ORIENTED_EDGE('',*,*,#10403,.F.);
#11687 = ORIENTED_EDGE('',*,*,#10429,.F.);
#11688 = FACE_BOUND('',#11689,.T.);
#11689 = EDGE_LOOP('',(#11690,#11700,#11708,#11716,#11724,#11732,#11740,
    #11748,#11756,#11764,#11772,#11780));
#11690 = ORIENTED_EDGE('',*,*,#11691,.F.);
#11691 = EDGE_CURVE('',#11692,#11694,#11696,.T.);
#11692 = VERTEX_POINT('',#11693);
#11693 = CARTESIAN_POINT('',(9.853707107843,-11.25,15.978400735294));
#11694 = VERTEX_POINT('',#11695);
#11695 = CARTESIAN_POINT('',(11.766161151961,-11.25,16.457184436275));
#11696 = B_SPLINE_CURVE_WITH_KNOTS('',2,(#11697,#11698,#11699),
  .UNSPECIFIED.,.F.,.F.,(3,3),(0.,1.),.PIECEWISE_BEZIER_KNOTS.);
#11697 = CARTESIAN_POINT('',(9.853707107843,-11.25,15.978400735294));
#11698 = CARTESIAN_POINT('',(11.125995710784,-11.25,15.978400735294));
#11699 = CARTESIAN_POINT('',(11.766161151961,-11.25,16.457184436275));
#11700 = ORIENTED_EDGE('',*,*,#11701,.F.);
#11701 = EDGE_CURVE('',#11702,#11692,#11704,.T.);
#11702 = VERTEX_POINT('',#11703);
#11703 = CARTESIAN_POINT('',(8.830193014706,-11.25,16.090992647059));
#11704 = B_SPLINE_CURVE_WITH_KNOTS('',2,(#11705,#11706,#11707),
  .UNSPECIFIED.,.F.,.F.,(3,3),(0.,1.),.PIECEWISE_BEZIER_KNOTS.);
#11705 = CARTESIAN_POINT('',(8.830193014706,-11.25,16.090992647059));
#11706 = CARTESIAN_POINT('',(9.305759803922,-11.25,15.978400735294));
#11707 = CARTESIAN_POINT('',(9.853707107843,-11.25,15.978400735294));
#11708 = ORIENTED_EDGE('',*,*,#11709,.F.);
#11709 = EDGE_CURVE('',#11710,#11702,#11712,.T.);
#11710 = VERTEX_POINT('',#11711);
#11711 = CARTESIAN_POINT('',(8.004518995098,-11.25,16.428768382353));
#11712 = B_SPLINE_CURVE_WITH_KNOTS('',2,(#11713,#11714,#11715),
  .UNSPECIFIED.,.F.,.F.,(3,3),(0.,1.),.PIECEWISE_BEZIER_KNOTS.);
#11713 = CARTESIAN_POINT('',(8.004518995098,-11.25,16.428768382353));
#11714 = CARTESIAN_POINT('',(8.355162377451,-11.25,16.203584558824));
#11715 = CARTESIAN_POINT('',(8.830193014706,-11.25,16.090992647059));
#11716 = ORIENTED_EDGE('',*,*,#11717,.F.);
#11717 = EDGE_CURVE('',#11718,#11710,#11720,.T.);
#11718 = VERTEX_POINT('',#11719);
#11719 = CARTESIAN_POINT('',(7.457107843137,-11.25,17.015854779412));
#11720 = B_SPLINE_CURVE_WITH_KNOTS('',2,(#11721,#11722,#11723),
  .UNSPECIFIED.,.F.,.F.,(3,3),(0.,1.),.PIECEWISE_BEZIER_KNOTS.);
#11721 = CARTESIAN_POINT('',(7.457107843137,-11.25,17.015854779412));
#11722 = CARTESIAN_POINT('',(7.654411764706,-11.25,16.653952205882));
#11723 = CARTESIAN_POINT('',(8.004518995098,-11.25,16.428768382353));
#11724 = ORIENTED_EDGE('',*,*,#11725,.F.);
#11725 = EDGE_CURVE('',#11726,#11718,#11728,.T.);
#11726 = VERTEX_POINT('',#11727);
#11727 = CARTESIAN_POINT('',(7.259803921569,-11.25,17.868336397059));
#11728 = B_SPLINE_CURVE_WITH_KNOTS('',2,(#11729,#11730,#11731),
  .UNSPECIFIED.,.F.,.F.,(3,3),(0.,1.),.PIECEWISE_BEZIER_KNOTS.);
#11729 = CARTESIAN_POINT('',(7.259803921569,-11.25,17.868336397059));
#11730 = CARTESIAN_POINT('',(7.259803921569,-11.25,17.377757352941));
#11731 = CARTESIAN_POINT('',(7.457107843137,-11.25,17.015854779412));
#11732 = ORIENTED_EDGE('',*,*,#11733,.F.);
#11733 = EDGE_CURVE('',#11734,#11726,#11736,.T.);
#11734 = VERTEX_POINT('',#11735);
#11735 = CARTESIAN_POINT('',(7.908011642157,-11.25,19.275735294118));
#11736 = B_SPLINE_CURVE_WITH_KNOTS('',2,(#11737,#11738,#11739),
  .UNSPECIFIED.,.F.,.F.,(3,3),(0.,1.),.PIECEWISE_BEZIER_KNOTS.);
#11737 = CARTESIAN_POINT('',(7.908011642157,-11.25,19.275735294118));
#11738 = CARTESIAN_POINT('',(7.259803921569,-11.25,18.761029411765));
#11739 = CARTESIAN_POINT('',(7.259803921569,-11.25,17.868336397059));
#11740 = ORIENTED_EDGE('',*,*,#11741,.F.);
#11741 = EDGE_CURVE('',#11742,#11734,#11744,.T.);
#11742 = VERTEX_POINT('',#11743);
#11743 = CARTESIAN_POINT('',(9.83762254902,-11.25,19.790441176471));
#11744 = B_SPLINE_CURVE_WITH_KNOTS('',2,(#11745,#11746,#11747),
  .UNSPECIFIED.,.F.,.F.,(3,3),(0.,1.),.PIECEWISE_BEZIER_KNOTS.);
#11745 = CARTESIAN_POINT('',(9.83762254902,-11.25,19.790441176471));
#11746 = CARTESIAN_POINT('',(8.556755514706,-11.25,19.790441176471));
#11747 = CARTESIAN_POINT('',(7.908011642157,-11.25,19.275735294118));
#11748 = ORIENTED_EDGE('',*,*,#11749,.F.);
#11749 = EDGE_CURVE('',#11750,#11742,#11752,.T.);
#11750 = VERTEX_POINT('',#11751);
#11751 = CARTESIAN_POINT('',(10.8359375,-11.25,19.682138480392));
#11752 = B_SPLINE_CURVE_WITH_KNOTS('',2,(#11753,#11754,#11755),
  .UNSPECIFIED.,.F.,.F.,(3,3),(0.,1.),.PIECEWISE_BEZIER_KNOTS.);
#11753 = CARTESIAN_POINT('',(10.8359375,-11.25,19.682138480392));
#11754 = CARTESIAN_POINT('',(10.368949142157,-11.25,19.790441176471));
#11755 = CARTESIAN_POINT('',(9.83762254902,-11.25,19.790441176471));
#11756 = ORIENTED_EDGE('',*,*,#11757,.F.);
#11757 = EDGE_CURVE('',#11758,#11750,#11760,.T.);
#11758 = VERTEX_POINT('',#11759);
#11759 = CARTESIAN_POINT('',(11.653569240196,-11.25,19.340073529412));
#11760 = B_SPLINE_CURVE_WITH_KNOTS('',2,(#11761,#11762,#11763),
  .UNSPECIFIED.,.F.,.F.,(3,3),(0.,1.),.PIECEWISE_BEZIER_KNOTS.);
#11761 = CARTESIAN_POINT('',(11.653569240196,-11.25,19.340073529412));
#11762 = CARTESIAN_POINT('',(11.303462009804,-11.25,19.573299632353));
#11763 = CARTESIAN_POINT('',(10.8359375,-11.25,19.682138480392));
#11764 = ORIENTED_EDGE('',*,*,#11765,.F.);
#11765 = EDGE_CURVE('',#11766,#11758,#11768,.T.);
#11766 = VERTEX_POINT('',#11767);
#11767 = CARTESIAN_POINT('',(12.205269607843,-11.25,18.744944852941));
#11768 = B_SPLINE_CURVE_WITH_KNOTS('',2,(#11769,#11770,#11771),
  .UNSPECIFIED.,.F.,.F.,(3,3),(0.,1.),.PIECEWISE_BEZIER_KNOTS.);
#11769 = CARTESIAN_POINT('',(12.205269607843,-11.25,18.744944852941));
#11770 = CARTESIAN_POINT('',(12.004212622549,-11.25,19.106847426471));
#11771 = CARTESIAN_POINT('',(11.653569240196,-11.25,19.340073529412));
#11772 = ORIENTED_EDGE('',*,*,#11773,.F.);
#11773 = EDGE_CURVE('',#11774,#11766,#11776,.T.);
#11774 = VERTEX_POINT('',#11775);
#11775 = CARTESIAN_POINT('',(12.406862745098,-11.25,17.868336397059));
#11776 = B_SPLINE_CURVE_WITH_KNOTS('',2,(#11777,#11778,#11779),
  .UNSPECIFIED.,.F.,.F.,(3,3),(0.,1.),.PIECEWISE_BEZIER_KNOTS.);
#11777 = CARTESIAN_POINT('',(12.406862745098,-11.25,17.868336397059));
#11778 = CARTESIAN_POINT('',(12.406862745098,-11.25,18.383042279412));
#11779 = CARTESIAN_POINT('',(12.205269607843,-11.25,18.744944852941));
#11780 = ORIENTED_EDGE('',*,*,#11781,.F.);
#11781 = EDGE_CURVE('',#11694,#11774,#11782,.T.);
#11782 = B_SPLINE_CURVE_WITH_KNOTS('',2,(#11783,#11784,#11785),
  .UNSPECIFIED.,.F.,.F.,(3,3),(0.,1.),.PIECEWISE_BEZIER_KNOTS.);
#11783 = CARTESIAN_POINT('',(11.766161151961,-11.25,16.457184436275));
#11784 = CARTESIAN_POINT('',(12.406862745098,-11.25,16.935431985294));
#11785 = CARTESIAN_POINT('',(12.406862745098,-11.25,17.868336397059));
#11786 = PLANE('',#11787);
#11787 = AXIS2_PLACEMENT_3D('',#11788,#11789,#11790);
#11788 = CARTESIAN_POINT('',(9.835135583381,-11.25,17.882777693616));
#11789 = DIRECTION('',(0.,-1.,0.));
#11790 = DIRECTION('',(0.,0.,-1.));
#11791 = ADVANCED_FACE('',(#11792),#11806,.T.);
#11792 = FACE_BOUND('',#11793,.T.);
#11793 = EDGE_LOOP('',(#11794,#11795,#11796,#11797,#11798,#11799,#11800,
    #11801,#11802,#11803,#11804,#11805));
#11794 = ORIENTED_EDGE('',*,*,#10738,.F.);
#11795 = ORIENTED_EDGE('',*,*,#10474,.F.);
#11796 = ORIENTED_EDGE('',*,*,#10505,.F.);
#11797 = ORIENTED_EDGE('',*,*,#10529,.F.);
#11798 = ORIENTED_EDGE('',*,*,#10553,.F.);
#11799 = ORIENTED_EDGE('',*,*,#10577,.F.);
#11800 = ORIENTED_EDGE('',*,*,#10601,.F.);
#11801 = ORIENTED_EDGE('',*,*,#10625,.F.);
#11802 = ORIENTED_EDGE('',*,*,#10649,.F.);
#11803 = ORIENTED_EDGE('',*,*,#10673,.F.);
#11804 = ORIENTED_EDGE('',*,*,#10697,.F.);
#11805 = ORIENTED_EDGE('',*,*,#10721,.F.);
#11806 = PLANE('',#11807);
#11807 = AXIS2_PLACEMENT_3D('',#11808,#11809,#11810);
#11808 = CARTESIAN_POINT('',(9.8015218573,-11.25,8.802720154411));
#11809 = DIRECTION('',(0.,-1.,0.));
#11810 = DIRECTION('',(0.,0.,-1.));
#11811 = ADVANCED_FACE('',(#11812),#11824,.F.);
#11812 = FACE_BOUND('',#11813,.F.);
#11813 = EDGE_LOOP('',(#11814,#11815,#11816,#11817));
#11814 = ORIENTED_EDGE('',*,*,#10754,.T.);
#11815 = ORIENTED_EDGE('',*,*,#10807,.T.);
#11816 = ORIENTED_EDGE('',*,*,#10822,.T.);
#11817 = ORIENTED_EDGE('',*,*,#11818,.T.);
#11818 = EDGE_CURVE('',#10823,#10755,#11819,.T.);
#11819 = CIRCLE('',#11820,9.1);
#11820 = AXIS2_PLACEMENT_3D('',#11821,#11822,#11823);
#11821 = CARTESIAN_POINT('',(0.,0.,0.));
#11822 = DIRECTION('',(-0.,0.,-1.));
#11823 = DIRECTION('',(-9.876543209877E-02,-0.995110742291,0.));
#11824 = PLANE('',#11825);
#11825 = AXIS2_PLACEMENT_3D('',#11826,#11827,#11828);
#11826 = CARTESIAN_POINT('',(11.,-5.E-16,0.));
#11827 = DIRECTION('',(0.,0.,1.));
#11828 = DIRECTION('',(1.,0.,0.));
#11829 = ADVANCED_FACE('',(#11830),#11836,.F.);
#11830 = FACE_BOUND('',#11831,.T.);
#11831 = EDGE_LOOP('',(#11832,#11833,#11834,#11835));
#11832 = ORIENTED_EDGE('',*,*,#10841,.F.);
#11833 = ORIENTED_EDGE('',*,*,#11818,.T.);
#11834 = ORIENTED_EDGE('',*,*,#10764,.T.);
#11835 = ORIENTED_EDGE('',*,*,#10930,.F.);
#11836 = CONICAL_SURFACE('',#11837,8.1,0.785398163397);
#11837 = AXIS2_PLACEMENT_3D('',#11838,#11839,#11840);
#11838 = CARTESIAN_POINT('',(0.,0.,1.));
#11839 = DIRECTION('',(-0.,-0.,-1.));
#11840 = DIRECTION('',(-9.876543209877E-02,-0.995110742291,0.));
#11841 = ADVANCED_FACE('',(#11842),#11861,.T.);
#11842 = FACE_BOUND('',#11843,.T.);
#11843 = EDGE_LOOP('',(#11844,#11852,#11853,#11854));
#11844 = ORIENTED_EDGE('',*,*,#11845,.T.);
#11845 = EDGE_CURVE('',#11846,#10951,#11848,.T.);
#11846 = VERTEX_POINT('',#11847);
#11847 = CARTESIAN_POINT('',(13.7,11.5,74.8));
#11848 = LINE('',#11849,#11850);
#11849 = CARTESIAN_POINT('',(13.7,11.5,74.8));
#11850 = VECTOR('',#11851,1.);
#11851 = DIRECTION('',(0.,-1.,2.2E-16));
#11852 = ORIENTED_EDGE('',*,*,#10950,.T.);
#11853 = ORIENTED_EDGE('',*,*,#11845,.F.);
#11854 = ORIENTED_EDGE('',*,*,#11855,.F.);
#11855 = EDGE_CURVE('',#11846,#11846,#11856,.T.);
#11856 = CIRCLE('',#11857,3.3);
#11857 = AXIS2_PLACEMENT_3D('',#11858,#11859,#11860);
#11858 = CARTESIAN_POINT('',(17.,11.5,74.8));
#11859 = DIRECTION('',(0.,1.,-0.));
#11860 = DIRECTION('',(-1.,0.,0.));
#11861 = CYLINDRICAL_SURFACE('',#11862,3.3);
#11862 = AXIS2_PLACEMENT_3D('',#11863,#11864,#11865);
#11863 = CARTESIAN_POINT('',(17.,11.5,74.8));
#11864 = DIRECTION('',(0.,1.,-2.2E-16));
#11865 = DIRECTION('',(-1.,0.,0.));
#11866 = ADVANCED_FACE('',(#11867),#11886,.T.);
#11867 = FACE_BOUND('',#11868,.T.);
#11868 = EDGE_LOOP('',(#11869,#11877,#11878,#11879));
#11869 = ORIENTED_EDGE('',*,*,#11870,.T.);
#11870 = EDGE_CURVE('',#11871,#10971,#11873,.T.);
#11871 = VERTEX_POINT('',#11872);
#11872 = CARTESIAN_POINT('',(7.7,11.5,84.8));
#11873 = LINE('',#11874,#11875);
#11874 = CARTESIAN_POINT('',(7.7,11.5,84.8));
#11875 = VECTOR('',#11876,1.);
#11876 = DIRECTION('',(0.,-1.,2.2E-16));
#11877 = ORIENTED_EDGE('',*,*,#10970,.T.);
#11878 = ORIENTED_EDGE('',*,*,#11870,.F.);
#11879 = ORIENTED_EDGE('',*,*,#11880,.F.);
#11880 = EDGE_CURVE('',#11871,#11871,#11881,.T.);
#11881 = CIRCLE('',#11882,3.3);
#11882 = AXIS2_PLACEMENT_3D('',#11883,#11884,#11885);
#11883 = CARTESIAN_POINT('',(11.,11.5,84.8));
#11884 = DIRECTION('',(0.,1.,-0.));
#11885 = DIRECTION('',(-1.,0.,0.));
#11886 = CYLINDRICAL_SURFACE('',#11887,3.3);
#11887 = AXIS2_PLACEMENT_3D('',#11888,#11889,#11890);
#11888 = CARTESIAN_POINT('',(11.,11.5,84.8));
#11889 = DIRECTION('',(0.,1.,-2.2E-16));
#11890 = DIRECTION('',(-1.,0.,0.));
#11891 = ADVANCED_FACE('',(#11892),#11911,.T.);
#11892 = FACE_BOUND('',#11893,.T.);
#11893 = EDGE_LOOP('',(#11894,#11902,#11903,#11904));
#11894 = ORIENTED_EDGE('',*,*,#11895,.T.);
#11895 = EDGE_CURVE('',#11896,#10991,#11898,.T.);
#11896 = VERTEX_POINT('',#11897);
#11897 = CARTESIAN_POINT('',(1.7,11.5,74.8));
#11898 = LINE('',#11899,#11900);
#11899 = CARTESIAN_POINT('',(1.7,11.5,74.8));
#11900 = VECTOR('',#11901,1.);
#11901 = DIRECTION('',(0.,-1.,2.2E-16));
#11902 = ORIENTED_EDGE('',*,*,#10990,.T.);
#11903 = ORIENTED_EDGE('',*,*,#11895,.F.);
#11904 = ORIENTED_EDGE('',*,*,#11905,.F.);
#11905 = EDGE_CURVE('',#11896,#11896,#11906,.T.);
#11906 = CIRCLE('',#11907,3.3);
#11907 = AXIS2_PLACEMENT_3D('',#11908,#11909,#11910);
#11908 = CARTESIAN_POINT('',(5.,11.5,74.8));
#11909 = DIRECTION('',(0.,1.,-0.));
#11910 = DIRECTION('',(-1.,0.,0.));
#11911 = CYLINDRICAL_SURFACE('',#11912,3.3);
#11912 = AXIS2_PLACEMENT_3D('',#11913,#11914,#11915);
#11913 = CARTESIAN_POINT('',(5.,11.5,74.8));
#11914 = DIRECTION('',(0.,1.,-2.2E-16));
#11915 = DIRECTION('',(-1.,0.,0.));
#11916 = ADVANCED_FACE('',(#11917),#11942,.T.);
#11917 = FACE_BOUND('',#11918,.T.);
#11918 = EDGE_LOOP('',(#11919,#11927,#11928,#11936));
#11919 = ORIENTED_EDGE('',*,*,#11920,.T.);
#11920 = EDGE_CURVE('',#11921,#11504,#11923,.T.);
#11921 = VERTEX_POINT('',#11922);
#11922 = CARTESIAN_POINT('',(7.362745098039,-11.5,27.088005514706));
#11923 = LINE('',#11924,#11925);
#11924 = CARTESIAN_POINT('',(7.362745098039,-11.5,27.088005514706));
#11925 = VECTOR('',#11926,1.);
#11926 = DIRECTION('',(0.,1.,-2.2E-16));
#11927 = ORIENTED_EDGE('',*,*,#11503,.T.);
#11928 = ORIENTED_EDGE('',*,*,#11929,.F.);
#11929 = EDGE_CURVE('',#11930,#11506,#11932,.T.);
#11930 = VERTEX_POINT('',#11931);
#11931 = CARTESIAN_POINT('',(7.482843137255,-11.5,26.255897671569));
#11932 = LINE('',#11933,#11934);
#11933 = CARTESIAN_POINT('',(7.482843137255,-11.5,26.255897671569));
#11934 = VECTOR('',#11935,1.);
#11935 = DIRECTION('',(0.,1.,-2.2E-16));
#11936 = ORIENTED_EDGE('',*,*,#11937,.F.);
#11937 = EDGE_CURVE('',#11921,#11930,#11938,.T.);
#11938 = B_SPLINE_CURVE_WITH_KNOTS('',2,(#11939,#11940,#11941),
  .UNSPECIFIED.,.F.,.F.,(3,3),(0.,1.),.PIECEWISE_BEZIER_KNOTS.);
#11939 = CARTESIAN_POINT('',(7.362745098039,-11.5,27.088005514706));
#11940 = CARTESIAN_POINT('',(7.362745098039,-11.5,26.613511029412));
#11941 = CARTESIAN_POINT('',(7.482843137255,-11.5,26.255897671569));
#11942 = SURFACE_OF_LINEAR_EXTRUSION('',#11943,#11947);
#11943 = B_SPLINE_CURVE_WITH_KNOTS('',2,(#11944,#11945,#11946),
  .UNSPECIFIED.,.F.,.F.,(3,3),(0.,1.),.PIECEWISE_BEZIER_KNOTS.);
#11944 = CARTESIAN_POINT('',(7.362745098039,-11.5,27.088005514706));
#11945 = CARTESIAN_POINT('',(7.362745098039,-11.5,26.613511029412));
#11946 = CARTESIAN_POINT('',(7.482843137255,-11.5,26.255897671569));
#11947 = VECTOR('',#11948,1.);
#11948 = DIRECTION('',(0.,-1.,2.2E-16));
#11949 = ADVANCED_FACE('',(#11950),#11968,.T.);
#11950 = FACE_BOUND('',#11951,.T.);
#11951 = EDGE_LOOP('',(#11952,#11960,#11961,#11962));
#11952 = ORIENTED_EDGE('',*,*,#11953,.T.);
#11953 = EDGE_CURVE('',#11954,#11514,#11956,.T.);
#11954 = VERTEX_POINT('',#11955);
#11955 = CARTESIAN_POINT('',(7.362745098039,-11.5,28.471277573529));
#11956 = LINE('',#11957,#11958);
#11957 = CARTESIAN_POINT('',(7.362745098039,-11.5,28.471277573529));
#11958 = VECTOR('',#11959,1.);
#11959 = DIRECTION('',(0.,1.,-2.2E-16));
#11960 = ORIENTED_EDGE('',*,*,#11513,.T.);
#11961 = ORIENTED_EDGE('',*,*,#11920,.F.);
#11962 = ORIENTED_EDGE('',*,*,#11963,.F.);
#11963 = EDGE_CURVE('',#11954,#11921,#11964,.T.);
#11964 = LINE('',#11965,#11966);
#11965 = CARTESIAN_POINT('',(7.362745098039,-11.5,28.471277573529));
#11966 = VECTOR('',#11967,1.);
#11967 = DIRECTION('',(0.,0.,-1.));
#11968 = PLANE('',#11969);
#11969 = AXIS2_PLACEMENT_3D('',#11970,#11971,#11972);
#11970 = CARTESIAN_POINT('',(7.362745098039,-11.5,28.471277573529));
#11971 = DIRECTION('',(-1.,0.,2.2E-16));
#11972 = DIRECTION('',(-2.2E-16,-2.2E-16,-1.));
#11973 = ADVANCED_FACE('',(#11974),#11992,.T.);
#11974 = FACE_BOUND('',#11975,.T.);
#11975 = EDGE_LOOP('',(#11976,#11984,#11985,#11986));
#11976 = ORIENTED_EDGE('',*,*,#11977,.T.);
#11977 = EDGE_CURVE('',#11978,#11522,#11980,.T.);
#11978 = VERTEX_POINT('',#11979);
#11979 = CARTESIAN_POINT('',(10.382352941176,-11.5,28.471277573529));
#11980 = LINE('',#11981,#11982);
#11981 = CARTESIAN_POINT('',(10.382352941176,-11.5,28.471277573529));
#11982 = VECTOR('',#11983,1.);
#11983 = DIRECTION('',(0.,1.,-2.2E-16));
#11984 = ORIENTED_EDGE('',*,*,#11521,.T.);
#11985 = ORIENTED_EDGE('',*,*,#11953,.F.);
#11986 = ORIENTED_EDGE('',*,*,#11987,.F.);
#11987 = EDGE_CURVE('',#11978,#11954,#11988,.T.);
#11988 = LINE('',#11989,#11990);
#11989 = CARTESIAN_POINT('',(10.382352941176,-11.5,28.471277573529));
#11990 = VECTOR('',#11991,1.);
#11991 = DIRECTION('',(-1.,0.,0.));
#11992 = PLANE('',#11993);
#11993 = AXIS2_PLACEMENT_3D('',#11994,#11995,#11996);
#11994 = CARTESIAN_POINT('',(10.382352941176,-11.5,28.471277573529));
#11995 = DIRECTION('',(2.2E-16,2.2E-16,1.));
#11996 = DIRECTION('',(-1.,0.,2.2E-16));
#11997 = ADVANCED_FACE('',(#11998),#12016,.T.);
#11998 = FACE_BOUND('',#11999,.T.);
#11999 = EDGE_LOOP('',(#12000,#12008,#12009,#12010));
#12000 = ORIENTED_EDGE('',*,*,#12001,.T.);
#12001 = EDGE_CURVE('',#12002,#11530,#12004,.T.);
#12002 = VERTEX_POINT('',#12003);
#12003 = CARTESIAN_POINT('',(10.382352941176,-11.5,27.240808823529));
#12004 = LINE('',#12005,#12006);
#12005 = CARTESIAN_POINT('',(10.382352941176,-11.5,27.240808823529));
#12006 = VECTOR('',#12007,1.);
#12007 = DIRECTION('',(0.,1.,-2.2E-16));
#12008 = ORIENTED_EDGE('',*,*,#11529,.T.);
#12009 = ORIENTED_EDGE('',*,*,#11977,.F.);
#12010 = ORIENTED_EDGE('',*,*,#12011,.F.);
#12011 = EDGE_CURVE('',#12002,#11978,#12012,.T.);
#12012 = LINE('',#12013,#12014);
#12013 = CARTESIAN_POINT('',(10.382352941176,-11.5,27.240808823529));
#12014 = VECTOR('',#12015,1.);
#12015 = DIRECTION('',(0.,0.,1.));
#12016 = PLANE('',#12017);
#12017 = AXIS2_PLACEMENT_3D('',#12018,#12019,#12020);
#12018 = CARTESIAN_POINT('',(10.382352941176,-11.5,27.240808823529));
#12019 = DIRECTION('',(1.,0.,-2.2E-16));
#12020 = DIRECTION('',(2.2E-16,2.2E-16,1.));
#12021 = ADVANCED_FACE('',(#12022),#12040,.T.);
#12022 = FACE_BOUND('',#12023,.T.);
#12023 = EDGE_LOOP('',(#12024,#12032,#12033,#12034));
#12024 = ORIENTED_EDGE('',*,*,#12025,.T.);
#12025 = EDGE_CURVE('',#12026,#11538,#12028,.T.);
#12026 = VERTEX_POINT('',#12027);
#12027 = CARTESIAN_POINT('',(9.997931985294,-11.5,25.676853553922));
#12028 = LINE('',#12029,#12030);
#12029 = CARTESIAN_POINT('',(9.997931985294,-11.5,25.676853553922));
#12030 = VECTOR('',#12031,1.);
#12031 = DIRECTION('',(0.,1.,-2.2E-16));
#12032 = ORIENTED_EDGE('',*,*,#11537,.T.);
#12033 = ORIENTED_EDGE('',*,*,#12001,.F.);
#12034 = ORIENTED_EDGE('',*,*,#12035,.F.);
#12035 = EDGE_CURVE('',#12026,#12002,#12036,.T.);
#12036 = B_SPLINE_CURVE_WITH_KNOTS('',2,(#12037,#12038,#12039),
  .UNSPECIFIED.,.F.,.F.,(3,3),(0.,1.),.PIECEWISE_BEZIER_KNOTS.);
#12037 = CARTESIAN_POINT('',(9.997931985294,-11.5,25.676853553922));
#12038 = CARTESIAN_POINT('',(10.382352941176,-11.5,26.187270220588));
#12039 = CARTESIAN_POINT('',(10.382352941176,-11.5,27.240808823529));
#12040 = SURFACE_OF_LINEAR_EXTRUSION('',#12041,#12045);
#12041 = B_SPLINE_CURVE_WITH_KNOTS('',2,(#12042,#12043,#12044),
  .UNSPECIFIED.,.F.,.F.,(3,3),(0.,1.),.PIECEWISE_BEZIER_KNOTS.);
#12042 = CARTESIAN_POINT('',(9.997931985294,-11.5,25.676853553922));
#12043 = CARTESIAN_POINT('',(10.382352941176,-11.5,26.187270220588));
#12044 = CARTESIAN_POINT('',(10.382352941176,-11.5,27.240808823529));
#12045 = VECTOR('',#12046,1.);
#12046 = DIRECTION('',(0.,-1.,2.2E-16));
#12047 = ADVANCED_FACE('',(#12048),#12066,.T.);
#12048 = FACE_BOUND('',#12049,.T.);
#12049 = EDGE_LOOP('',(#12050,#12058,#12059,#12060));
#12050 = ORIENTED_EDGE('',*,*,#12051,.T.);
#12051 = EDGE_CURVE('',#12052,#11546,#12054,.T.);
#12052 = VERTEX_POINT('',#12053);
#12053 = CARTESIAN_POINT('',(8.932598039216,-11.5,25.165900735294));
#12054 = LINE('',#12055,#12056);
#12055 = CARTESIAN_POINT('',(8.932598039216,-11.5,25.165900735294));
#12056 = VECTOR('',#12057,1.);
#12057 = DIRECTION('',(0.,1.,-2.2E-16));
#12058 = ORIENTED_EDGE('',*,*,#11545,.T.);
#12059 = ORIENTED_EDGE('',*,*,#12025,.F.);
#12060 = ORIENTED_EDGE('',*,*,#12061,.F.);
#12061 = EDGE_CURVE('',#12052,#12026,#12062,.T.);
#12062 = B_SPLINE_CURVE_WITH_KNOTS('',2,(#12063,#12064,#12065),
  .UNSPECIFIED.,.F.,.F.,(3,3),(0.,1.),.PIECEWISE_BEZIER_KNOTS.);
#12063 = CARTESIAN_POINT('',(8.932598039216,-11.5,25.165900735294));
#12064 = CARTESIAN_POINT('',(9.613511029412,-11.5,25.165900735294));
#12065 = CARTESIAN_POINT('',(9.997931985294,-11.5,25.676853553922));
#12066 = SURFACE_OF_LINEAR_EXTRUSION('',#12067,#12071);
#12067 = B_SPLINE_CURVE_WITH_KNOTS('',2,(#12068,#12069,#12070),
  .UNSPECIFIED.,.F.,.F.,(3,3),(0.,1.),.PIECEWISE_BEZIER_KNOTS.);
#12068 = CARTESIAN_POINT('',(8.932598039216,-11.5,25.165900735294));
#12069 = CARTESIAN_POINT('',(9.613511029412,-11.5,25.165900735294));
#12070 = CARTESIAN_POINT('',(9.997931985294,-11.5,25.676853553922));
#12071 = VECTOR('',#12072,1.);
#12072 = DIRECTION('',(0.,-1.,2.2E-16));
#12073 = ADVANCED_FACE('',(#12074),#12092,.T.);
#12074 = FACE_BOUND('',#12075,.T.);
#12075 = EDGE_LOOP('',(#12076,#12084,#12085,#12086));
#12076 = ORIENTED_EDGE('',*,*,#12077,.T.);
#12077 = EDGE_CURVE('',#12078,#11554,#12080,.T.);
#12078 = VERTEX_POINT('',#12079);
#12079 = CARTESIAN_POINT('',(8.316023284314,-11.5,25.290824142157));
#12080 = LINE('',#12081,#12082);
#12081 = CARTESIAN_POINT('',(8.316023284314,-11.5,25.290824142157));
#12082 = VECTOR('',#12083,1.);
#12083 = DIRECTION('',(0.,1.,-2.2E-16));
#12084 = ORIENTED_EDGE('',*,*,#11553,.T.);
#12085 = ORIENTED_EDGE('',*,*,#12051,.F.);
#12086 = ORIENTED_EDGE('',*,*,#12087,.F.);
#12087 = EDGE_CURVE('',#12078,#12052,#12088,.T.);
#12088 = B_SPLINE_CURVE_WITH_KNOTS('',2,(#12089,#12090,#12091),
  .UNSPECIFIED.,.F.,.F.,(3,3),(0.,1.),.PIECEWISE_BEZIER_KNOTS.);
#12089 = CARTESIAN_POINT('',(8.316023284314,-11.5,25.290824142157));
#12090 = CARTESIAN_POINT('',(8.604473039216,-11.5,25.165900735294));
#12091 = CARTESIAN_POINT('',(8.932598039216,-11.5,25.165900735294));
#12092 = SURFACE_OF_LINEAR_EXTRUSION('',#12093,#12097);
#12093 = B_SPLINE_CURVE_WITH_KNOTS('',2,(#12094,#12095,#12096),
  .UNSPECIFIED.,.F.,.F.,(3,3),(0.,1.),.PIECEWISE_BEZIER_KNOTS.);
#12094 = CARTESIAN_POINT('',(8.316023284314,-11.5,25.290824142157));
#12095 = CARTESIAN_POINT('',(8.604473039216,-11.5,25.165900735294));
#12096 = CARTESIAN_POINT('',(8.932598039216,-11.5,25.165900735294));
#12097 = VECTOR('',#12098,1.);
#12098 = DIRECTION('',(0.,-1.,2.2E-16));
#12099 = ADVANCED_FACE('',(#12100),#12118,.T.);
#12100 = FACE_BOUND('',#12101,.T.);
#12101 = EDGE_LOOP('',(#12102,#12110,#12111,#12112));
#12102 = ORIENTED_EDGE('',*,*,#12103,.T.);
#12103 = EDGE_CURVE('',#12104,#11562,#12106,.T.);
#12104 = VERTEX_POINT('',#12105);
#12105 = CARTESIAN_POINT('',(7.815257352941,-11.5,25.656479779412));
#12106 = LINE('',#12107,#12108);
#12107 = CARTESIAN_POINT('',(7.815257352941,-11.5,25.656479779412));
#12108 = VECTOR('',#12109,1.);
#12109 = DIRECTION('',(0.,1.,-2.2E-16));
#12110 = ORIENTED_EDGE('',*,*,#11561,.T.);
#12111 = ORIENTED_EDGE('',*,*,#12077,.F.);
#12112 = ORIENTED_EDGE('',*,*,#12113,.F.);
#12113 = EDGE_CURVE('',#12104,#12078,#12114,.T.);
#12114 = B_SPLINE_CURVE_WITH_KNOTS('',2,(#12115,#12116,#12117),
  .UNSPECIFIED.,.F.,.F.,(3,3),(0.,1.),.PIECEWISE_BEZIER_KNOTS.);
#12115 = CARTESIAN_POINT('',(7.815257352941,-11.5,25.656479779412));
#12116 = CARTESIAN_POINT('',(8.027573529412,-11.5,25.415211397059));
#12117 = CARTESIAN_POINT('',(8.316023284314,-11.5,25.290824142157));
#12118 = SURFACE_OF_LINEAR_EXTRUSION('',#12119,#12123);
#12119 = B_SPLINE_CURVE_WITH_KNOTS('',2,(#12120,#12121,#12122),
  .UNSPECIFIED.,.F.,.F.,(3,3),(0.,1.),.PIECEWISE_BEZIER_KNOTS.);
#12120 = CARTESIAN_POINT('',(7.815257352941,-11.5,25.656479779412));
#12121 = CARTESIAN_POINT('',(8.027573529412,-11.5,25.415211397059));
#12122 = CARTESIAN_POINT('',(8.316023284314,-11.5,25.290824142157));
#12123 = VECTOR('',#12124,1.);
#12124 = DIRECTION('',(0.,-1.,2.2E-16));
#12125 = ADVANCED_FACE('',(#12126),#12137,.T.);
#12126 = FACE_BOUND('',#12127,.T.);
#12127 = EDGE_LOOP('',(#12128,#12129,#12130,#12131));
#12128 = ORIENTED_EDGE('',*,*,#11929,.T.);
#12129 = ORIENTED_EDGE('',*,*,#11569,.T.);
#12130 = ORIENTED_EDGE('',*,*,#12103,.F.);
#12131 = ORIENTED_EDGE('',*,*,#12132,.F.);
#12132 = EDGE_CURVE('',#11930,#12104,#12133,.T.);
#12133 = B_SPLINE_CURVE_WITH_KNOTS('',2,(#12134,#12135,#12136),
  .UNSPECIFIED.,.F.,.F.,(3,3),(0.,1.),.PIECEWISE_BEZIER_KNOTS.);
#12134 = CARTESIAN_POINT('',(7.482843137255,-11.5,26.255897671569));
#12135 = CARTESIAN_POINT('',(7.602941176471,-11.5,25.897748161765));
#12136 = CARTESIAN_POINT('',(7.815257352941,-11.5,25.656479779412));
#12137 = SURFACE_OF_LINEAR_EXTRUSION('',#12138,#12142);
#12138 = B_SPLINE_CURVE_WITH_KNOTS('',2,(#12139,#12140,#12141),
  .UNSPECIFIED.,.F.,.F.,(3,3),(0.,1.),.PIECEWISE_BEZIER_KNOTS.);
#12139 = CARTESIAN_POINT('',(7.482843137255,-11.5,26.255897671569));
#12140 = CARTESIAN_POINT('',(7.602941176471,-11.5,25.897748161765));
#12141 = CARTESIAN_POINT('',(7.815257352941,-11.5,25.656479779412));
#12142 = VECTOR('',#12143,1.);
#12143 = DIRECTION('',(0.,-1.,2.2E-16));
#12144 = ADVANCED_FACE('',(#12145),#12170,.T.);
#12145 = FACE_BOUND('',#12146,.T.);
#12146 = EDGE_LOOP('',(#12147,#12155,#12156,#12164));
#12147 = ORIENTED_EDGE('',*,*,#12148,.T.);
#12148 = EDGE_CURVE('',#12149,#11578,#12151,.T.);
#12149 = VERTEX_POINT('',#12150);
#12150 = CARTESIAN_POINT('',(13.370327818627,-11.5,25.51171875));
#12151 = LINE('',#12152,#12153);
#12152 = CARTESIAN_POINT('',(13.370327818627,-11.5,25.51171875));
#12153 = VECTOR('',#12154,1.);
#12154 = DIRECTION('',(0.,1.,-2.2E-16));
#12155 = ORIENTED_EDGE('',*,*,#11577,.T.);
#12156 = ORIENTED_EDGE('',*,*,#12157,.F.);
#12157 = EDGE_CURVE('',#12158,#11580,#12160,.T.);
#12158 = VERTEX_POINT('',#12159);
#12159 = CARTESIAN_POINT('',(13.908088235294,-11.5,25.608226102941));
#12160 = LINE('',#12161,#12162);
#12161 = CARTESIAN_POINT('',(13.908088235294,-11.5,25.608226102941));
#12162 = VECTOR('',#12163,1.);
#12163 = DIRECTION('',(0.,1.,-2.2E-16));
#12164 = ORIENTED_EDGE('',*,*,#12165,.F.);
#12165 = EDGE_CURVE('',#12149,#12158,#12166,.T.);
#12166 = B_SPLINE_CURVE_WITH_KNOTS('',2,(#12167,#12168,#12169),
  .UNSPECIFIED.,.F.,.F.,(3,3),(0.,1.),.PIECEWISE_BEZIER_KNOTS.);
#12167 = CARTESIAN_POINT('',(13.370327818627,-11.5,25.51171875));
#12168 = CARTESIAN_POINT('',(13.667356004902,-11.5,25.51171875));
#12169 = CARTESIAN_POINT('',(13.908088235294,-11.5,25.608226102941));
#12170 = SURFACE_OF_LINEAR_EXTRUSION('',#12171,#12175);
#12171 = B_SPLINE_CURVE_WITH_KNOTS('',2,(#12172,#12173,#12174),
  .UNSPECIFIED.,.F.,.F.,(3,3),(0.,1.),.PIECEWISE_BEZIER_KNOTS.);
#12172 = CARTESIAN_POINT('',(13.370327818627,-11.5,25.51171875));
#12173 = CARTESIAN_POINT('',(13.667356004902,-11.5,25.51171875));
#12174 = CARTESIAN_POINT('',(13.908088235294,-11.5,25.608226102941));
#12175 = VECTOR('',#12176,1.);
#12176 = DIRECTION('',(0.,-1.,2.2E-16));
#12177 = ADVANCED_FACE('',(#12178),#12196,.T.);
#12178 = FACE_BOUND('',#12179,.T.);
#12179 = EDGE_LOOP('',(#12180,#12188,#12189,#12190));
#12180 = ORIENTED_EDGE('',*,*,#12181,.T.);
#12181 = EDGE_CURVE('',#12182,#11588,#12184,.T.);
#12182 = VERTEX_POINT('',#12183);
#12183 = CARTESIAN_POINT('',(12.799862132353,-11.5,25.604473039216));
#12184 = LINE('',#12185,#12186);
#12185 = CARTESIAN_POINT('',(12.799862132353,-11.5,25.604473039216));
#12186 = VECTOR('',#12187,1.);
#12187 = DIRECTION('',(0.,1.,-2.2E-16));
#12188 = ORIENTED_EDGE('',*,*,#11587,.T.);
#12189 = ORIENTED_EDGE('',*,*,#12148,.F.);
#12190 = ORIENTED_EDGE('',*,*,#12191,.F.);
#12191 = EDGE_CURVE('',#12182,#12149,#12192,.T.);
#12192 = B_SPLINE_CURVE_WITH_KNOTS('',2,(#12193,#12194,#12195),
  .UNSPECIFIED.,.F.,.F.,(3,3),(0.,1.),.PIECEWISE_BEZIER_KNOTS.);
#12193 = CARTESIAN_POINT('',(12.799862132353,-11.5,25.604473039216));
#12194 = CARTESIAN_POINT('',(13.06472120098,-11.5,25.51171875));
#12195 = CARTESIAN_POINT('',(13.370327818627,-11.5,25.51171875));
#12196 = SURFACE_OF_LINEAR_EXTRUSION('',#12197,#12201);
#12197 = B_SPLINE_CURVE_WITH_KNOTS('',2,(#12198,#12199,#12200),
  .UNSPECIFIED.,.F.,.F.,(3,3),(0.,1.),.PIECEWISE_BEZIER_KNOTS.);
#12198 = CARTESIAN_POINT('',(12.799862132353,-11.5,25.604473039216));
#12199 = CARTESIAN_POINT('',(13.06472120098,-11.5,25.51171875));
#12200 = CARTESIAN_POINT('',(13.370327818627,-11.5,25.51171875));
#12201 = VECTOR('',#12202,1.);
#12202 = DIRECTION('',(0.,-1.,2.2E-16));
#12203 = ADVANCED_FACE('',(#12204),#12222,.T.);
#12204 = FACE_BOUND('',#12205,.T.);
#12205 = EDGE_LOOP('',(#12206,#12214,#12215,#12216));
#12206 = ORIENTED_EDGE('',*,*,#12207,.T.);
#12207 = EDGE_CURVE('',#12208,#11596,#12210,.T.);
#12208 = VERTEX_POINT('',#12209);
#12209 = CARTESIAN_POINT('',(12.329656862745,-11.5,25.910079656863));
#12210 = LINE('',#12211,#12212);
#12211 = CARTESIAN_POINT('',(12.329656862745,-11.5,25.910079656863));
#12212 = VECTOR('',#12213,1.);
#12213 = DIRECTION('',(0.,1.,-2.2E-16));
#12214 = ORIENTED_EDGE('',*,*,#11595,.T.);
#12215 = ORIENTED_EDGE('',*,*,#12181,.F.);
#12216 = ORIENTED_EDGE('',*,*,#12217,.F.);
#12217 = EDGE_CURVE('',#12208,#12182,#12218,.T.);
#12218 = B_SPLINE_CURVE_WITH_KNOTS('',2,(#12219,#12220,#12221),
  .UNSPECIFIED.,.F.,.F.,(3,3),(0.,1.),.PIECEWISE_BEZIER_KNOTS.);
#12219 = CARTESIAN_POINT('',(12.329656862745,-11.5,25.910079656863));
#12220 = CARTESIAN_POINT('',(12.535003063725,-11.5,25.696691176471));
#12221 = CARTESIAN_POINT('',(12.799862132353,-11.5,25.604473039216));
#12222 = SURFACE_OF_LINEAR_EXTRUSION('',#12223,#12227);
#12223 = B_SPLINE_CURVE_WITH_KNOTS('',2,(#12224,#12225,#12226),
  .UNSPECIFIED.,.F.,.F.,(3,3),(0.,1.),.PIECEWISE_BEZIER_KNOTS.);
#12224 = CARTESIAN_POINT('',(12.329656862745,-11.5,25.910079656863));
#12225 = CARTESIAN_POINT('',(12.535003063725,-11.5,25.696691176471));
#12226 = CARTESIAN_POINT('',(12.799862132353,-11.5,25.604473039216));
#12227 = VECTOR('',#12228,1.);
#12228 = DIRECTION('',(0.,-1.,2.2E-16));
#12229 = ADVANCED_FACE('',(#12230),#12248,.T.);
#12230 = FACE_BOUND('',#12231,.T.);
#12231 = EDGE_LOOP('',(#12232,#12240,#12241,#12242));
#12232 = ORIENTED_EDGE('',*,*,#12233,.T.);
#12233 = EDGE_CURVE('',#12234,#11604,#12236,.T.);
#12234 = VERTEX_POINT('',#12235);
#12235 = CARTESIAN_POINT('',(12.008501838235,-11.5,26.456954656863));
#12236 = LINE('',#12237,#12238);
#12237 = CARTESIAN_POINT('',(12.008501838235,-11.5,26.456954656863));
#12238 = VECTOR('',#12239,1.);
#12239 = DIRECTION('',(0.,1.,-2.2E-16));
#12240 = ORIENTED_EDGE('',*,*,#11603,.T.);
#12241 = ORIENTED_EDGE('',*,*,#12207,.F.);
#12242 = ORIENTED_EDGE('',*,*,#12243,.F.);
#12243 = EDGE_CURVE('',#12234,#12208,#12244,.T.);
#12244 = B_SPLINE_CURVE_WITH_KNOTS('',2,(#12245,#12246,#12247),
  .UNSPECIFIED.,.F.,.F.,(3,3),(0.,1.),.PIECEWISE_BEZIER_KNOTS.);
#12245 = CARTESIAN_POINT('',(12.008501838235,-11.5,26.456954656863));
#12246 = CARTESIAN_POINT('',(12.124846813725,-11.5,26.122931985294));
#12247 = CARTESIAN_POINT('',(12.329656862745,-11.5,25.910079656863));
#12248 = SURFACE_OF_LINEAR_EXTRUSION('',#12249,#12253);
#12249 = B_SPLINE_CURVE_WITH_KNOTS('',2,(#12250,#12251,#12252),
  .UNSPECIFIED.,.F.,.F.,(3,3),(0.,1.),.PIECEWISE_BEZIER_KNOTS.);
#12250 = CARTESIAN_POINT('',(12.008501838235,-11.5,26.456954656863));
#12251 = CARTESIAN_POINT('',(12.124846813725,-11.5,26.122931985294));
#12252 = CARTESIAN_POINT('',(12.329656862745,-11.5,25.910079656863));
#12253 = VECTOR('',#12254,1.);
#12254 = DIRECTION('',(0.,-1.,2.2E-16));
#12255 = ADVANCED_FACE('',(#12256),#12274,.T.);
#12256 = FACE_BOUND('',#12257,.T.);
#12257 = EDGE_LOOP('',(#12258,#12266,#12267,#12268));
#12258 = ORIENTED_EDGE('',*,*,#12259,.T.);
#12259 = EDGE_CURVE('',#12260,#11612,#12262,.T.);
#12260 = VERTEX_POINT('',#12261);
#12261 = CARTESIAN_POINT('',(11.892156862745,-11.5,27.272977941176));
#12262 = LINE('',#12263,#12264);
#12263 = CARTESIAN_POINT('',(11.892156862745,-11.5,27.272977941176));
#12264 = VECTOR('',#12265,1.);
#12265 = DIRECTION('',(0.,1.,-2.2E-16));
#12266 = ORIENTED_EDGE('',*,*,#11611,.T.);
#12267 = ORIENTED_EDGE('',*,*,#12233,.F.);
#12268 = ORIENTED_EDGE('',*,*,#12269,.F.);
#12269 = EDGE_CURVE('',#12260,#12234,#12270,.T.);
#12270 = B_SPLINE_CURVE_WITH_KNOTS('',2,(#12271,#12272,#12273),
  .UNSPECIFIED.,.F.,.F.,(3,3),(0.,1.),.PIECEWISE_BEZIER_KNOTS.);
#12271 = CARTESIAN_POINT('',(11.892156862745,-11.5,27.272977941176));
#12272 = CARTESIAN_POINT('',(11.892156862745,-11.5,26.790441176471));
#12273 = CARTESIAN_POINT('',(12.008501838235,-11.5,26.456954656863));
#12274 = SURFACE_OF_LINEAR_EXTRUSION('',#12275,#12279);
#12275 = B_SPLINE_CURVE_WITH_KNOTS('',2,(#12276,#12277,#12278),
  .UNSPECIFIED.,.F.,.F.,(3,3),(0.,1.),.PIECEWISE_BEZIER_KNOTS.);
#12276 = CARTESIAN_POINT('',(11.892156862745,-11.5,27.272977941176));
#12277 = CARTESIAN_POINT('',(11.892156862745,-11.5,26.790441176471));
#12278 = CARTESIAN_POINT('',(12.008501838235,-11.5,26.456954656863));
#12279 = VECTOR('',#12280,1.);
#12280 = DIRECTION('',(0.,-1.,2.2E-16));
#12281 = ADVANCED_FACE('',(#12282),#12300,.T.);
#12282 = FACE_BOUND('',#12283,.T.);
#12283 = EDGE_LOOP('',(#12284,#12292,#12293,#12294));
#12284 = ORIENTED_EDGE('',*,*,#12285,.T.);
#12285 = EDGE_CURVE('',#12286,#11620,#12288,.T.);
#12286 = VERTEX_POINT('',#12287);
#12287 = CARTESIAN_POINT('',(11.892156862745,-11.5,28.471277573529));
#12288 = LINE('',#12289,#12290);
#12289 = CARTESIAN_POINT('',(11.892156862745,-11.5,28.471277573529));
#12290 = VECTOR('',#12291,1.);
#12291 = DIRECTION('',(0.,1.,-2.2E-16));
#12292 = ORIENTED_EDGE('',*,*,#11619,.T.);
#12293 = ORIENTED_EDGE('',*,*,#12259,.F.);
#12294 = ORIENTED_EDGE('',*,*,#12295,.F.);
#12295 = EDGE_CURVE('',#12286,#12260,#12296,.T.);
#12296 = LINE('',#12297,#12298);
#12297 = CARTESIAN_POINT('',(11.892156862745,-11.5,28.471277573529));
#12298 = VECTOR('',#12299,1.);
#12299 = DIRECTION('',(0.,0.,-1.));
#12300 = PLANE('',#12301);
#12301 = AXIS2_PLACEMENT_3D('',#12302,#12303,#12304);
#12302 = CARTESIAN_POINT('',(11.892156862745,-11.5,28.471277573529));
#12303 = DIRECTION('',(-1.,0.,2.2E-16));
#12304 = DIRECTION('',(-2.2E-16,-2.2E-16,-1.));
#12305 = ADVANCED_FACE('',(#12306),#12324,.T.);
#12306 = FACE_BOUND('',#12307,.T.);
#12307 = EDGE_LOOP('',(#12308,#12316,#12317,#12318));
#12308 = ORIENTED_EDGE('',*,*,#12309,.T.);
#12309 = EDGE_CURVE('',#12310,#11628,#12312,.T.);
#12310 = VERTEX_POINT('',#12311);
#12311 = CARTESIAN_POINT('',(14.671568627451,-11.5,28.471277573529));
#12312 = LINE('',#12313,#12314);
#12313 = CARTESIAN_POINT('',(14.671568627451,-11.5,28.471277573529));
#12314 = VECTOR('',#12315,1.);
#12315 = DIRECTION('',(0.,1.,-2.2E-16));
#12316 = ORIENTED_EDGE('',*,*,#11627,.T.);
#12317 = ORIENTED_EDGE('',*,*,#12285,.F.);
#12318 = ORIENTED_EDGE('',*,*,#12319,.F.);
#12319 = EDGE_CURVE('',#12310,#12286,#12320,.T.);
#12320 = LINE('',#12321,#12322);
#12321 = CARTESIAN_POINT('',(14.671568627451,-11.5,28.471277573529));
#12322 = VECTOR('',#12323,1.);
#12323 = DIRECTION('',(-1.,0.,0.));
#12324 = PLANE('',#12325);
#12325 = AXIS2_PLACEMENT_3D('',#12326,#12327,#12328);
#12326 = CARTESIAN_POINT('',(14.671568627451,-11.5,28.471277573529));
#12327 = DIRECTION('',(2.2E-16,2.2E-16,1.));
#12328 = DIRECTION('',(-1.,0.,2.2E-16));
#12329 = ADVANCED_FACE('',(#12330),#12348,.T.);
#12330 = FACE_BOUND('',#12331,.T.);
#12331 = EDGE_LOOP('',(#12332,#12340,#12341,#12342));
#12332 = ORIENTED_EDGE('',*,*,#12333,.T.);
#12333 = EDGE_CURVE('',#12334,#11636,#12336,.T.);
#12334 = VERTEX_POINT('',#12335);
#12335 = CARTESIAN_POINT('',(14.671568627451,-11.5,27.272977941176));
#12336 = LINE('',#12337,#12338);
#12337 = CARTESIAN_POINT('',(14.671568627451,-11.5,27.272977941176));
#12338 = VECTOR('',#12339,1.);
#12339 = DIRECTION('',(0.,1.,-2.2E-16));
#12340 = ORIENTED_EDGE('',*,*,#11635,.T.);
#12341 = ORIENTED_EDGE('',*,*,#12309,.F.);
#12342 = ORIENTED_EDGE('',*,*,#12343,.F.);
#12343 = EDGE_CURVE('',#12334,#12310,#12344,.T.);
#12344 = LINE('',#12345,#12346);
#12345 = CARTESIAN_POINT('',(14.671568627451,-11.5,27.272977941176));
#12346 = VECTOR('',#12347,1.);
#12347 = DIRECTION('',(0.,0.,1.));
#12348 = PLANE('',#12349);
#12349 = AXIS2_PLACEMENT_3D('',#12350,#12351,#12352);
#12350 = CARTESIAN_POINT('',(14.671568627451,-11.5,27.272977941176));
#12351 = DIRECTION('',(1.,0.,-2.2E-16));
#12352 = DIRECTION('',(2.2E-16,2.2E-16,1.));
#12353 = ADVANCED_FACE('',(#12354),#12372,.T.);
#12354 = FACE_BOUND('',#12355,.T.);
#12355 = EDGE_LOOP('',(#12356,#12364,#12365,#12366));
#12356 = ORIENTED_EDGE('',*,*,#12357,.T.);
#12357 = EDGE_CURVE('',#12358,#11644,#12360,.T.);
#12358 = VERTEX_POINT('',#12359);
#12359 = CARTESIAN_POINT('',(14.578814338235,-11.5,26.464996936275));
#12360 = LINE('',#12361,#12362);
#12361 = CARTESIAN_POINT('',(14.578814338235,-11.5,26.464996936275));
#12362 = VECTOR('',#12363,1.);
#12363 = DIRECTION('',(0.,1.,-2.2E-16));
#12364 = ORIENTED_EDGE('',*,*,#11643,.T.);
#12365 = ORIENTED_EDGE('',*,*,#12333,.F.);
#12366 = ORIENTED_EDGE('',*,*,#12367,.F.);
#12367 = EDGE_CURVE('',#12358,#12334,#12368,.T.);
#12368 = B_SPLINE_CURVE_WITH_KNOTS('',2,(#12369,#12370,#12371),
  .UNSPECIFIED.,.F.,.F.,(3,3),(0.,1.),.PIECEWISE_BEZIER_KNOTS.);
#12369 = CARTESIAN_POINT('',(14.578814338235,-11.5,26.464996936275));
#12370 = CARTESIAN_POINT('',(14.671568627451,-11.5,26.798483455882));
#12371 = CARTESIAN_POINT('',(14.671568627451,-11.5,27.272977941176));
#12372 = SURFACE_OF_LINEAR_EXTRUSION('',#12373,#12377);
#12373 = B_SPLINE_CURVE_WITH_KNOTS('',2,(#12374,#12375,#12376),
  .UNSPECIFIED.,.F.,.F.,(3,3),(0.,1.),.PIECEWISE_BEZIER_KNOTS.);
#12374 = CARTESIAN_POINT('',(14.578814338235,-11.5,26.464996936275));
#12375 = CARTESIAN_POINT('',(14.671568627451,-11.5,26.798483455882));
#12376 = CARTESIAN_POINT('',(14.671568627451,-11.5,27.272977941176));
#12377 = VECTOR('',#12378,1.);
#12378 = DIRECTION('',(0.,-1.,2.2E-16));
#12379 = ADVANCED_FACE('',(#12380),#12398,.T.);
#12380 = FACE_BOUND('',#12381,.T.);
#12381 = EDGE_LOOP('',(#12382,#12390,#12391,#12392));
#12382 = ORIENTED_EDGE('',*,*,#12383,.T.);
#12383 = EDGE_CURVE('',#12384,#11652,#12386,.T.);
#12384 = VERTEX_POINT('',#12385);
#12385 = CARTESIAN_POINT('',(14.317708333333,-11.5,25.918121936275));
#12386 = LINE('',#12387,#12388);
#12387 = CARTESIAN_POINT('',(14.317708333333,-11.5,25.918121936275));
#12388 = VECTOR('',#12389,1.);
#12389 = DIRECTION('',(0.,1.,-2.2E-16));
#12390 = ORIENTED_EDGE('',*,*,#11651,.T.);
#12391 = ORIENTED_EDGE('',*,*,#12357,.F.);
#12392 = ORIENTED_EDGE('',*,*,#12393,.F.);
#12393 = EDGE_CURVE('',#12384,#12358,#12394,.T.);
#12394 = B_SPLINE_CURVE_WITH_KNOTS('',2,(#12395,#12396,#12397),
  .UNSPECIFIED.,.F.,.F.,(3,3),(0.,1.),.PIECEWISE_BEZIER_KNOTS.);
#12395 = CARTESIAN_POINT('',(14.317708333333,-11.5,25.918121936275));
#12396 = CARTESIAN_POINT('',(14.48659620098,-11.5,26.130974264706));
#12397 = CARTESIAN_POINT('',(14.578814338235,-11.5,26.464996936275));
#12398 = SURFACE_OF_LINEAR_EXTRUSION('',#12399,#12403);
#12399 = B_SPLINE_CURVE_WITH_KNOTS('',2,(#12400,#12401,#12402),
  .UNSPECIFIED.,.F.,.F.,(3,3),(0.,1.),.PIECEWISE_BEZIER_KNOTS.);
#12400 = CARTESIAN_POINT('',(14.317708333333,-11.5,25.918121936275));
#12401 = CARTESIAN_POINT('',(14.48659620098,-11.5,26.130974264706));
#12402 = CARTESIAN_POINT('',(14.578814338235,-11.5,26.464996936275));
#12403 = VECTOR('',#12404,1.);
#12404 = DIRECTION('',(0.,-1.,2.2E-16));
#12405 = ADVANCED_FACE('',(#12406),#12417,.T.);
#12406 = FACE_BOUND('',#12407,.T.);
#12407 = EDGE_LOOP('',(#12408,#12409,#12410,#12411));
#12408 = ORIENTED_EDGE('',*,*,#12157,.T.);
#12409 = ORIENTED_EDGE('',*,*,#11659,.T.);
#12410 = ORIENTED_EDGE('',*,*,#12383,.F.);
#12411 = ORIENTED_EDGE('',*,*,#12412,.F.);
#12412 = EDGE_CURVE('',#12158,#12384,#12413,.T.);
#12413 = B_SPLINE_CURVE_WITH_KNOTS('',2,(#12414,#12415,#12416),
  .UNSPECIFIED.,.F.,.F.,(3,3),(0.,1.),.PIECEWISE_BEZIER_KNOTS.);
#12414 = CARTESIAN_POINT('',(13.908088235294,-11.5,25.608226102941));
#12415 = CARTESIAN_POINT('',(14.149356617647,-11.5,25.704733455882));
#12416 = CARTESIAN_POINT('',(14.317708333333,-11.5,25.918121936275));
#12417 = SURFACE_OF_LINEAR_EXTRUSION('',#12418,#12422);
#12418 = B_SPLINE_CURVE_WITH_KNOTS('',2,(#12419,#12420,#12421),
  .UNSPECIFIED.,.F.,.F.,(3,3),(0.,1.),.PIECEWISE_BEZIER_KNOTS.);
#12419 = CARTESIAN_POINT('',(13.908088235294,-11.5,25.608226102941));
#12420 = CARTESIAN_POINT('',(14.149356617647,-11.5,25.704733455882));
#12421 = CARTESIAN_POINT('',(14.317708333333,-11.5,25.918121936275));
#12422 = VECTOR('',#12423,1.);
#12423 = DIRECTION('',(0.,-1.,2.2E-16));
#12424 = ADVANCED_FACE('',(#12425),#12450,.T.);
#12425 = FACE_BOUND('',#12426,.T.);
#12426 = EDGE_LOOP('',(#12427,#12435,#12436,#12444));
#12427 = ORIENTED_EDGE('',*,*,#12428,.T.);
#12428 = EDGE_CURVE('',#12429,#11692,#12431,.T.);
#12429 = VERTEX_POINT('',#12430);
#12430 = CARTESIAN_POINT('',(9.853707107843,-11.5,15.978400735294));
#12431 = LINE('',#12432,#12433);
#12432 = CARTESIAN_POINT('',(9.853707107843,-11.5,15.978400735294));
#12433 = VECTOR('',#12434,1.);
#12434 = DIRECTION('',(0.,1.,-2.2E-16));
#12435 = ORIENTED_EDGE('',*,*,#11691,.T.);
#12436 = ORIENTED_EDGE('',*,*,#12437,.F.);
#12437 = EDGE_CURVE('',#12438,#11694,#12440,.T.);
#12438 = VERTEX_POINT('',#12439);
#12439 = CARTESIAN_POINT('',(11.766161151961,-11.5,16.457184436275));
#12440 = LINE('',#12441,#12442);
#12441 = CARTESIAN_POINT('',(11.766161151961,-11.5,16.457184436275));
#12442 = VECTOR('',#12443,1.);
#12443 = DIRECTION('',(0.,1.,-2.2E-16));
#12444 = ORIENTED_EDGE('',*,*,#12445,.F.);
#12445 = EDGE_CURVE('',#12429,#12438,#12446,.T.);
#12446 = B_SPLINE_CURVE_WITH_KNOTS('',2,(#12447,#12448,#12449),
  .UNSPECIFIED.,.F.,.F.,(3,3),(0.,1.),.PIECEWISE_BEZIER_KNOTS.);
#12447 = CARTESIAN_POINT('',(9.853707107843,-11.5,15.978400735294));
#12448 = CARTESIAN_POINT('',(11.125995710784,-11.5,15.978400735294));
#12449 = CARTESIAN_POINT('',(11.766161151961,-11.5,16.457184436275));
#12450 = SURFACE_OF_LINEAR_EXTRUSION('',#12451,#12455);
#12451 = B_SPLINE_CURVE_WITH_KNOTS('',2,(#12452,#12453,#12454),
  .UNSPECIFIED.,.F.,.F.,(3,3),(0.,1.),.PIECEWISE_BEZIER_KNOTS.);
#12452 = CARTESIAN_POINT('',(9.853707107843,-11.5,15.978400735294));
#12453 = CARTESIAN_POINT('',(11.125995710784,-11.5,15.978400735294));
#12454 = CARTESIAN_POINT('',(11.766161151961,-11.5,16.457184436275));
#12455 = VECTOR('',#12456,1.);
#12456 = DIRECTION('',(0.,-1.,2.2E-16));
#12457 = ADVANCED_FACE('',(#12458),#12476,.T.);
#12458 = FACE_BOUND('',#12459,.T.);
#12459 = EDGE_LOOP('',(#12460,#12468,#12469,#12470));
#12460 = ORIENTED_EDGE('',*,*,#12461,.T.);
#12461 = EDGE_CURVE('',#12462,#11702,#12464,.T.);
#12462 = VERTEX_POINT('',#12463);
#12463 = CARTESIAN_POINT('',(8.830193014706,-11.5,16.090992647059));
#12464 = LINE('',#12465,#12466);
#12465 = CARTESIAN_POINT('',(8.830193014706,-11.5,16.090992647059));
#12466 = VECTOR('',#12467,1.);
#12467 = DIRECTION('',(0.,1.,-2.2E-16));
#12468 = ORIENTED_EDGE('',*,*,#11701,.T.);
#12469 = ORIENTED_EDGE('',*,*,#12428,.F.);
#12470 = ORIENTED_EDGE('',*,*,#12471,.F.);
#12471 = EDGE_CURVE('',#12462,#12429,#12472,.T.);
#12472 = B_SPLINE_CURVE_WITH_KNOTS('',2,(#12473,#12474,#12475),
  .UNSPECIFIED.,.F.,.F.,(3,3),(0.,1.),.PIECEWISE_BEZIER_KNOTS.);
#12473 = CARTESIAN_POINT('',(8.830193014706,-11.5,16.090992647059));
#12474 = CARTESIAN_POINT('',(9.305759803922,-11.5,15.978400735294));
#12475 = CARTESIAN_POINT('',(9.853707107843,-11.5,15.978400735294));
#12476 = SURFACE_OF_LINEAR_EXTRUSION('',#12477,#12481);
#12477 = B_SPLINE_CURVE_WITH_KNOTS('',2,(#12478,#12479,#12480),
  .UNSPECIFIED.,.F.,.F.,(3,3),(0.,1.),.PIECEWISE_BEZIER_KNOTS.);
#12478 = CARTESIAN_POINT('',(8.830193014706,-11.5,16.090992647059));
#12479 = CARTESIAN_POINT('',(9.305759803922,-11.5,15.978400735294));
#12480 = CARTESIAN_POINT('',(9.853707107843,-11.5,15.978400735294));
#12481 = VECTOR('',#12482,1.);
#12482 = DIRECTION('',(0.,-1.,2.2E-16));
#12483 = ADVANCED_FACE('',(#12484),#12502,.T.);
#12484 = FACE_BOUND('',#12485,.T.);
#12485 = EDGE_LOOP('',(#12486,#12494,#12495,#12496));
#12486 = ORIENTED_EDGE('',*,*,#12487,.T.);
#12487 = EDGE_CURVE('',#12488,#11710,#12490,.T.);
#12488 = VERTEX_POINT('',#12489);
#12489 = CARTESIAN_POINT('',(8.004518995098,-11.5,16.428768382353));
#12490 = LINE('',#12491,#12492);
#12491 = CARTESIAN_POINT('',(8.004518995098,-11.5,16.428768382353));
#12492 = VECTOR('',#12493,1.);
#12493 = DIRECTION('',(0.,1.,-2.2E-16));
#12494 = ORIENTED_EDGE('',*,*,#11709,.T.);
#12495 = ORIENTED_EDGE('',*,*,#12461,.F.);
#12496 = ORIENTED_EDGE('',*,*,#12497,.F.);
#12497 = EDGE_CURVE('',#12488,#12462,#12498,.T.);
#12498 = B_SPLINE_CURVE_WITH_KNOTS('',2,(#12499,#12500,#12501),
  .UNSPECIFIED.,.F.,.F.,(3,3),(0.,1.),.PIECEWISE_BEZIER_KNOTS.);
#12499 = CARTESIAN_POINT('',(8.004518995098,-11.5,16.428768382353));
#12500 = CARTESIAN_POINT('',(8.355162377451,-11.5,16.203584558824));
#12501 = CARTESIAN_POINT('',(8.830193014706,-11.5,16.090992647059));
#12502 = SURFACE_OF_LINEAR_EXTRUSION('',#12503,#12507);
#12503 = B_SPLINE_CURVE_WITH_KNOTS('',2,(#12504,#12505,#12506),
  .UNSPECIFIED.,.F.,.F.,(3,3),(0.,1.),.PIECEWISE_BEZIER_KNOTS.);
#12504 = CARTESIAN_POINT('',(8.004518995098,-11.5,16.428768382353));
#12505 = CARTESIAN_POINT('',(8.355162377451,-11.5,16.203584558824));
#12506 = CARTESIAN_POINT('',(8.830193014706,-11.5,16.090992647059));
#12507 = VECTOR('',#12508,1.);
#12508 = DIRECTION('',(0.,-1.,2.2E-16));
#12509 = ADVANCED_FACE('',(#12510),#12528,.T.);
#12510 = FACE_BOUND('',#12511,.T.);
#12511 = EDGE_LOOP('',(#12512,#12520,#12521,#12522));
#12512 = ORIENTED_EDGE('',*,*,#12513,.T.);
#12513 = EDGE_CURVE('',#12514,#11718,#12516,.T.);
#12514 = VERTEX_POINT('',#12515);
#12515 = CARTESIAN_POINT('',(7.457107843137,-11.5,17.015854779412));
#12516 = LINE('',#12517,#12518);
#12517 = CARTESIAN_POINT('',(7.457107843137,-11.5,17.015854779412));
#12518 = VECTOR('',#12519,1.);
#12519 = DIRECTION('',(0.,1.,-2.2E-16));
#12520 = ORIENTED_EDGE('',*,*,#11717,.T.);
#12521 = ORIENTED_EDGE('',*,*,#12487,.F.);
#12522 = ORIENTED_EDGE('',*,*,#12523,.F.);
#12523 = EDGE_CURVE('',#12514,#12488,#12524,.T.);
#12524 = B_SPLINE_CURVE_WITH_KNOTS('',2,(#12525,#12526,#12527),
  .UNSPECIFIED.,.F.,.F.,(3,3),(0.,1.),.PIECEWISE_BEZIER_KNOTS.);
#12525 = CARTESIAN_POINT('',(7.457107843137,-11.5,17.015854779412));
#12526 = CARTESIAN_POINT('',(7.654411764706,-11.5,16.653952205882));
#12527 = CARTESIAN_POINT('',(8.004518995098,-11.5,16.428768382353));
#12528 = SURFACE_OF_LINEAR_EXTRUSION('',#12529,#12533);
#12529 = B_SPLINE_CURVE_WITH_KNOTS('',2,(#12530,#12531,#12532),
  .UNSPECIFIED.,.F.,.F.,(3,3),(0.,1.),.PIECEWISE_BEZIER_KNOTS.);
#12530 = CARTESIAN_POINT('',(7.457107843137,-11.5,17.015854779412));
#12531 = CARTESIAN_POINT('',(7.654411764706,-11.5,16.653952205882));
#12532 = CARTESIAN_POINT('',(8.004518995098,-11.5,16.428768382353));
#12533 = VECTOR('',#12534,1.);
#12534 = DIRECTION('',(0.,-1.,2.2E-16));
#12535 = ADVANCED_FACE('',(#12536),#12554,.T.);
#12536 = FACE_BOUND('',#12537,.T.);
#12537 = EDGE_LOOP('',(#12538,#12546,#12547,#12548));
#12538 = ORIENTED_EDGE('',*,*,#12539,.T.);
#12539 = EDGE_CURVE('',#12540,#11726,#12542,.T.);
#12540 = VERTEX_POINT('',#12541);
#12541 = CARTESIAN_POINT('',(7.259803921569,-11.5,17.868336397059));
#12542 = LINE('',#12543,#12544);
#12543 = CARTESIAN_POINT('',(7.259803921569,-11.5,17.868336397059));
#12544 = VECTOR('',#12545,1.);
#12545 = DIRECTION('',(0.,1.,-2.2E-16));
#12546 = ORIENTED_EDGE('',*,*,#11725,.T.);
#12547 = ORIENTED_EDGE('',*,*,#12513,.F.);
#12548 = ORIENTED_EDGE('',*,*,#12549,.F.);
#12549 = EDGE_CURVE('',#12540,#12514,#12550,.T.);
#12550 = B_SPLINE_CURVE_WITH_KNOTS('',2,(#12551,#12552,#12553),
  .UNSPECIFIED.,.F.,.F.,(3,3),(0.,1.),.PIECEWISE_BEZIER_KNOTS.);
#12551 = CARTESIAN_POINT('',(7.259803921569,-11.5,17.868336397059));
#12552 = CARTESIAN_POINT('',(7.259803921569,-11.5,17.377757352941));
#12553 = CARTESIAN_POINT('',(7.457107843137,-11.5,17.015854779412));
#12554 = SURFACE_OF_LINEAR_EXTRUSION('',#12555,#12559);
#12555 = B_SPLINE_CURVE_WITH_KNOTS('',2,(#12556,#12557,#12558),
  .UNSPECIFIED.,.F.,.F.,(3,3),(0.,1.),.PIECEWISE_BEZIER_KNOTS.);
#12556 = CARTESIAN_POINT('',(7.259803921569,-11.5,17.868336397059));
#12557 = CARTESIAN_POINT('',(7.259803921569,-11.5,17.377757352941));
#12558 = CARTESIAN_POINT('',(7.457107843137,-11.5,17.015854779412));
#12559 = VECTOR('',#12560,1.);
#12560 = DIRECTION('',(0.,-1.,2.2E-16));
#12561 = ADVANCED_FACE('',(#12562),#12580,.T.);
#12562 = FACE_BOUND('',#12563,.T.);
#12563 = EDGE_LOOP('',(#12564,#12572,#12573,#12574));
#12564 = ORIENTED_EDGE('',*,*,#12565,.T.);
#12565 = EDGE_CURVE('',#12566,#11734,#12568,.T.);
#12566 = VERTEX_POINT('',#12567);
#12567 = CARTESIAN_POINT('',(7.908011642157,-11.5,19.275735294118));
#12568 = LINE('',#12569,#12570);
#12569 = CARTESIAN_POINT('',(7.908011642157,-11.5,19.275735294118));
#12570 = VECTOR('',#12571,1.);
#12571 = DIRECTION('',(0.,1.,-2.2E-16));
#12572 = ORIENTED_EDGE('',*,*,#11733,.T.);
#12573 = ORIENTED_EDGE('',*,*,#12539,.F.);
#12574 = ORIENTED_EDGE('',*,*,#12575,.F.);
#12575 = EDGE_CURVE('',#12566,#12540,#12576,.T.);
#12576 = B_SPLINE_CURVE_WITH_KNOTS('',2,(#12577,#12578,#12579),
  .UNSPECIFIED.,.F.,.F.,(3,3),(0.,1.),.PIECEWISE_BEZIER_KNOTS.);
#12577 = CARTESIAN_POINT('',(7.908011642157,-11.5,19.275735294118));
#12578 = CARTESIAN_POINT('',(7.259803921569,-11.5,18.761029411765));
#12579 = CARTESIAN_POINT('',(7.259803921569,-11.5,17.868336397059));
#12580 = SURFACE_OF_LINEAR_EXTRUSION('',#12581,#12585);
#12581 = B_SPLINE_CURVE_WITH_KNOTS('',2,(#12582,#12583,#12584),
  .UNSPECIFIED.,.F.,.F.,(3,3),(0.,1.),.PIECEWISE_BEZIER_KNOTS.);
#12582 = CARTESIAN_POINT('',(7.908011642157,-11.5,19.275735294118));
#12583 = CARTESIAN_POINT('',(7.259803921569,-11.5,18.761029411765));
#12584 = CARTESIAN_POINT('',(7.259803921569,-11.5,17.868336397059));
#12585 = VECTOR('',#12586,1.);
#12586 = DIRECTION('',(0.,-1.,2.2E-16));
#12587 = ADVANCED_FACE('',(#12588),#12606,.T.);
#12588 = FACE_BOUND('',#12589,.T.);
#12589 = EDGE_LOOP('',(#12590,#12598,#12599,#12600));
#12590 = ORIENTED_EDGE('',*,*,#12591,.T.);
#12591 = EDGE_CURVE('',#12592,#11742,#12594,.T.);
#12592 = VERTEX_POINT('',#12593);
#12593 = CARTESIAN_POINT('',(9.83762254902,-11.5,19.790441176471));
#12594 = LINE('',#12595,#12596);
#12595 = CARTESIAN_POINT('',(9.83762254902,-11.5,19.790441176471));
#12596 = VECTOR('',#12597,1.);
#12597 = DIRECTION('',(0.,1.,-2.2E-16));
#12598 = ORIENTED_EDGE('',*,*,#11741,.T.);
#12599 = ORIENTED_EDGE('',*,*,#12565,.F.);
#12600 = ORIENTED_EDGE('',*,*,#12601,.F.);
#12601 = EDGE_CURVE('',#12592,#12566,#12602,.T.);
#12602 = B_SPLINE_CURVE_WITH_KNOTS('',2,(#12603,#12604,#12605),
  .UNSPECIFIED.,.F.,.F.,(3,3),(0.,1.),.PIECEWISE_BEZIER_KNOTS.);
#12603 = CARTESIAN_POINT('',(9.83762254902,-11.5,19.790441176471));
#12604 = CARTESIAN_POINT('',(8.556755514706,-11.5,19.790441176471));
#12605 = CARTESIAN_POINT('',(7.908011642157,-11.5,19.275735294118));
#12606 = SURFACE_OF_LINEAR_EXTRUSION('',#12607,#12611);
#12607 = B_SPLINE_CURVE_WITH_KNOTS('',2,(#12608,#12609,#12610),
  .UNSPECIFIED.,.F.,.F.,(3,3),(0.,1.),.PIECEWISE_BEZIER_KNOTS.);
#12608 = CARTESIAN_POINT('',(9.83762254902,-11.5,19.790441176471));
#12609 = CARTESIAN_POINT('',(8.556755514706,-11.5,19.790441176471));
#12610 = CARTESIAN_POINT('',(7.908011642157,-11.5,19.275735294118));
#12611 = VECTOR('',#12612,1.);
#12612 = DIRECTION('',(0.,-1.,2.2E-16));
#12613 = ADVANCED_FACE('',(#12614),#12632,.T.);
#12614 = FACE_BOUND('',#12615,.T.);
#12615 = EDGE_LOOP('',(#12616,#12624,#12625,#12626));
#12616 = ORIENTED_EDGE('',*,*,#12617,.T.);
#12617 = EDGE_CURVE('',#12618,#11750,#12620,.T.);
#12618 = VERTEX_POINT('',#12619);
#12619 = CARTESIAN_POINT('',(10.8359375,-11.5,19.682138480392));
#12620 = LINE('',#12621,#12622);
#12621 = CARTESIAN_POINT('',(10.8359375,-11.5,19.682138480392));
#12622 = VECTOR('',#12623,1.);
#12623 = DIRECTION('',(0.,1.,-2.2E-16));
#12624 = ORIENTED_EDGE('',*,*,#11749,.T.);
#12625 = ORIENTED_EDGE('',*,*,#12591,.F.);
#12626 = ORIENTED_EDGE('',*,*,#12627,.F.);
#12627 = EDGE_CURVE('',#12618,#12592,#12628,.T.);
#12628 = B_SPLINE_CURVE_WITH_KNOTS('',2,(#12629,#12630,#12631),
  .UNSPECIFIED.,.F.,.F.,(3,3),(0.,1.),.PIECEWISE_BEZIER_KNOTS.);
#12629 = CARTESIAN_POINT('',(10.8359375,-11.5,19.682138480392));
#12630 = CARTESIAN_POINT('',(10.368949142157,-11.5,19.790441176471));
#12631 = CARTESIAN_POINT('',(9.83762254902,-11.5,19.790441176471));
#12632 = SURFACE_OF_LINEAR_EXTRUSION('',#12633,#12637);
#12633 = B_SPLINE_CURVE_WITH_KNOTS('',2,(#12634,#12635,#12636),
  .UNSPECIFIED.,.F.,.F.,(3,3),(0.,1.),.PIECEWISE_BEZIER_KNOTS.);
#12634 = CARTESIAN_POINT('',(10.8359375,-11.5,19.682138480392));
#12635 = CARTESIAN_POINT('',(10.368949142157,-11.5,19.790441176471));
#12636 = CARTESIAN_POINT('',(9.83762254902,-11.5,19.790441176471));
#12637 = VECTOR('',#12638,1.);
#12638 = DIRECTION('',(0.,-1.,2.2E-16));
#12639 = ADVANCED_FACE('',(#12640),#12658,.T.);
#12640 = FACE_BOUND('',#12641,.T.);
#12641 = EDGE_LOOP('',(#12642,#12650,#12651,#12652));
#12642 = ORIENTED_EDGE('',*,*,#12643,.T.);
#12643 = EDGE_CURVE('',#12644,#11758,#12646,.T.);
#12644 = VERTEX_POINT('',#12645);
#12645 = CARTESIAN_POINT('',(11.653569240196,-11.5,19.340073529412));
#12646 = LINE('',#12647,#12648);
#12647 = CARTESIAN_POINT('',(11.653569240196,-11.5,19.340073529412));
#12648 = VECTOR('',#12649,1.);
#12649 = DIRECTION('',(0.,1.,-2.2E-16));
#12650 = ORIENTED_EDGE('',*,*,#11757,.T.);
#12651 = ORIENTED_EDGE('',*,*,#12617,.F.);
#12652 = ORIENTED_EDGE('',*,*,#12653,.F.);
#12653 = EDGE_CURVE('',#12644,#12618,#12654,.T.);
#12654 = B_SPLINE_CURVE_WITH_KNOTS('',2,(#12655,#12656,#12657),
  .UNSPECIFIED.,.F.,.F.,(3,3),(0.,1.),.PIECEWISE_BEZIER_KNOTS.);
#12655 = CARTESIAN_POINT('',(11.653569240196,-11.5,19.340073529412));
#12656 = CARTESIAN_POINT('',(11.303462009804,-11.5,19.573299632353));
#12657 = CARTESIAN_POINT('',(10.8359375,-11.5,19.682138480392));
#12658 = SURFACE_OF_LINEAR_EXTRUSION('',#12659,#12663);
#12659 = B_SPLINE_CURVE_WITH_KNOTS('',2,(#12660,#12661,#12662),
  .UNSPECIFIED.,.F.,.F.,(3,3),(0.,1.),.PIECEWISE_BEZIER_KNOTS.);
#12660 = CARTESIAN_POINT('',(11.653569240196,-11.5,19.340073529412));
#12661 = CARTESIAN_POINT('',(11.303462009804,-11.5,19.573299632353));
#12662 = CARTESIAN_POINT('',(10.8359375,-11.5,19.682138480392));
#12663 = VECTOR('',#12664,1.);
#12664 = DIRECTION('',(0.,-1.,2.2E-16));
#12665 = ADVANCED_FACE('',(#12666),#12684,.T.);
#12666 = FACE_BOUND('',#12667,.T.);
#12667 = EDGE_LOOP('',(#12668,#12676,#12677,#12678));
#12668 = ORIENTED_EDGE('',*,*,#12669,.T.);
#12669 = EDGE_CURVE('',#12670,#11766,#12672,.T.);
#12670 = VERTEX_POINT('',#12671);
#12671 = CARTESIAN_POINT('',(12.205269607843,-11.5,18.744944852941));
#12672 = LINE('',#12673,#12674);
#12673 = CARTESIAN_POINT('',(12.205269607843,-11.5,18.744944852941));
#12674 = VECTOR('',#12675,1.);
#12675 = DIRECTION('',(0.,1.,-2.2E-16));
#12676 = ORIENTED_EDGE('',*,*,#11765,.T.);
#12677 = ORIENTED_EDGE('',*,*,#12643,.F.);
#12678 = ORIENTED_EDGE('',*,*,#12679,.F.);
#12679 = EDGE_CURVE('',#12670,#12644,#12680,.T.);
#12680 = B_SPLINE_CURVE_WITH_KNOTS('',2,(#12681,#12682,#12683),
  .UNSPECIFIED.,.F.,.F.,(3,3),(0.,1.),.PIECEWISE_BEZIER_KNOTS.);
#12681 = CARTESIAN_POINT('',(12.205269607843,-11.5,18.744944852941));
#12682 = CARTESIAN_POINT('',(12.004212622549,-11.5,19.106847426471));
#12683 = CARTESIAN_POINT('',(11.653569240196,-11.5,19.340073529412));
#12684 = SURFACE_OF_LINEAR_EXTRUSION('',#12685,#12689);
#12685 = B_SPLINE_CURVE_WITH_KNOTS('',2,(#12686,#12687,#12688),
  .UNSPECIFIED.,.F.,.F.,(3,3),(0.,1.),.PIECEWISE_BEZIER_KNOTS.);
#12686 = CARTESIAN_POINT('',(12.205269607843,-11.5,18.744944852941));
#12687 = CARTESIAN_POINT('',(12.004212622549,-11.5,19.106847426471));
#12688 = CARTESIAN_POINT('',(11.653569240196,-11.5,19.340073529412));
#12689 = VECTOR('',#12690,1.);
#12690 = DIRECTION('',(0.,-1.,2.2E-16));
#12691 = ADVANCED_FACE('',(#12692),#12710,.T.);
#12692 = FACE_BOUND('',#12693,.T.);
#12693 = EDGE_LOOP('',(#12694,#12702,#12703,#12704));
#12694 = ORIENTED_EDGE('',*,*,#12695,.T.);
#12695 = EDGE_CURVE('',#12696,#11774,#12698,.T.);
#12696 = VERTEX_POINT('',#12697);
#12697 = CARTESIAN_POINT('',(12.406862745098,-11.5,17.868336397059));
#12698 = LINE('',#12699,#12700);
#12699 = CARTESIAN_POINT('',(12.406862745098,-11.5,17.868336397059));
#12700 = VECTOR('',#12701,1.);
#12701 = DIRECTION('',(0.,1.,-2.2E-16));
#12702 = ORIENTED_EDGE('',*,*,#11773,.T.);
#12703 = ORIENTED_EDGE('',*,*,#12669,.F.);
#12704 = ORIENTED_EDGE('',*,*,#12705,.F.);
#12705 = EDGE_CURVE('',#12696,#12670,#12706,.T.);
#12706 = B_SPLINE_CURVE_WITH_KNOTS('',2,(#12707,#12708,#12709),
  .UNSPECIFIED.,.F.,.F.,(3,3),(0.,1.),.PIECEWISE_BEZIER_KNOTS.);
#12707 = CARTESIAN_POINT('',(12.406862745098,-11.5,17.868336397059));
#12708 = CARTESIAN_POINT('',(12.406862745098,-11.5,18.383042279412));
#12709 = CARTESIAN_POINT('',(12.205269607843,-11.5,18.744944852941));
#12710 = SURFACE_OF_LINEAR_EXTRUSION('',#12711,#12715);
#12711 = B_SPLINE_CURVE_WITH_KNOTS('',2,(#12712,#12713,#12714),
  .UNSPECIFIED.,.F.,.F.,(3,3),(0.,1.),.PIECEWISE_BEZIER_KNOTS.);
#12712 = CARTESIAN_POINT('',(12.406862745098,-11.5,17.868336397059));
#12713 = CARTESIAN_POINT('',(12.406862745098,-11.5,18.383042279412));
#12714 = CARTESIAN_POINT('',(12.205269607843,-11.5,18.744944852941));
#12715 = VECTOR('',#12716,1.);
#12716 = DIRECTION('',(0.,-1.,2.2E-16));
#12717 = ADVANCED_FACE('',(#12718),#12729,.T.);
#12718 = FACE_BOUND('',#12719,.T.);
#12719 = EDGE_LOOP('',(#12720,#12721,#12722,#12723));
#12720 = ORIENTED_EDGE('',*,*,#12437,.T.);
#12721 = ORIENTED_EDGE('',*,*,#11781,.T.);
#12722 = ORIENTED_EDGE('',*,*,#12695,.F.);
#12723 = ORIENTED_EDGE('',*,*,#12724,.F.);
#12724 = EDGE_CURVE('',#12438,#12696,#12725,.T.);
#12725 = B_SPLINE_CURVE_WITH_KNOTS('',2,(#12726,#12727,#12728),
  .UNSPECIFIED.,.F.,.F.,(3,3),(0.,1.),.PIECEWISE_BEZIER_KNOTS.);
#12726 = CARTESIAN_POINT('',(11.766161151961,-11.5,16.457184436275));
#12727 = CARTESIAN_POINT('',(12.406862745098,-11.5,16.935431985294));
#12728 = CARTESIAN_POINT('',(12.406862745098,-11.5,17.868336397059));
#12729 = SURFACE_OF_LINEAR_EXTRUSION('',#12730,#12734);
#12730 = B_SPLINE_CURVE_WITH_KNOTS('',2,(#12731,#12732,#12733),
  .UNSPECIFIED.,.F.,.F.,(3,3),(0.,1.),.PIECEWISE_BEZIER_KNOTS.);
#12731 = CARTESIAN_POINT('',(11.766161151961,-11.5,16.457184436275));
#12732 = CARTESIAN_POINT('',(12.406862745098,-11.5,16.935431985294));
#12733 = CARTESIAN_POINT('',(12.406862745098,-11.5,17.868336397059));
#12734 = VECTOR('',#12735,1.);
#12735 = DIRECTION('',(0.,-1.,2.2E-16));
#12736 = ADVANCED_FACE('',(#12737,#12740),#12766,.F.);
#12737 = FACE_BOUND('',#12738,.F.);
#12738 = EDGE_LOOP('',(#12739));
#12739 = ORIENTED_EDGE('',*,*,#11855,.F.);
#12740 = FACE_BOUND('',#12741,.F.);
#12741 = EDGE_LOOP('',(#12742,#12752,#12760));
#12742 = ORIENTED_EDGE('',*,*,#12743,.T.);
#12743 = EDGE_CURVE('',#12744,#12746,#12748,.T.);
#12744 = VERTEX_POINT('',#12745);
#12745 = CARTESIAN_POINT('',(19.7,11.5,74.8));
#12746 = VERTEX_POINT('',#12747);
#12747 = CARTESIAN_POINT('',(15.65,11.5,72.461731409782));
#12748 = LINE('',#12749,#12750);
#12749 = CARTESIAN_POINT('',(19.7,11.5,74.8));
#12750 = VECTOR('',#12751,1.);
#12751 = DIRECTION('',(-0.866025403784,0.,-0.5));
#12752 = ORIENTED_EDGE('',*,*,#12753,.T.);
#12753 = EDGE_CURVE('',#12746,#12754,#12756,.T.);
#12754 = VERTEX_POINT('',#12755);
#12755 = CARTESIAN_POINT('',(15.65,11.5,77.138268590218));
#12756 = LINE('',#12757,#12758);
#12757 = CARTESIAN_POINT('',(15.65,11.5,72.461731409782));
#12758 = VECTOR('',#12759,1.);
#12759 = DIRECTION('',(0.,0.,1.));
#12760 = ORIENTED_EDGE('',*,*,#12761,.T.);
#12761 = EDGE_CURVE('',#12754,#12744,#12762,.T.);
#12762 = LINE('',#12763,#12764);
#12763 = CARTESIAN_POINT('',(15.65,11.5,77.138268590218));
#12764 = VECTOR('',#12765,1.);
#12765 = DIRECTION('',(0.866025403784,0.,-0.5));
#12766 = PLANE('',#12767);
#12767 = AXIS2_PLACEMENT_3D('',#12768,#12769,#12770);
#12768 = CARTESIAN_POINT('',(22.,11.5,0.));
#12769 = DIRECTION('',(0.,-1.,0.));
#12770 = DIRECTION('',(-1.,0.,0.));
#12771 = ADVANCED_FACE('',(#12772,#12775),#12786,.F.);
#12772 = FACE_BOUND('',#12773,.F.);
#12773 = EDGE_LOOP('',(#12774));
#12774 = ORIENTED_EDGE('',*,*,#11880,.F.);
#12775 = FACE_BOUND('',#12776,.F.);
#12776 = EDGE_LOOP('',(#12777));
#12777 = ORIENTED_EDGE('',*,*,#12778,.T.);
#12778 = EDGE_CURVE('',#12779,#12779,#12781,.T.);
#12779 = VERTEX_POINT('',#12780);
#12780 = CARTESIAN_POINT('',(8.5,11.5,84.8));
#12781 = CIRCLE('',#12782,2.5);
#12782 = AXIS2_PLACEMENT_3D('',#12783,#12784,#12785);
#12783 = CARTESIAN_POINT('',(11.,11.5,84.8));
#12784 = DIRECTION('',(0.,1.,-0.));
#12785 = DIRECTION('',(-1.,0.,0.));
#12786 = PLANE('',#12787);
#12787 = AXIS2_PLACEMENT_3D('',#12788,#12789,#12790);
#12788 = CARTESIAN_POINT('',(22.,11.5,0.));
#12789 = DIRECTION('',(0.,-1.,0.));
#12790 = DIRECTION('',(-1.,0.,0.));
#12791 = ADVANCED_FACE('',(#12792,#12795),#12821,.F.);
#12792 = FACE_BOUND('',#12793,.F.);
#12793 = EDGE_LOOP('',(#12794));
#12794 = ORIENTED_EDGE('',*,*,#11905,.F.);
#12795 = FACE_BOUND('',#12796,.F.);
#12796 = EDGE_LOOP('',(#12797,#12807,#12815));
#12797 = ORIENTED_EDGE('',*,*,#12798,.T.);
#12798 = EDGE_CURVE('',#12799,#12801,#12803,.T.);
#12799 = VERTEX_POINT('',#12800);
#12800 = CARTESIAN_POINT('',(6.35,11.5,77.138268590218));
#12801 = VERTEX_POINT('',#12802);
#12802 = CARTESIAN_POINT('',(6.35,11.5,72.461731409782));
#12803 = LINE('',#12804,#12805);
#12804 = CARTESIAN_POINT('',(6.35,11.5,77.138268590218));
#12805 = VECTOR('',#12806,1.);
#12806 = DIRECTION('',(0.,0.,-1.));
#12807 = ORIENTED_EDGE('',*,*,#12808,.T.);
#12808 = EDGE_CURVE('',#12801,#12809,#12811,.T.);
#12809 = VERTEX_POINT('',#12810);
#12810 = CARTESIAN_POINT('',(2.3,11.5,74.8));
#12811 = LINE('',#12812,#12813);
#12812 = CARTESIAN_POINT('',(6.35,11.5,72.461731409782));
#12813 = VECTOR('',#12814,1.);
#12814 = DIRECTION('',(-0.866025403784,0.,0.5));
#12815 = ORIENTED_EDGE('',*,*,#12816,.T.);
#12816 = EDGE_CURVE('',#12809,#12799,#12817,.T.);
#12817 = LINE('',#12818,#12819);
#12818 = CARTESIAN_POINT('',(2.3,11.5,74.8));
#12819 = VECTOR('',#12820,1.);
#12820 = DIRECTION('',(0.866025403784,0.,0.5));
#12821 = PLANE('',#12822);
#12822 = AXIS2_PLACEMENT_3D('',#12823,#12824,#12825);
#12823 = CARTESIAN_POINT('',(22.,11.5,0.));
#12824 = DIRECTION('',(0.,-1.,0.));
#12825 = DIRECTION('',(-1.,0.,0.));
#12826 = ADVANCED_FACE('',(#12827),#12838,.T.);
#12827 = FACE_BOUND('',#12828,.T.);
#12828 = EDGE_LOOP('',(#12829,#12830,#12831,#12832,#12833,#12834,#12835,
    #12836,#12837));
#12829 = ORIENTED_EDGE('',*,*,#11963,.T.);
#12830 = ORIENTED_EDGE('',*,*,#11937,.T.);
#12831 = ORIENTED_EDGE('',*,*,#12132,.T.);
#12832 = ORIENTED_EDGE('',*,*,#12113,.T.);
#12833 = ORIENTED_EDGE('',*,*,#12087,.T.);
#12834 = ORIENTED_EDGE('',*,*,#12061,.T.);
#12835 = ORIENTED_EDGE('',*,*,#12035,.T.);
#12836 = ORIENTED_EDGE('',*,*,#12011,.T.);
#12837 = ORIENTED_EDGE('',*,*,#11987,.T.);
#12838 = PLANE('',#12839);
#12839 = AXIS2_PLACEMENT_3D('',#12840,#12841,#12842);
#12840 = CARTESIAN_POINT('',(22.,-11.5,0.));
#12841 = DIRECTION('',(0.,-1.,0.));
#12842 = DIRECTION('',(-1.,0.,0.));
#12843 = ADVANCED_FACE('',(#12844),#12857,.T.);
#12844 = FACE_BOUND('',#12845,.T.);
#12845 = EDGE_LOOP('',(#12846,#12847,#12848,#12849,#12850,#12851,#12852,
    #12853,#12854,#12855,#12856));
#12846 = ORIENTED_EDGE('',*,*,#12191,.T.);
#12847 = ORIENTED_EDGE('',*,*,#12165,.T.);
#12848 = ORIENTED_EDGE('',*,*,#12412,.T.);
#12849 = ORIENTED_EDGE('',*,*,#12393,.T.);
#12850 = ORIENTED_EDGE('',*,*,#12367,.T.);
#12851 = ORIENTED_EDGE('',*,*,#12343,.T.);
#12852 = ORIENTED_EDGE('',*,*,#12319,.T.);
#12853 = ORIENTED_EDGE('',*,*,#12295,.T.);
#12854 = ORIENTED_EDGE('',*,*,#12269,.T.);
#12855 = ORIENTED_EDGE('',*,*,#12243,.T.);
#12856 = ORIENTED_EDGE('',*,*,#12217,.T.);
#12857 = PLANE('',#12858);
#12858 = AXIS2_PLACEMENT_3D('',#12859,#12860,#12861);
#12859 = CARTESIAN_POINT('',(22.,-11.5,0.));
#12860 = DIRECTION('',(0.,-1.,0.));
#12861 = DIRECTION('',(-1.,0.,0.));
#12862 = ADVANCED_FACE('',(#12863),#12877,.T.);
#12863 = FACE_BOUND('',#12864,.T.);
#12864 = EDGE_LOOP('',(#12865,#12866,#12867,#12868,#12869,#12870,#12871,
    #12872,#12873,#12874,#12875,#12876));
#12865 = ORIENTED_EDGE('',*,*,#12471,.T.);
#12866 = ORIENTED_EDGE('',*,*,#12445,.T.);
#12867 = ORIENTED_EDGE('',*,*,#12724,.T.);
#12868 = ORIENTED_EDGE('',*,*,#12705,.T.);
#12869 = ORIENTED_EDGE('',*,*,#12679,.T.);
#12870 = ORIENTED_EDGE('',*,*,#12653,.T.);
#12871 = ORIENTED_EDGE('',*,*,#12627,.T.);
#12872 = ORIENTED_EDGE('',*,*,#12601,.T.);
#12873 = ORIENTED_EDGE('',*,*,#12575,.T.);
#12874 = ORIENTED_EDGE('',*,*,#12549,.T.);
#12875 = ORIENTED_EDGE('',*,*,#12523,.T.);
#12876 = ORIENTED_EDGE('',*,*,#12497,.T.);
#12877 = PLANE('',#12878);
#12878 = AXIS2_PLACEMENT_3D('',#12879,#12880,#12881);
#12879 = CARTESIAN_POINT('',(22.,-11.5,0.));
#12880 = DIRECTION('',(0.,-1.,0.));
#12881 = DIRECTION('',(-1.,0.,0.));
#12882 = ADVANCED_FACE('',(#12883),#12908,.F.);
#12883 = FACE_BOUND('',#12884,.F.);
#12884 = EDGE_LOOP('',(#12885,#12893,#12901,#12907));
#12885 = ORIENTED_EDGE('',*,*,#12886,.T.);
#12886 = EDGE_CURVE('',#12744,#12887,#12889,.T.);
#12887 = VERTEX_POINT('',#12888);
#12888 = CARTESIAN_POINT('',(19.7,11.225,74.8));
#12889 = LINE('',#12890,#12891);
#12890 = CARTESIAN_POINT('',(19.7,11.5,74.8));
#12891 = VECTOR('',#12892,1.);
#12892 = DIRECTION('',(0.,-1.,2.2E-16));
#12893 = ORIENTED_EDGE('',*,*,#12894,.T.);
#12894 = EDGE_CURVE('',#12887,#12895,#12897,.T.);
#12895 = VERTEX_POINT('',#12896);
#12896 = CARTESIAN_POINT('',(15.65,11.225,72.461731409782));
#12897 = LINE('',#12898,#12899);
#12898 = CARTESIAN_POINT('',(19.7,11.225,74.8));
#12899 = VECTOR('',#12900,1.);
#12900 = DIRECTION('',(-0.866025403784,0.,-0.5));
#12901 = ORIENTED_EDGE('',*,*,#12902,.F.);
#12902 = EDGE_CURVE('',#12746,#12895,#12903,.T.);
#12903 = LINE('',#12904,#12905);
#12904 = CARTESIAN_POINT('',(15.65,11.5,72.461731409782));
#12905 = VECTOR('',#12906,1.);
#12906 = DIRECTION('',(0.,-1.,2.2E-16));
#12907 = ORIENTED_EDGE('',*,*,#12743,.F.);
#12908 = PLANE('',#12909);
#12909 = AXIS2_PLACEMENT_3D('',#12910,#12911,#12912);
#12910 = CARTESIAN_POINT('',(19.7,11.5,74.8));
#12911 = DIRECTION('',(0.5,-1.9E-16,-0.866025403784));
#12912 = DIRECTION('',(-0.866025403784,-1.1E-16,-0.5));
#12913 = ADVANCED_FACE('',(#12914),#12932,.F.);
#12914 = FACE_BOUND('',#12915,.F.);
#12915 = EDGE_LOOP('',(#12916,#12924,#12930,#12931));
#12916 = ORIENTED_EDGE('',*,*,#12917,.T.);
#12917 = EDGE_CURVE('',#12754,#12918,#12920,.T.);
#12918 = VERTEX_POINT('',#12919);
#12919 = CARTESIAN_POINT('',(15.65,11.225,77.138268590218));
#12920 = LINE('',#12921,#12922);
#12921 = CARTESIAN_POINT('',(15.65,11.5,77.138268590218));
#12922 = VECTOR('',#12923,1.);
#12923 = DIRECTION('',(0.,-1.,2.2E-16));
#12924 = ORIENTED_EDGE('',*,*,#12925,.T.);
#12925 = EDGE_CURVE('',#12918,#12887,#12926,.T.);
#12926 = LINE('',#12927,#12928);
#12927 = CARTESIAN_POINT('',(15.65,11.225,77.138268590218));
#12928 = VECTOR('',#12929,1.);
#12929 = DIRECTION('',(0.866025403784,0.,-0.5));
#12930 = ORIENTED_EDGE('',*,*,#12886,.F.);
#12931 = ORIENTED_EDGE('',*,*,#12761,.F.);
#12932 = PLANE('',#12933);
#12933 = AXIS2_PLACEMENT_3D('',#12934,#12935,#12936);
#12934 = CARTESIAN_POINT('',(15.65,11.5,77.138268590218));
#12935 = DIRECTION('',(0.5,1.9E-16,0.866025403784));
#12936 = DIRECTION('',(0.866025403784,-1.1E-16,-0.5));
#12937 = ADVANCED_FACE('',(#12938),#12949,.F.);
#12938 = FACE_BOUND('',#12939,.F.);
#12939 = EDGE_LOOP('',(#12940,#12941,#12947,#12948));
#12940 = ORIENTED_EDGE('',*,*,#12902,.T.);
#12941 = ORIENTED_EDGE('',*,*,#12942,.T.);
#12942 = EDGE_CURVE('',#12895,#12918,#12943,.T.);
#12943 = LINE('',#12944,#12945);
#12944 = CARTESIAN_POINT('',(15.65,11.225,72.461731409782));
#12945 = VECTOR('',#12946,1.);
#12946 = DIRECTION('',(0.,0.,1.));
#12947 = ORIENTED_EDGE('',*,*,#12917,.F.);
#12948 = ORIENTED_EDGE('',*,*,#12753,.F.);
#12949 = PLANE('',#12950);
#12950 = AXIS2_PLACEMENT_3D('',#12951,#12952,#12953);
#12951 = CARTESIAN_POINT('',(15.65,11.5,72.461731409782));
#12952 = DIRECTION('',(-1.,0.,0.));
#12953 = DIRECTION('',(0.,2.2E-16,1.));
#12954 = ADVANCED_FACE('',(#12955),#12974,.F.);
#12955 = FACE_BOUND('',#12956,.F.);
#12956 = EDGE_LOOP('',(#12957,#12965,#12972,#12973));
#12957 = ORIENTED_EDGE('',*,*,#12958,.T.);
#12958 = EDGE_CURVE('',#12779,#12959,#12961,.T.);
#12959 = VERTEX_POINT('',#12960);
#12960 = CARTESIAN_POINT('',(8.5,11.225,84.8));
#12961 = LINE('',#12962,#12963);
#12962 = CARTESIAN_POINT('',(8.5,11.5,84.8));
#12963 = VECTOR('',#12964,1.);
#12964 = DIRECTION('',(0.,-1.,2.2E-16));
#12965 = ORIENTED_EDGE('',*,*,#12966,.T.);
#12966 = EDGE_CURVE('',#12959,#12959,#12967,.T.);
#12967 = CIRCLE('',#12968,2.5);
#12968 = AXIS2_PLACEMENT_3D('',#12969,#12970,#12971);
#12969 = CARTESIAN_POINT('',(11.,11.225,84.8));
#12970 = DIRECTION('',(0.,1.,-0.));
#12971 = DIRECTION('',(-1.,0.,0.));
#12972 = ORIENTED_EDGE('',*,*,#12958,.F.);
#12973 = ORIENTED_EDGE('',*,*,#12778,.F.);
#12974 = CYLINDRICAL_SURFACE('',#12975,2.5);
#12975 = AXIS2_PLACEMENT_3D('',#12976,#12977,#12978);
#12976 = CARTESIAN_POINT('',(11.,11.5,84.8));
#12977 = DIRECTION('',(0.,1.,-2.2E-16));
#12978 = DIRECTION('',(-1.,0.,0.));
#12979 = ADVANCED_FACE('',(#12980),#13005,.F.);
#12980 = FACE_BOUND('',#12981,.F.);
#12981 = EDGE_LOOP('',(#12982,#12990,#12998,#13004));
#12982 = ORIENTED_EDGE('',*,*,#12983,.T.);
#12983 = EDGE_CURVE('',#12799,#12984,#12986,.T.);
#12984 = VERTEX_POINT('',#12985);
#12985 = CARTESIAN_POINT('',(6.35,11.225,77.138268590218));
#12986 = LINE('',#12987,#12988);
#12987 = CARTESIAN_POINT('',(6.35,11.5,77.138268590218));
#12988 = VECTOR('',#12989,1.);
#12989 = DIRECTION('',(0.,-1.,2.2E-16));
#12990 = ORIENTED_EDGE('',*,*,#12991,.T.);
#12991 = EDGE_CURVE('',#12984,#12992,#12994,.T.);
#12992 = VERTEX_POINT('',#12993);
#12993 = CARTESIAN_POINT('',(6.35,11.225,72.461731409782));
#12994 = LINE('',#12995,#12996);
#12995 = CARTESIAN_POINT('',(6.35,11.225,77.138268590218));
#12996 = VECTOR('',#12997,1.);
#12997 = DIRECTION('',(0.,0.,-1.));
#12998 = ORIENTED_EDGE('',*,*,#12999,.F.);
#12999 = EDGE_CURVE('',#12801,#12992,#13000,.T.);
#13000 = LINE('',#13001,#13002);
#13001 = CARTESIAN_POINT('',(6.35,11.5,72.461731409782));
#13002 = VECTOR('',#13003,1.);
#13003 = DIRECTION('',(0.,-1.,2.2E-16));
#13004 = ORIENTED_EDGE('',*,*,#12798,.F.);
#13005 = PLANE('',#13006);
#13006 = AXIS2_PLACEMENT_3D('',#13007,#13008,#13009);
#13007 = CARTESIAN_POINT('',(6.35,11.5,77.138268590218));
#13008 = DIRECTION('',(1.,0.,0.));
#13009 = DIRECTION('',(0.,-2.2E-16,-1.));
#13010 = ADVANCED_FACE('',(#13011),#13029,.F.);
#13011 = FACE_BOUND('',#13012,.F.);
#13012 = EDGE_LOOP('',(#13013,#13021,#13027,#13028));
#13013 = ORIENTED_EDGE('',*,*,#13014,.T.);
#13014 = EDGE_CURVE('',#12809,#13015,#13017,.T.);
#13015 = VERTEX_POINT('',#13016);
#13016 = CARTESIAN_POINT('',(2.3,11.225,74.8));
#13017 = LINE('',#13018,#13019);
#13018 = CARTESIAN_POINT('',(2.3,11.5,74.8));
#13019 = VECTOR('',#13020,1.);
#13020 = DIRECTION('',(0.,-1.,2.2E-16));
#13021 = ORIENTED_EDGE('',*,*,#13022,.T.);
#13022 = EDGE_CURVE('',#13015,#12984,#13023,.T.);
#13023 = LINE('',#13024,#13025);
#13024 = CARTESIAN_POINT('',(2.3,11.225,74.8));
#13025 = VECTOR('',#13026,1.);
#13026 = DIRECTION('',(0.866025403784,0.,0.5));
#13027 = ORIENTED_EDGE('',*,*,#12983,.F.);
#13028 = ORIENTED_EDGE('',*,*,#12816,.F.);
#13029 = PLANE('',#13030);
#13030 = AXIS2_PLACEMENT_3D('',#13031,#13032,#13033);
#13031 = CARTESIAN_POINT('',(2.3,11.5,74.8));
#13032 = DIRECTION('',(-0.5,1.9E-16,0.866025403784));
#13033 = DIRECTION('',(0.866025403784,1.1E-16,0.5));
#13034 = ADVANCED_FACE('',(#13035),#13046,.F.);
#13035 = FACE_BOUND('',#13036,.F.);
#13036 = EDGE_LOOP('',(#13037,#13038,#13044,#13045));
#13037 = ORIENTED_EDGE('',*,*,#12999,.T.);
#13038 = ORIENTED_EDGE('',*,*,#13039,.T.);
#13039 = EDGE_CURVE('',#12992,#13015,#13040,.T.);
#13040 = LINE('',#13041,#13042);
#13041 = CARTESIAN_POINT('',(6.35,11.225,72.461731409782));
#13042 = VECTOR('',#13043,1.);
#13043 = DIRECTION('',(-0.866025403784,0.,0.5));
#13044 = ORIENTED_EDGE('',*,*,#13014,.F.);
#13045 = ORIENTED_EDGE('',*,*,#12808,.F.);
#13046 = PLANE('',#13047);
#13047 = AXIS2_PLACEMENT_3D('',#13048,#13049,#13050);
#13048 = CARTESIAN_POINT('',(6.35,11.5,72.461731409782));
#13049 = DIRECTION('',(-0.5,-1.9E-16,-0.866025403784));
#13050 = DIRECTION('',(-0.866025403784,1.1E-16,0.5));
#13051 = ADVANCED_FACE('',(#13052),#13057,.T.);
#13052 = FACE_BOUND('',#13053,.T.);
#13053 = EDGE_LOOP('',(#13054,#13055,#13056));
#13054 = ORIENTED_EDGE('',*,*,#12942,.T.);
#13055 = ORIENTED_EDGE('',*,*,#12925,.T.);
#13056 = ORIENTED_EDGE('',*,*,#12894,.T.);
#13057 = PLANE('',#13058);
#13058 = AXIS2_PLACEMENT_3D('',#13059,#13060,#13061);
#13059 = CARTESIAN_POINT('',(11.,11.225,58.183216949566));
#13060 = DIRECTION('',(0.,1.,0.));
#13061 = DIRECTION('',(0.,0.,1.));
#13062 = ADVANCED_FACE('',(#13063),#13066,.T.);
#13063 = FACE_BOUND('',#13064,.T.);
#13064 = EDGE_LOOP('',(#13065));
#13065 = ORIENTED_EDGE('',*,*,#12966,.T.);
#13066 = PLANE('',#13067);
#13067 = AXIS2_PLACEMENT_3D('',#13068,#13069,#13070);
#13068 = CARTESIAN_POINT('',(11.,11.225,58.183216949566));
#13069 = DIRECTION('',(0.,1.,0.));
#13070 = DIRECTION('',(0.,0.,1.));
#13071 = ADVANCED_FACE('',(#13072),#13077,.T.);
#13072 = FACE_BOUND('',#13073,.T.);
#13073 = EDGE_LOOP('',(#13074,#13075,#13076));
#13074 = ORIENTED_EDGE('',*,*,#13039,.T.);
#13075 = ORIENTED_EDGE('',*,*,#13022,.T.);
#13076 = ORIENTED_EDGE('',*,*,#12991,.T.);
#13077 = PLANE('',#13078);
#13078 = AXIS2_PLACEMENT_3D('',#13079,#13080,#13081);
#13079 = CARTESIAN_POINT('',(11.,11.225,58.183216949566));
#13080 = DIRECTION('',(0.,1.,0.));
#13081 = DIRECTION('',(0.,0.,1.));
#13082 = ( GEOMETRIC_REPRESENTATION_CONTEXT(3) 
GLOBAL_UNCERTAINTY_ASSIGNED_CONTEXT((#13086)) 
GLOBAL_UNIT_ASSIGNED_CONTEXT((#13083,#13084,#13085)) 
REPRESENTATION_CONTEXT('Context #1',
  '3D Context with UNIT and UNCERTAINTY') );
#13083 = ( LENGTH_UNIT() NAMED_UNIT(*) SI_UNIT(.MILLI.,.METRE.) );
#13084 = ( NAMED_UNIT(*) PLANE_ANGLE_UNIT() SI_UNIT($,.RADIAN.) );
#13085 = ( NAMED_UNIT(*) SI_UNIT($,.STERADIAN.) SOLID_ANGLE_UNIT() );
#13086 = UNCERTAINTY_MEASURE_WITH_UNIT(LENGTH_MEASURE(1.E-05),#13083,
  'distance_accuracy_value','confusion accuracy');
#13087 = PRODUCT_RELATED_PRODUCT_CATEGORY('part',$,(#7));
#13088 = MECHANICAL_DESIGN_GEOMETRIC_PRESENTATION_REPRESENTATION('',(
    #13089),#13082);
#13089 = STYLED_ITEM('color',(#13090),#15);
#13090 = PRESENTATION_STYLE_ASSIGNMENT((#13091,#13097));
#13091 = SURFACE_STYLE_USAGE(.BOTH.,#13092);
#13092 = SURFACE_SIDE_STYLE('',(#13093));
#13093 = SURFACE_STYLE_FILL_AREA(#13094);
#13094 = FILL_AREA_STYLE('',(#13095));
#13095 = FILL_AREA_STYLE_COLOUR('',#13096);
#13096 = COLOUR_RGB('',0.447058818107,0.474509808674,0.501960817233);
#13097 = CURVE_STYLE('',#13098,POSITIVE_LENGTH_MEASURE(0.1),#13099);
#13098 = DRAUGHTING_PRE_DEFINED_CURVE_FONT('continuous');
#13099 = COLOUR_RGB('',9.803921802644E-02,9.803921802644E-02,
  9.803921802644E-02);
ENDSEC;
END-ISO-10303-21;
