ISO-10303-21;
HEADER;
FILE_DESCRIPTION(('FreeCAD Model'),'2;1');
FILE_NAME('Open CASCADE Shape Model','2025-04-17T11:48:06',(''),(''),
  'Open CASCADE STEP processor 7.8','FreeCAD','Unknown');
FILE_SCHEMA(('AUTOMOTIVE_DESIGN { 1 0 10303 214 1 1 1 1 }'));
ENDSEC;
DATA;
#1 = APPLICATION_PROTOCOL_DEFINITION('international standard',
  'automotive_design',2000,#2);
#2 = APPLICATION_CONTEXT(
  'core data for automotive mechanical design processes');
#3 = SHAPE_DEFINITION_REPRESENTATION(#4,#10);
#4 = PRODUCT_DEFINITION_SHAPE('','',#5);
#5 = PRODUCT_DEFINITION('design','',#6,#9);
#6 = PRODUCT_DEFINITION_FORMATION('','',#7);
#7 = PRODUCT('Bottom','Bottom','',(#8));
#8 = PRODUCT_CONTEXT('',#2,'mechanical');
#9 = PRODUCT_DEFINITION_CONTEXT('part definition',#2,'design');
#10 = ADVANCED_BREP_SHAPE_REPRESENTATION('',(#11,#15),#3260);
#11 = AXIS2_PLACEMENT_3D('',#12,#13,#14);
#12 = CARTESIAN_POINT('',(0.,0.,0.));
#13 = DIRECTION('',(0.,0.,1.));
#14 = DIRECTION('',(1.,0.,-0.));
#15 = MANIFOLD_SOLID_BREP('',#16);
#16 = CLOSED_SHELL('',(#17,#129,#160,#185,#210,#234,#258,#283,#308,#325,
    #356,#381,#406,#423,#454,#479,#504,#528,#552,#577,#602,#619,#650,
    #675,#700,#717,#991,#1039,#1088,#1203,#1227,#1251,#1268,#1327,#1351,
    #1373,#1397,#1428,#1452,#1476,#1500,#1538,#1562,#1586,#1619,#1643,
    #1667,#1691,#1715,#1739,#1763,#1787,#1902,#1927,#1958,#1982,#2006,
    #2023,#2122,#2164,#2264,#2324,#2350,#2367,#2386,#2398,#2420,#2437,
    #2454,#2466,#2488,#2505,#2522,#2534,#2545,#2577,#2634,#2646,#2676,
    #2692,#2709,#2721,#2739,#2756,#2788,#2825,#2857,#2889,#2921,#2943,
    #2960,#2977,#2999,#3016,#3033,#3045,#3065,#3077,#3093,#3105,#3118,
    #3130,#3142,#3153,#3169,#3181,#3206,#3226,#3251));
#17 = ADVANCED_FACE('',(#18,#88),#124,.T.);
#18 = FACE_BOUND('',#19,.T.);
#19 = EDGE_LOOP('',(#20,#30,#39,#47,#56,#64,#73,#81));
#20 = ORIENTED_EDGE('',*,*,#21,.T.);
#21 = EDGE_CURVE('',#22,#24,#26,.T.);
#22 = VERTEX_POINT('',#23);
#23 = CARTESIAN_POINT('',(18.445153254429,6.15,101.5));
#24 = VERTEX_POINT('',#25);
#25 = CARTESIAN_POINT('',(26.245153254429,6.15,101.5));
#26 = LINE('',#27,#28);
#27 = CARTESIAN_POINT('',(18.445153254429,6.15,101.5));
#28 = VECTOR('',#29,1.);
#29 = DIRECTION('',(1.,0.,0.));
#30 = ORIENTED_EDGE('',*,*,#31,.T.);
#31 = EDGE_CURVE('',#24,#32,#34,.T.);
#32 = VERTEX_POINT('',#33);
#33 = CARTESIAN_POINT('',(28.945153254429,3.45,101.5));
#34 = CIRCLE('',#35,2.7);
#35 = AXIS2_PLACEMENT_3D('',#36,#37,#38);
#36 = CARTESIAN_POINT('',(26.245153254429,3.45,101.5));
#37 = DIRECTION('',(0.,0.,-1.));
#38 = DIRECTION('',(1.27E-15,1.,0.));
#39 = ORIENTED_EDGE('',*,*,#40,.T.);
#40 = EDGE_CURVE('',#32,#41,#43,.T.);
#41 = VERTEX_POINT('',#42);
#42 = CARTESIAN_POINT('',(28.945153254429,1.45,101.5));
#43 = LINE('',#44,#45);
#44 = CARTESIAN_POINT('',(28.945153254429,3.45,101.5));
#45 = VECTOR('',#46,1.);
#46 = DIRECTION('',(0.,-1.,0.));
#47 = ORIENTED_EDGE('',*,*,#48,.T.);
#48 = EDGE_CURVE('',#41,#49,#51,.T.);
#49 = VERTEX_POINT('',#50);
#50 = CARTESIAN_POINT('',(26.245153254429,-1.25,101.5));
#51 = CIRCLE('',#52,2.7);
#52 = AXIS2_PLACEMENT_3D('',#53,#54,#55);
#53 = CARTESIAN_POINT('',(26.245153254429,1.45,101.5));
#54 = DIRECTION('',(0.,0.,-1.));
#55 = DIRECTION('',(1.,0.,0.));
#56 = ORIENTED_EDGE('',*,*,#57,.T.);
#57 = EDGE_CURVE('',#49,#58,#60,.T.);
#58 = VERTEX_POINT('',#59);
#59 = CARTESIAN_POINT('',(18.445153254429,-1.25,101.5));
#60 = LINE('',#61,#62);
#61 = CARTESIAN_POINT('',(26.245153254429,-1.25,101.5));
#62 = VECTOR('',#63,1.);
#63 = DIRECTION('',(-1.,0.,0.));
#64 = ORIENTED_EDGE('',*,*,#65,.T.);
#65 = EDGE_CURVE('',#58,#66,#68,.T.);
#66 = VERTEX_POINT('',#67);
#67 = CARTESIAN_POINT('',(15.745153254429,1.45,101.5));
#68 = CIRCLE('',#69,2.7);
#69 = AXIS2_PLACEMENT_3D('',#70,#71,#72);
#70 = CARTESIAN_POINT('',(18.445153254429,1.45,101.5));
#71 = DIRECTION('',(-0.,0.,-1.));
#72 = DIRECTION('',(-6.3E-16,-1.,0.));
#73 = ORIENTED_EDGE('',*,*,#74,.T.);
#74 = EDGE_CURVE('',#66,#75,#77,.T.);
#75 = VERTEX_POINT('',#76);
#76 = CARTESIAN_POINT('',(15.745153254429,3.45,101.5));
#77 = LINE('',#78,#79);
#78 = CARTESIAN_POINT('',(15.745153254429,1.45,101.5));
#79 = VECTOR('',#80,1.);
#80 = DIRECTION('',(0.,1.,0.));
#81 = ORIENTED_EDGE('',*,*,#82,.T.);
#82 = EDGE_CURVE('',#75,#22,#83,.T.);
#83 = CIRCLE('',#84,2.7);
#84 = AXIS2_PLACEMENT_3D('',#85,#86,#87);
#85 = CARTESIAN_POINT('',(18.445153254429,3.45,101.5));
#86 = DIRECTION('',(0.,0.,-1.));
#87 = DIRECTION('',(-1.,0.,0.));
#88 = FACE_BOUND('',#89,.T.);
#89 = EDGE_LOOP('',(#90,#100,#109,#117));
#90 = ORIENTED_EDGE('',*,*,#91,.T.);
#91 = EDGE_CURVE('',#92,#94,#96,.T.);
#92 = VERTEX_POINT('',#93);
#93 = CARTESIAN_POINT('',(22.,10.5,101.5));
#94 = VERTEX_POINT('',#95);
#95 = CARTESIAN_POINT('',(-3.552713678801E-15,10.5,101.5));
#96 = LINE('',#97,#98);
#97 = CARTESIAN_POINT('',(22.,10.5,101.5));
#98 = VECTOR('',#99,1.);
#99 = DIRECTION('',(-1.,-3.2E-16,0.));
#100 = ORIENTED_EDGE('',*,*,#101,.T.);
#101 = EDGE_CURVE('',#94,#102,#104,.T.);
#102 = VERTEX_POINT('',#103);
#103 = CARTESIAN_POINT('',(-3.552713678801E-15,-10.5,101.5));
#104 = CIRCLE('',#105,10.5);
#105 = AXIS2_PLACEMENT_3D('',#106,#107,#108);
#106 = CARTESIAN_POINT('',(0.,0.,101.5));
#107 = DIRECTION('',(0.,0.,1.));
#108 = DIRECTION('',(-3.1E-16,1.,0.));
#109 = ORIENTED_EDGE('',*,*,#110,.T.);
#110 = EDGE_CURVE('',#102,#111,#113,.T.);
#111 = VERTEX_POINT('',#112);
#112 = CARTESIAN_POINT('',(22.,-10.5,101.5));
#113 = LINE('',#114,#115);
#114 = CARTESIAN_POINT('',(-3.55E-15,-10.5,101.5));
#115 = VECTOR('',#116,1.);
#116 = DIRECTION('',(1.,-3.2E-16,0.));
#117 = ORIENTED_EDGE('',*,*,#118,.T.);
#118 = EDGE_CURVE('',#111,#92,#119,.T.);
#119 = CIRCLE('',#120,10.5);
#120 = AXIS2_PLACEMENT_3D('',#121,#122,#123);
#121 = CARTESIAN_POINT('',(22.,0.,101.5));
#122 = DIRECTION('',(0.,0.,1.));
#123 = DIRECTION('',(-1.8E-16,-1.,0.));
#124 = PLANE('',#125);
#125 = AXIS2_PLACEMENT_3D('',#126,#127,#128);
#126 = CARTESIAN_POINT('',(11.,-2.5E-16,101.5));
#127 = DIRECTION('',(0.,0.,1.));
#128 = DIRECTION('',(1.,0.,0.));
#129 = ADVANCED_FACE('',(#130),#155,.F.);
#130 = FACE_BOUND('',#131,.F.);
#131 = EDGE_LOOP('',(#132,#140,#141,#149));
#132 = ORIENTED_EDGE('',*,*,#133,.F.);
#133 = EDGE_CURVE('',#22,#134,#136,.T.);
#134 = VERTEX_POINT('',#135);
#135 = CARTESIAN_POINT('',(18.445153254429,4.15,100.5));
#136 = LINE('',#137,#138);
#137 = CARTESIAN_POINT('',(18.445153254429,5.15,101.));
#138 = VECTOR('',#139,1.);
#139 = DIRECTION('',(0.,-0.894427191,-0.4472135955));
#140 = ORIENTED_EDGE('',*,*,#21,.T.);
#141 = ORIENTED_EDGE('',*,*,#142,.T.);
#142 = EDGE_CURVE('',#24,#143,#145,.T.);
#143 = VERTEX_POINT('',#144);
#144 = CARTESIAN_POINT('',(26.245153254429,4.15,100.5));
#145 = LINE('',#146,#147);
#146 = CARTESIAN_POINT('',(26.245153254429,5.15,101.));
#147 = VECTOR('',#148,1.);
#148 = DIRECTION('',(0.,-0.894427191,-0.4472135955));
#149 = ORIENTED_EDGE('',*,*,#150,.F.);
#150 = EDGE_CURVE('',#134,#143,#151,.T.);
#151 = LINE('',#152,#153);
#152 = CARTESIAN_POINT('',(18.445153254429,4.15,100.5));
#153 = VECTOR('',#154,1.);
#154 = DIRECTION('',(1.,0.,0.));
#155 = PLANE('',#156);
#156 = AXIS2_PLACEMENT_3D('',#157,#158,#159);
#157 = CARTESIAN_POINT('',(18.445153254429,5.15,101.));
#158 = DIRECTION('',(0.,0.4472135955,-0.894427191));
#159 = DIRECTION('',(1.,0.,0.));
#160 = ADVANCED_FACE('',(#161),#180,.F.);
#161 = FACE_BOUND('',#162,.F.);
#162 = EDGE_LOOP('',(#163,#171,#172,#173));
#163 = ORIENTED_EDGE('',*,*,#164,.F.);
#164 = EDGE_CURVE('',#75,#165,#167,.T.);
#165 = VERTEX_POINT('',#166);
#166 = CARTESIAN_POINT('',(17.745153254429,3.45,100.5));
#167 = LINE('',#168,#169);
#168 = CARTESIAN_POINT('',(16.745153254429,3.45,101.));
#169 = VECTOR('',#170,1.);
#170 = DIRECTION('',(0.894427191,0.,-0.4472135955));
#171 = ORIENTED_EDGE('',*,*,#82,.T.);
#172 = ORIENTED_EDGE('',*,*,#133,.T.);
#173 = ORIENTED_EDGE('',*,*,#174,.F.);
#174 = EDGE_CURVE('',#165,#134,#175,.T.);
#175 = CIRCLE('',#176,0.7);
#176 = AXIS2_PLACEMENT_3D('',#177,#178,#179);
#177 = CARTESIAN_POINT('',(18.445153254429,3.45,100.5));
#178 = DIRECTION('',(0.,0.,-1.));
#179 = DIRECTION('',(-1.,0.,0.));
#180 = CONICAL_SURFACE('',#181,0.7,1.107148717794);
#181 = AXIS2_PLACEMENT_3D('',#182,#183,#184);
#182 = CARTESIAN_POINT('',(18.445153254429,3.45,100.5));
#183 = DIRECTION('',(0.,0.,1.));
#184 = DIRECTION('',(-1.,0.,0.));
#185 = ADVANCED_FACE('',(#186),#205,.F.);
#186 = FACE_BOUND('',#187,.F.);
#187 = EDGE_LOOP('',(#188,#189,#190,#198));
#188 = ORIENTED_EDGE('',*,*,#142,.F.);
#189 = ORIENTED_EDGE('',*,*,#31,.T.);
#190 = ORIENTED_EDGE('',*,*,#191,.T.);
#191 = EDGE_CURVE('',#32,#192,#194,.T.);
#192 = VERTEX_POINT('',#193);
#193 = CARTESIAN_POINT('',(26.945153254429,3.45,100.5));
#194 = LINE('',#195,#196);
#195 = CARTESIAN_POINT('',(26.945153254429,3.45,100.5));
#196 = VECTOR('',#197,1.);
#197 = DIRECTION('',(-0.894427191,1.08E-15,-0.4472135955));
#198 = ORIENTED_EDGE('',*,*,#199,.F.);
#199 = EDGE_CURVE('',#143,#192,#200,.T.);
#200 = CIRCLE('',#201,0.7);
#201 = AXIS2_PLACEMENT_3D('',#202,#203,#204);
#202 = CARTESIAN_POINT('',(26.245153254429,3.45,100.5));
#203 = DIRECTION('',(0.,0.,-1.));
#204 = DIRECTION('',(1.27E-15,1.,0.));
#205 = CONICAL_SURFACE('',#206,0.7,1.107148717794);
#206 = AXIS2_PLACEMENT_3D('',#207,#208,#209);
#207 = CARTESIAN_POINT('',(26.245153254429,3.45,100.5));
#208 = DIRECTION('',(0.,0.,1.));
#209 = DIRECTION('',(1.27E-15,1.,-0.));
#210 = ADVANCED_FACE('',(#211),#229,.F.);
#211 = FACE_BOUND('',#212,.F.);
#212 = EDGE_LOOP('',(#213,#221,#222,#223));
#213 = ORIENTED_EDGE('',*,*,#214,.F.);
#214 = EDGE_CURVE('',#66,#215,#217,.T.);
#215 = VERTEX_POINT('',#216);
#216 = CARTESIAN_POINT('',(17.745153254429,1.45,100.5));
#217 = LINE('',#218,#219);
#218 = CARTESIAN_POINT('',(17.745153254429,1.45,100.5));
#219 = VECTOR('',#220,1.);
#220 = DIRECTION('',(0.894427191,-5.1E-16,-0.4472135955));
#221 = ORIENTED_EDGE('',*,*,#74,.T.);
#222 = ORIENTED_EDGE('',*,*,#164,.T.);
#223 = ORIENTED_EDGE('',*,*,#224,.F.);
#224 = EDGE_CURVE('',#215,#165,#225,.T.);
#225 = LINE('',#226,#227);
#226 = CARTESIAN_POINT('',(17.745153254429,1.45,100.5));
#227 = VECTOR('',#228,1.);
#228 = DIRECTION('',(0.,1.,0.));
#229 = PLANE('',#230);
#230 = AXIS2_PLACEMENT_3D('',#231,#232,#233);
#231 = CARTESIAN_POINT('',(16.745153254429,1.45,101.));
#232 = DIRECTION('',(-0.4472135955,0.,-0.894427191));
#233 = DIRECTION('',(0.,1.,0.));
#234 = ADVANCED_FACE('',(#235),#253,.F.);
#235 = FACE_BOUND('',#236,.F.);
#236 = EDGE_LOOP('',(#237,#238,#239,#247));
#237 = ORIENTED_EDGE('',*,*,#191,.F.);
#238 = ORIENTED_EDGE('',*,*,#40,.T.);
#239 = ORIENTED_EDGE('',*,*,#240,.T.);
#240 = EDGE_CURVE('',#41,#241,#243,.T.);
#241 = VERTEX_POINT('',#242);
#242 = CARTESIAN_POINT('',(26.945153254429,1.45,100.5));
#243 = LINE('',#244,#245);
#244 = CARTESIAN_POINT('',(27.945153254429,1.45,101.));
#245 = VECTOR('',#246,1.);
#246 = DIRECTION('',(-0.894427191,-0.,-0.4472135955));
#247 = ORIENTED_EDGE('',*,*,#248,.F.);
#248 = EDGE_CURVE('',#192,#241,#249,.T.);
#249 = LINE('',#250,#251);
#250 = CARTESIAN_POINT('',(26.945153254429,3.45,100.5));
#251 = VECTOR('',#252,1.);
#252 = DIRECTION('',(0.,-1.,0.));
#253 = PLANE('',#254);
#254 = AXIS2_PLACEMENT_3D('',#255,#256,#257);
#255 = CARTESIAN_POINT('',(27.945153254429,3.45,101.));
#256 = DIRECTION('',(0.4472135955,0.,-0.894427191));
#257 = DIRECTION('',(0.,-1.,0.));
#258 = ADVANCED_FACE('',(#259),#278,.F.);
#259 = FACE_BOUND('',#260,.F.);
#260 = EDGE_LOOP('',(#261,#269,#270,#271));
#261 = ORIENTED_EDGE('',*,*,#262,.F.);
#262 = EDGE_CURVE('',#58,#263,#265,.T.);
#263 = VERTEX_POINT('',#264);
#264 = CARTESIAN_POINT('',(18.445153254429,0.75,100.5));
#265 = LINE('',#266,#267);
#266 = CARTESIAN_POINT('',(18.445153254429,-0.25,101.));
#267 = VECTOR('',#268,1.);
#268 = DIRECTION('',(0.,0.894427191,-0.4472135955));
#269 = ORIENTED_EDGE('',*,*,#65,.T.);
#270 = ORIENTED_EDGE('',*,*,#214,.T.);
#271 = ORIENTED_EDGE('',*,*,#272,.F.);
#272 = EDGE_CURVE('',#263,#215,#273,.T.);
#273 = CIRCLE('',#274,0.7);
#274 = AXIS2_PLACEMENT_3D('',#275,#276,#277);
#275 = CARTESIAN_POINT('',(18.445153254429,1.45,100.5));
#276 = DIRECTION('',(-0.,0.,-1.));
#277 = DIRECTION('',(-6.3E-16,-1.,0.));
#278 = CONICAL_SURFACE('',#279,0.7,1.107148717794);
#279 = AXIS2_PLACEMENT_3D('',#280,#281,#282);
#280 = CARTESIAN_POINT('',(18.445153254429,1.45,100.5));
#281 = DIRECTION('',(0.,0.,1.));
#282 = DIRECTION('',(-6.3E-16,-1.,0.));
#283 = ADVANCED_FACE('',(#284),#303,.F.);
#284 = FACE_BOUND('',#285,.F.);
#285 = EDGE_LOOP('',(#286,#287,#288,#296));
#286 = ORIENTED_EDGE('',*,*,#240,.F.);
#287 = ORIENTED_EDGE('',*,*,#48,.T.);
#288 = ORIENTED_EDGE('',*,*,#289,.T.);
#289 = EDGE_CURVE('',#49,#290,#292,.T.);
#290 = VERTEX_POINT('',#291);
#291 = CARTESIAN_POINT('',(26.245153254429,0.75,100.5));
#292 = LINE('',#293,#294);
#293 = CARTESIAN_POINT('',(26.245153254429,0.75,100.5));
#294 = VECTOR('',#295,1.);
#295 = DIRECTION('',(-5.E-17,0.894427191,-0.4472135955));
#296 = ORIENTED_EDGE('',*,*,#297,.F.);
#297 = EDGE_CURVE('',#241,#290,#298,.T.);
#298 = CIRCLE('',#299,0.7);
#299 = AXIS2_PLACEMENT_3D('',#300,#301,#302);
#300 = CARTESIAN_POINT('',(26.245153254429,1.45,100.5));
#301 = DIRECTION('',(0.,0.,-1.));
#302 = DIRECTION('',(1.,0.,0.));
#303 = CONICAL_SURFACE('',#304,0.7,1.107148717794);
#304 = AXIS2_PLACEMENT_3D('',#305,#306,#307);
#305 = CARTESIAN_POINT('',(26.245153254429,1.45,100.5));
#306 = DIRECTION('',(0.,0.,1.));
#307 = DIRECTION('',(1.,0.,0.));
#308 = ADVANCED_FACE('',(#309),#320,.F.);
#309 = FACE_BOUND('',#310,.F.);
#310 = EDGE_LOOP('',(#311,#312,#313,#314));
#311 = ORIENTED_EDGE('',*,*,#289,.F.);
#312 = ORIENTED_EDGE('',*,*,#57,.T.);
#313 = ORIENTED_EDGE('',*,*,#262,.T.);
#314 = ORIENTED_EDGE('',*,*,#315,.F.);
#315 = EDGE_CURVE('',#290,#263,#316,.T.);
#316 = LINE('',#317,#318);
#317 = CARTESIAN_POINT('',(26.245153254429,0.75,100.5));
#318 = VECTOR('',#319,1.);
#319 = DIRECTION('',(-1.,0.,0.));
#320 = PLANE('',#321);
#321 = AXIS2_PLACEMENT_3D('',#322,#323,#324);
#322 = CARTESIAN_POINT('',(26.245153254429,-0.25,101.));
#323 = DIRECTION('',(0.,-0.4472135955,-0.894427191));
#324 = DIRECTION('',(-1.,-0.,0.));
#325 = ADVANCED_FACE('',(#326),#351,.F.);
#326 = FACE_BOUND('',#327,.T.);
#327 = EDGE_LOOP('',(#328,#336,#344,#350));
#328 = ORIENTED_EDGE('',*,*,#329,.F.);
#329 = EDGE_CURVE('',#330,#92,#332,.T.);
#330 = VERTEX_POINT('',#331);
#331 = CARTESIAN_POINT('',(22.,11.5,100.5));
#332 = LINE('',#333,#334);
#333 = CARTESIAN_POINT('',(22.,11.,101.));
#334 = VECTOR('',#335,1.);
#335 = DIRECTION('',(2.3E-16,-0.707106781187,0.707106781187));
#336 = ORIENTED_EDGE('',*,*,#337,.T.);
#337 = EDGE_CURVE('',#330,#338,#340,.T.);
#338 = VERTEX_POINT('',#339);
#339 = CARTESIAN_POINT('',(-3.552713678801E-15,11.5,100.5));
#340 = LINE('',#341,#342);
#341 = CARTESIAN_POINT('',(22.,11.5,100.5));
#342 = VECTOR('',#343,1.);
#343 = DIRECTION('',(-1.,-3.2E-16,0.));
#344 = ORIENTED_EDGE('',*,*,#345,.T.);
#345 = EDGE_CURVE('',#338,#94,#346,.T.);
#346 = LINE('',#347,#348);
#347 = CARTESIAN_POINT('',(-3.55E-15,11.,101.));
#348 = VECTOR('',#349,1.);
#349 = DIRECTION('',(2.3E-16,-0.707106781187,0.707106781187));
#350 = ORIENTED_EDGE('',*,*,#91,.F.);
#351 = PLANE('',#352);
#352 = AXIS2_PLACEMENT_3D('',#353,#354,#355);
#353 = CARTESIAN_POINT('',(22.,11.,101.));
#354 = DIRECTION('',(2.4E-16,-0.707106781187,-0.707106781187));
#355 = DIRECTION('',(1.,3.297056274848E-16,9.705627484771E-18));
#356 = ADVANCED_FACE('',(#357),#376,.T.);
#357 = FACE_BOUND('',#358,.T.);
#358 = EDGE_LOOP('',(#359,#367,#374,#375));
#359 = ORIENTED_EDGE('',*,*,#360,.F.);
#360 = EDGE_CURVE('',#361,#111,#363,.T.);
#361 = VERTEX_POINT('',#362);
#362 = CARTESIAN_POINT('',(22.,-11.5,100.5));
#363 = LINE('',#364,#365);
#364 = CARTESIAN_POINT('',(22.,-11.,101.));
#365 = VECTOR('',#366,1.);
#366 = DIRECTION('',(2.3E-16,0.707106781187,0.707106781187));
#367 = ORIENTED_EDGE('',*,*,#368,.T.);
#368 = EDGE_CURVE('',#361,#330,#369,.T.);
#369 = CIRCLE('',#370,11.5);
#370 = AXIS2_PLACEMENT_3D('',#371,#372,#373);
#371 = CARTESIAN_POINT('',(22.,0.,100.5));
#372 = DIRECTION('',(0.,0.,1.));
#373 = DIRECTION('',(-1.8E-16,-1.,0.));
#374 = ORIENTED_EDGE('',*,*,#329,.T.);
#375 = ORIENTED_EDGE('',*,*,#118,.F.);
#376 = CONICAL_SURFACE('',#377,11.5,0.785398163397);
#377 = AXIS2_PLACEMENT_3D('',#378,#379,#380);
#378 = CARTESIAN_POINT('',(22.,0.,100.5));
#379 = DIRECTION('',(-0.,-0.,-1.));
#380 = DIRECTION('',(-1.8E-16,-1.,0.));
#381 = ADVANCED_FACE('',(#382),#401,.T.);
#382 = FACE_BOUND('',#383,.T.);
#383 = EDGE_LOOP('',(#384,#385,#394,#400));
#384 = ORIENTED_EDGE('',*,*,#345,.F.);
#385 = ORIENTED_EDGE('',*,*,#386,.T.);
#386 = EDGE_CURVE('',#338,#387,#389,.T.);
#387 = VERTEX_POINT('',#388);
#388 = CARTESIAN_POINT('',(-3.552713678801E-15,-11.5,100.5));
#389 = CIRCLE('',#390,11.5);
#390 = AXIS2_PLACEMENT_3D('',#391,#392,#393);
#391 = CARTESIAN_POINT('',(0.,0.,100.5));
#392 = DIRECTION('',(0.,0.,1.));
#393 = DIRECTION('',(-3.1E-16,1.,0.));
#394 = ORIENTED_EDGE('',*,*,#395,.T.);
#395 = EDGE_CURVE('',#387,#102,#396,.T.);
#396 = LINE('',#397,#398);
#397 = CARTESIAN_POINT('',(-3.55E-15,-11.5,100.5));
#398 = VECTOR('',#399,1.);
#399 = DIRECTION('',(1.8E-16,0.707106781187,0.707106781187));
#400 = ORIENTED_EDGE('',*,*,#101,.F.);
#401 = CONICAL_SURFACE('',#402,11.5,0.785398163397);
#402 = AXIS2_PLACEMENT_3D('',#403,#404,#405);
#403 = CARTESIAN_POINT('',(0.,0.,100.5));
#404 = DIRECTION('',(-0.,-0.,-1.));
#405 = DIRECTION('',(-3.1E-16,1.,0.));
#406 = ADVANCED_FACE('',(#407),#418,.T.);
#407 = FACE_BOUND('',#408,.T.);
#408 = EDGE_LOOP('',(#409,#410,#416,#417));
#409 = ORIENTED_EDGE('',*,*,#395,.F.);
#410 = ORIENTED_EDGE('',*,*,#411,.T.);
#411 = EDGE_CURVE('',#387,#361,#412,.T.);
#412 = LINE('',#413,#414);
#413 = CARTESIAN_POINT('',(-3.55E-15,-11.5,100.5));
#414 = VECTOR('',#415,1.);
#415 = DIRECTION('',(1.,-3.2E-16,0.));
#416 = ORIENTED_EDGE('',*,*,#360,.T.);
#417 = ORIENTED_EDGE('',*,*,#110,.F.);
#418 = PLANE('',#419);
#419 = AXIS2_PLACEMENT_3D('',#420,#421,#422);
#420 = CARTESIAN_POINT('',(-3.55E-15,-11.,101.));
#421 = DIRECTION('',(-2.4E-16,-0.707106781187,0.707106781187));
#422 = DIRECTION('',(1.,-3.297056274848E-16,9.705627484771E-18));
#423 = ADVANCED_FACE('',(#424),#449,.F.);
#424 = FACE_BOUND('',#425,.F.);
#425 = EDGE_LOOP('',(#426,#434,#442,#448));
#426 = ORIENTED_EDGE('',*,*,#427,.F.);
#427 = EDGE_CURVE('',#428,#143,#430,.T.);
#428 = VERTEX_POINT('',#429);
#429 = CARTESIAN_POINT('',(26.245153254429,4.15,99.));
#430 = LINE('',#431,#432);
#431 = CARTESIAN_POINT('',(26.245153254429,4.15,99.));
#432 = VECTOR('',#433,1.);
#433 = DIRECTION('',(0.,0.,1.));
#434 = ORIENTED_EDGE('',*,*,#435,.F.);
#435 = EDGE_CURVE('',#436,#428,#438,.T.);
#436 = VERTEX_POINT('',#437);
#437 = CARTESIAN_POINT('',(18.445153254429,4.15,99.));
#438 = LINE('',#439,#440);
#439 = CARTESIAN_POINT('',(18.445153254429,4.15,99.));
#440 = VECTOR('',#441,1.);
#441 = DIRECTION('',(1.,0.,0.));
#442 = ORIENTED_EDGE('',*,*,#443,.T.);
#443 = EDGE_CURVE('',#436,#134,#444,.T.);
#444 = LINE('',#445,#446);
#445 = CARTESIAN_POINT('',(18.445153254429,4.15,99.));
#446 = VECTOR('',#447,1.);
#447 = DIRECTION('',(0.,0.,1.));
#448 = ORIENTED_EDGE('',*,*,#150,.T.);
#449 = PLANE('',#450);
#450 = AXIS2_PLACEMENT_3D('',#451,#452,#453);
#451 = CARTESIAN_POINT('',(18.445153254429,4.15,99.));
#452 = DIRECTION('',(0.,1.,0.));
#453 = DIRECTION('',(1.,0.,0.));
#454 = ADVANCED_FACE('',(#455),#474,.F.);
#455 = FACE_BOUND('',#456,.F.);
#456 = EDGE_LOOP('',(#457,#458,#467,#473));
#457 = ORIENTED_EDGE('',*,*,#443,.F.);
#458 = ORIENTED_EDGE('',*,*,#459,.F.);
#459 = EDGE_CURVE('',#460,#436,#462,.T.);
#460 = VERTEX_POINT('',#461);
#461 = CARTESIAN_POINT('',(17.745153254429,3.45,99.));
#462 = CIRCLE('',#463,0.7);
#463 = AXIS2_PLACEMENT_3D('',#464,#465,#466);
#464 = CARTESIAN_POINT('',(18.445153254429,3.45,99.));
#465 = DIRECTION('',(0.,0.,-1.));
#466 = DIRECTION('',(1.,0.,0.));
#467 = ORIENTED_EDGE('',*,*,#468,.T.);
#468 = EDGE_CURVE('',#460,#165,#469,.T.);
#469 = LINE('',#470,#471);
#470 = CARTESIAN_POINT('',(17.745153254429,3.45,99.));
#471 = VECTOR('',#472,1.);
#472 = DIRECTION('',(0.,0.,1.));
#473 = ORIENTED_EDGE('',*,*,#174,.T.);
#474 = CYLINDRICAL_SURFACE('',#475,0.7);
#475 = AXIS2_PLACEMENT_3D('',#476,#477,#478);
#476 = CARTESIAN_POINT('',(18.445153254429,3.45,99.));
#477 = DIRECTION('',(0.,0.,-1.));
#478 = DIRECTION('',(1.,0.,0.));
#479 = ADVANCED_FACE('',(#480),#499,.F.);
#480 = FACE_BOUND('',#481,.F.);
#481 = EDGE_LOOP('',(#482,#490,#497,#498));
#482 = ORIENTED_EDGE('',*,*,#483,.F.);
#483 = EDGE_CURVE('',#484,#192,#486,.T.);
#484 = VERTEX_POINT('',#485);
#485 = CARTESIAN_POINT('',(26.945153254429,3.45,99.));
#486 = LINE('',#487,#488);
#487 = CARTESIAN_POINT('',(26.945153254429,3.45,99.));
#488 = VECTOR('',#489,1.);
#489 = DIRECTION('',(0.,0.,1.));
#490 = ORIENTED_EDGE('',*,*,#491,.F.);
#491 = EDGE_CURVE('',#428,#484,#492,.T.);
#492 = CIRCLE('',#493,0.7);
#493 = AXIS2_PLACEMENT_3D('',#494,#495,#496);
#494 = CARTESIAN_POINT('',(26.245153254429,3.45,99.));
#495 = DIRECTION('',(0.,0.,-1.));
#496 = DIRECTION('',(1.,0.,0.));
#497 = ORIENTED_EDGE('',*,*,#427,.T.);
#498 = ORIENTED_EDGE('',*,*,#199,.T.);
#499 = CYLINDRICAL_SURFACE('',#500,0.7);
#500 = AXIS2_PLACEMENT_3D('',#501,#502,#503);
#501 = CARTESIAN_POINT('',(26.245153254429,3.45,99.));
#502 = DIRECTION('',(0.,0.,-1.));
#503 = DIRECTION('',(1.,0.,0.));
#504 = ADVANCED_FACE('',(#505),#523,.F.);
#505 = FACE_BOUND('',#506,.F.);
#506 = EDGE_LOOP('',(#507,#508,#516,#522));
#507 = ORIENTED_EDGE('',*,*,#468,.F.);
#508 = ORIENTED_EDGE('',*,*,#509,.F.);
#509 = EDGE_CURVE('',#510,#460,#512,.T.);
#510 = VERTEX_POINT('',#511);
#511 = CARTESIAN_POINT('',(17.745153254429,1.45,99.));
#512 = LINE('',#513,#514);
#513 = CARTESIAN_POINT('',(17.745153254429,1.45,99.));
#514 = VECTOR('',#515,1.);
#515 = DIRECTION('',(0.,1.,0.));
#516 = ORIENTED_EDGE('',*,*,#517,.T.);
#517 = EDGE_CURVE('',#510,#215,#518,.T.);
#518 = LINE('',#519,#520);
#519 = CARTESIAN_POINT('',(17.745153254429,1.45,99.));
#520 = VECTOR('',#521,1.);
#521 = DIRECTION('',(0.,0.,1.));
#522 = ORIENTED_EDGE('',*,*,#224,.T.);
#523 = PLANE('',#524);
#524 = AXIS2_PLACEMENT_3D('',#525,#526,#527);
#525 = CARTESIAN_POINT('',(17.745153254429,1.45,99.));
#526 = DIRECTION('',(-1.,0.,0.));
#527 = DIRECTION('',(0.,1.,0.));
#528 = ADVANCED_FACE('',(#529),#547,.F.);
#529 = FACE_BOUND('',#530,.F.);
#530 = EDGE_LOOP('',(#531,#539,#545,#546));
#531 = ORIENTED_EDGE('',*,*,#532,.F.);
#532 = EDGE_CURVE('',#533,#241,#535,.T.);
#533 = VERTEX_POINT('',#534);
#534 = CARTESIAN_POINT('',(26.945153254429,1.45,99.));
#535 = LINE('',#536,#537);
#536 = CARTESIAN_POINT('',(26.945153254429,1.45,99.));
#537 = VECTOR('',#538,1.);
#538 = DIRECTION('',(0.,0.,1.));
#539 = ORIENTED_EDGE('',*,*,#540,.F.);
#540 = EDGE_CURVE('',#484,#533,#541,.T.);
#541 = LINE('',#542,#543);
#542 = CARTESIAN_POINT('',(26.945153254429,3.45,99.));
#543 = VECTOR('',#544,1.);
#544 = DIRECTION('',(0.,-1.,0.));
#545 = ORIENTED_EDGE('',*,*,#483,.T.);
#546 = ORIENTED_EDGE('',*,*,#248,.T.);
#547 = PLANE('',#548);
#548 = AXIS2_PLACEMENT_3D('',#549,#550,#551);
#549 = CARTESIAN_POINT('',(26.945153254429,3.45,99.));
#550 = DIRECTION('',(1.,0.,0.));
#551 = DIRECTION('',(0.,-1.,0.));
#552 = ADVANCED_FACE('',(#553),#572,.F.);
#553 = FACE_BOUND('',#554,.F.);
#554 = EDGE_LOOP('',(#555,#556,#565,#571));
#555 = ORIENTED_EDGE('',*,*,#517,.F.);
#556 = ORIENTED_EDGE('',*,*,#557,.F.);
#557 = EDGE_CURVE('',#558,#510,#560,.T.);
#558 = VERTEX_POINT('',#559);
#559 = CARTESIAN_POINT('',(18.445153254429,0.75,99.));
#560 = CIRCLE('',#561,0.7);
#561 = AXIS2_PLACEMENT_3D('',#562,#563,#564);
#562 = CARTESIAN_POINT('',(18.445153254429,1.45,99.));
#563 = DIRECTION('',(0.,0.,-1.));
#564 = DIRECTION('',(1.,0.,0.));
#565 = ORIENTED_EDGE('',*,*,#566,.T.);
#566 = EDGE_CURVE('',#558,#263,#567,.T.);
#567 = LINE('',#568,#569);
#568 = CARTESIAN_POINT('',(18.445153254429,0.75,99.));
#569 = VECTOR('',#570,1.);
#570 = DIRECTION('',(0.,0.,1.));
#571 = ORIENTED_EDGE('',*,*,#272,.T.);
#572 = CYLINDRICAL_SURFACE('',#573,0.7);
#573 = AXIS2_PLACEMENT_3D('',#574,#575,#576);
#574 = CARTESIAN_POINT('',(18.445153254429,1.45,99.));
#575 = DIRECTION('',(0.,0.,-1.));
#576 = DIRECTION('',(1.,0.,0.));
#577 = ADVANCED_FACE('',(#578),#597,.F.);
#578 = FACE_BOUND('',#579,.F.);
#579 = EDGE_LOOP('',(#580,#588,#595,#596));
#580 = ORIENTED_EDGE('',*,*,#581,.F.);
#581 = EDGE_CURVE('',#582,#290,#584,.T.);
#582 = VERTEX_POINT('',#583);
#583 = CARTESIAN_POINT('',(26.245153254429,0.75,99.));
#584 = LINE('',#585,#586);
#585 = CARTESIAN_POINT('',(26.245153254429,0.75,99.));
#586 = VECTOR('',#587,1.);
#587 = DIRECTION('',(0.,0.,1.));
#588 = ORIENTED_EDGE('',*,*,#589,.F.);
#589 = EDGE_CURVE('',#533,#582,#590,.T.);
#590 = CIRCLE('',#591,0.7);
#591 = AXIS2_PLACEMENT_3D('',#592,#593,#594);
#592 = CARTESIAN_POINT('',(26.245153254429,1.45,99.));
#593 = DIRECTION('',(0.,0.,-1.));
#594 = DIRECTION('',(1.,0.,0.));
#595 = ORIENTED_EDGE('',*,*,#532,.T.);
#596 = ORIENTED_EDGE('',*,*,#297,.T.);
#597 = CYLINDRICAL_SURFACE('',#598,0.7);
#598 = AXIS2_PLACEMENT_3D('',#599,#600,#601);
#599 = CARTESIAN_POINT('',(26.245153254429,1.45,99.));
#600 = DIRECTION('',(0.,0.,-1.));
#601 = DIRECTION('',(1.,0.,0.));
#602 = ADVANCED_FACE('',(#603),#614,.F.);
#603 = FACE_BOUND('',#604,.F.);
#604 = EDGE_LOOP('',(#605,#606,#612,#613));
#605 = ORIENTED_EDGE('',*,*,#566,.F.);
#606 = ORIENTED_EDGE('',*,*,#607,.F.);
#607 = EDGE_CURVE('',#582,#558,#608,.T.);
#608 = LINE('',#609,#610);
#609 = CARTESIAN_POINT('',(26.245153254429,0.75,99.));
#610 = VECTOR('',#611,1.);
#611 = DIRECTION('',(-1.,0.,0.));
#612 = ORIENTED_EDGE('',*,*,#581,.T.);
#613 = ORIENTED_EDGE('',*,*,#315,.T.);
#614 = PLANE('',#615);
#615 = AXIS2_PLACEMENT_3D('',#616,#617,#618);
#616 = CARTESIAN_POINT('',(26.245153254429,0.75,99.));
#617 = DIRECTION('',(0.,-1.,0.));
#618 = DIRECTION('',(-1.,0.,0.));
#619 = ADVANCED_FACE('',(#620),#645,.F.);
#620 = FACE_BOUND('',#621,.F.);
#621 = EDGE_LOOP('',(#622,#630,#631,#639));
#622 = ORIENTED_EDGE('',*,*,#623,.T.);
#623 = EDGE_CURVE('',#624,#330,#626,.T.);
#624 = VERTEX_POINT('',#625);
#625 = CARTESIAN_POINT('',(22.,11.5,99.));
#626 = LINE('',#627,#628);
#627 = CARTESIAN_POINT('',(22.,11.5,99.));
#628 = VECTOR('',#629,1.);
#629 = DIRECTION('',(0.,0.,1.));
#630 = ORIENTED_EDGE('',*,*,#337,.T.);
#631 = ORIENTED_EDGE('',*,*,#632,.F.);
#632 = EDGE_CURVE('',#633,#338,#635,.T.);
#633 = VERTEX_POINT('',#634);
#634 = CARTESIAN_POINT('',(-3.552713678801E-15,11.5,99.));
#635 = LINE('',#636,#637);
#636 = CARTESIAN_POINT('',(-3.55E-15,11.5,99.));
#637 = VECTOR('',#638,1.);
#638 = DIRECTION('',(0.,0.,1.));
#639 = ORIENTED_EDGE('',*,*,#640,.F.);
#640 = EDGE_CURVE('',#624,#633,#641,.T.);
#641 = LINE('',#642,#643);
#642 = CARTESIAN_POINT('',(22.,11.5,99.));
#643 = VECTOR('',#644,1.);
#644 = DIRECTION('',(-1.,-3.2E-16,0.));
#645 = PLANE('',#646);
#646 = AXIS2_PLACEMENT_3D('',#647,#648,#649);
#647 = CARTESIAN_POINT('',(22.,11.5,99.));
#648 = DIRECTION('',(3.2E-16,-1.,0.));
#649 = DIRECTION('',(-1.,-3.2E-16,0.));
#650 = ADVANCED_FACE('',(#651),#670,.T.);
#651 = FACE_BOUND('',#652,.F.);
#652 = EDGE_LOOP('',(#653,#661,#662,#663));
#653 = ORIENTED_EDGE('',*,*,#654,.T.);
#654 = EDGE_CURVE('',#655,#361,#657,.T.);
#655 = VERTEX_POINT('',#656);
#656 = CARTESIAN_POINT('',(22.,-11.5,99.));
#657 = LINE('',#658,#659);
#658 = CARTESIAN_POINT('',(22.,-11.5,99.));
#659 = VECTOR('',#660,1.);
#660 = DIRECTION('',(0.,0.,1.));
#661 = ORIENTED_EDGE('',*,*,#368,.T.);
#662 = ORIENTED_EDGE('',*,*,#623,.F.);
#663 = ORIENTED_EDGE('',*,*,#664,.F.);
#664 = EDGE_CURVE('',#655,#624,#665,.T.);
#665 = CIRCLE('',#666,11.5);
#666 = AXIS2_PLACEMENT_3D('',#667,#668,#669);
#667 = CARTESIAN_POINT('',(22.,0.,99.));
#668 = DIRECTION('',(0.,0.,1.));
#669 = DIRECTION('',(1.,0.,0.));
#670 = CYLINDRICAL_SURFACE('',#671,11.5);
#671 = AXIS2_PLACEMENT_3D('',#672,#673,#674);
#672 = CARTESIAN_POINT('',(22.,0.,99.));
#673 = DIRECTION('',(-0.,-0.,-1.));
#674 = DIRECTION('',(1.,0.,0.));
#675 = ADVANCED_FACE('',(#676),#695,.T.);
#676 = FACE_BOUND('',#677,.F.);
#677 = EDGE_LOOP('',(#678,#679,#680,#688));
#678 = ORIENTED_EDGE('',*,*,#632,.T.);
#679 = ORIENTED_EDGE('',*,*,#386,.T.);
#680 = ORIENTED_EDGE('',*,*,#681,.F.);
#681 = EDGE_CURVE('',#682,#387,#684,.T.);
#682 = VERTEX_POINT('',#683);
#683 = CARTESIAN_POINT('',(-3.552713678801E-15,-11.5,99.));
#684 = LINE('',#685,#686);
#685 = CARTESIAN_POINT('',(-3.55E-15,-11.5,99.));
#686 = VECTOR('',#687,1.);
#687 = DIRECTION('',(0.,0.,1.));
#688 = ORIENTED_EDGE('',*,*,#689,.F.);
#689 = EDGE_CURVE('',#633,#682,#690,.T.);
#690 = CIRCLE('',#691,11.5);
#691 = AXIS2_PLACEMENT_3D('',#692,#693,#694);
#692 = CARTESIAN_POINT('',(0.,0.,99.));
#693 = DIRECTION('',(0.,0.,1.));
#694 = DIRECTION('',(1.,0.,0.));
#695 = CYLINDRICAL_SURFACE('',#696,11.5);
#696 = AXIS2_PLACEMENT_3D('',#697,#698,#699);
#697 = CARTESIAN_POINT('',(0.,0.,99.));
#698 = DIRECTION('',(-0.,-0.,-1.));
#699 = DIRECTION('',(1.,0.,0.));
#700 = ADVANCED_FACE('',(#701),#712,.T.);
#701 = FACE_BOUND('',#702,.T.);
#702 = EDGE_LOOP('',(#703,#704,#705,#706));
#703 = ORIENTED_EDGE('',*,*,#654,.T.);
#704 = ORIENTED_EDGE('',*,*,#411,.F.);
#705 = ORIENTED_EDGE('',*,*,#681,.F.);
#706 = ORIENTED_EDGE('',*,*,#707,.F.);
#707 = EDGE_CURVE('',#655,#682,#708,.T.);
#708 = LINE('',#709,#710);
#709 = CARTESIAN_POINT('',(22.,-11.5,99.));
#710 = VECTOR('',#711,1.);
#711 = DIRECTION('',(-1.,3.2E-16,0.));
#712 = PLANE('',#713);
#713 = AXIS2_PLACEMENT_3D('',#714,#715,#716);
#714 = CARTESIAN_POINT('',(22.,-11.5,99.));
#715 = DIRECTION('',(-3.2E-16,-1.,0.));
#716 = DIRECTION('',(-1.,3.2E-16,0.));
#717 = ADVANCED_FACE('',(#718,#931,#942,#952),#986,.F.);
#718 = FACE_BOUND('',#719,.F.);
#719 = EDGE_LOOP('',(#720,#731,#739,#747,#755,#763,#771,#779,#787,#795,
    #804,#812,#820,#828,#836,#844,#852,#860,#868,#876,#884,#893,#901,
    #909,#917,#925));
#720 = ORIENTED_EDGE('',*,*,#721,.F.);
#721 = EDGE_CURVE('',#722,#724,#726,.T.);
#722 = VERTEX_POINT('',#723);
#723 = CARTESIAN_POINT('',(-3.79074549528E-12,-9.,99.));
#724 = VERTEX_POINT('',#725);
#725 = CARTESIAN_POINT('',(0.,9.,99.));
#726 = CIRCLE('',#727,9.);
#727 = AXIS2_PLACEMENT_3D('',#728,#729,#730);
#728 = CARTESIAN_POINT('',(0.,0.,99.));
#729 = DIRECTION('',(0.,0.,-1.));
#730 = DIRECTION('',(1.,0.,0.));
#731 = ORIENTED_EDGE('',*,*,#732,.T.);
#732 = EDGE_CURVE('',#722,#733,#735,.T.);
#733 = VERTEX_POINT('',#734);
#734 = CARTESIAN_POINT('',(13.75,-9.,99.));
#735 = LINE('',#736,#737);
#736 = CARTESIAN_POINT('',(-3.79075E-12,-9.,99.));
#737 = VECTOR('',#738,1.);
#738 = DIRECTION('',(1.,0.,0.));
#739 = ORIENTED_EDGE('',*,*,#740,.F.);
#740 = EDGE_CURVE('',#741,#733,#743,.T.);
#741 = VERTEX_POINT('',#742);
#742 = CARTESIAN_POINT('',(13.75,-0.45,99.));
#743 = LINE('',#744,#745);
#744 = CARTESIAN_POINT('',(13.75,-0.45,99.));
#745 = VECTOR('',#746,1.);
#746 = DIRECTION('',(0.,-1.,0.));
#747 = ORIENTED_EDGE('',*,*,#748,.T.);
#748 = EDGE_CURVE('',#741,#749,#751,.T.);
#749 = VERTEX_POINT('',#750);
#750 = CARTESIAN_POINT('',(16.745153254429,-0.45,99.));
#751 = LINE('',#752,#753);
#752 = CARTESIAN_POINT('',(13.75,-0.45,99.));
#753 = VECTOR('',#754,1.);
#754 = DIRECTION('',(1.,0.,0.));
#755 = ORIENTED_EDGE('',*,*,#756,.T.);
#756 = EDGE_CURVE('',#749,#757,#759,.T.);
#757 = VERTEX_POINT('',#758);
#758 = CARTESIAN_POINT('',(16.745153254429,-2.45,99.));
#759 = LINE('',#760,#761);
#760 = CARTESIAN_POINT('',(16.745153254429,-0.45,99.));
#761 = VECTOR('',#762,1.);
#762 = DIRECTION('',(0.,-1.,0.));
#763 = ORIENTED_EDGE('',*,*,#764,.T.);
#764 = EDGE_CURVE('',#757,#765,#767,.T.);
#765 = VERTEX_POINT('',#766);
#766 = CARTESIAN_POINT('',(27.945153254429,-2.45,99.));
#767 = LINE('',#768,#769);
#768 = CARTESIAN_POINT('',(16.745153254429,-2.45,99.));
#769 = VECTOR('',#770,1.);
#770 = DIRECTION('',(1.,0.,0.));
#771 = ORIENTED_EDGE('',*,*,#772,.T.);
#772 = EDGE_CURVE('',#765,#773,#775,.T.);
#773 = VERTEX_POINT('',#774);
#774 = CARTESIAN_POINT('',(27.945153254429,-0.45,99.));
#775 = LINE('',#776,#777);
#776 = CARTESIAN_POINT('',(27.945153254429,-2.45,99.));
#777 = VECTOR('',#778,1.);
#778 = DIRECTION('',(0.,1.,0.));
#779 = ORIENTED_EDGE('',*,*,#780,.T.);
#780 = EDGE_CURVE('',#773,#781,#783,.T.);
#781 = VERTEX_POINT('',#782);
#782 = CARTESIAN_POINT('',(29.788742959963,-0.45,99.));
#783 = LINE('',#784,#785);
#784 = CARTESIAN_POINT('',(27.945153254429,-0.45,99.));
#785 = VECTOR('',#786,1.);
#786 = DIRECTION('',(1.,1.5E-16,0.));
#787 = ORIENTED_EDGE('',*,*,#788,.T.);
#788 = EDGE_CURVE('',#781,#789,#791,.T.);
#789 = VERTEX_POINT('',#790);
#790 = CARTESIAN_POINT('',(30.988742959945,-0.450000000013,99.));
#791 = LINE('',#792,#793);
#792 = CARTESIAN_POINT('',(27.945153254429,-0.45,99.));
#793 = VECTOR('',#794,1.);
#794 = DIRECTION('',(1.,1.5E-16,0.));
#795 = ORIENTED_EDGE('',*,*,#796,.F.);
#796 = EDGE_CURVE('',#797,#789,#799,.T.);
#797 = VERTEX_POINT('',#798);
#798 = CARTESIAN_POINT('',(30.964373932406,0.8,99.));
#799 = CIRCLE('',#800,9.);
#800 = AXIS2_PLACEMENT_3D('',#801,#802,#803);
#801 = CARTESIAN_POINT('',(22.,0.,99.));
#802 = DIRECTION('',(0.,0.,-1.));
#803 = DIRECTION('',(1.,0.,0.));
#804 = ORIENTED_EDGE('',*,*,#805,.T.);
#805 = EDGE_CURVE('',#797,#806,#808,.T.);
#806 = VERTEX_POINT('',#807);
#807 = CARTESIAN_POINT('',(29.764373932406,0.8,99.));
#808 = LINE('',#809,#810);
#809 = CARTESIAN_POINT('',(30.964373932406,0.8,99.));
#810 = VECTOR('',#811,1.);
#811 = DIRECTION('',(-1.,0.,0.));
#812 = ORIENTED_EDGE('',*,*,#813,.T.);
#813 = EDGE_CURVE('',#806,#814,#816,.T.);
#814 = VERTEX_POINT('',#815);
#815 = CARTESIAN_POINT('',(29.764373932406,4.294909849139,99.));
#816 = LINE('',#817,#818);
#817 = CARTESIAN_POINT('',(29.764373932406,0.8,99.));
#818 = VECTOR('',#819,1.);
#819 = DIRECTION('',(0.,1.,0.));
#820 = ORIENTED_EDGE('',*,*,#821,.F.);
#821 = EDGE_CURVE('',#822,#814,#824,.T.);
#822 = VERTEX_POINT('',#823);
#823 = CARTESIAN_POINT('',(28.421165131496,5.25,99.));
#824 = LINE('',#825,#826);
#825 = CARTESIAN_POINT('',(26.311612227462,6.75,99.));
#826 = VECTOR('',#827,1.);
#827 = DIRECTION('',(0.814978406484,-0.579491326048,0.));
#828 = ORIENTED_EDGE('',*,*,#829,.T.);
#829 = EDGE_CURVE('',#822,#830,#832,.T.);
#830 = VERTEX_POINT('',#831);
#831 = CARTESIAN_POINT('',(24.35,5.25,99.));
#832 = LINE('',#833,#834);
#833 = CARTESIAN_POINT('',(29.310095758607,5.25,99.));
#834 = VECTOR('',#835,1.);
#835 = DIRECTION('',(-1.,0.,0.));
#836 = ORIENTED_EDGE('',*,*,#837,.T.);
#837 = EDGE_CURVE('',#830,#838,#840,.T.);
#838 = VERTEX_POINT('',#839);
#839 = CARTESIAN_POINT('',(24.35,6.75,99.));
#840 = LINE('',#841,#842);
#841 = CARTESIAN_POINT('',(24.35,5.25,99.));
#842 = VECTOR('',#843,1.);
#843 = DIRECTION('',(0.,1.,0.));
#844 = ORIENTED_EDGE('',*,*,#845,.T.);
#845 = EDGE_CURVE('',#838,#846,#848,.T.);
#846 = VERTEX_POINT('',#847);
#847 = CARTESIAN_POINT('',(26.311612227462,6.75,99.));
#848 = LINE('',#849,#850);
#849 = CARTESIAN_POINT('',(24.35,6.75,99.));
#850 = VECTOR('',#851,1.);
#851 = DIRECTION('',(1.,0.,0.));
#852 = ORIENTED_EDGE('',*,*,#853,.T.);
#853 = EDGE_CURVE('',#846,#854,#856,.T.);
#854 = VERTEX_POINT('',#855);
#855 = CARTESIAN_POINT('',(27.3,6.75,99.));
#856 = LINE('',#857,#858);
#857 = CARTESIAN_POINT('',(24.35,6.75,99.));
#858 = VECTOR('',#859,1.);
#859 = DIRECTION('',(1.,0.,0.));
#860 = ORIENTED_EDGE('',*,*,#861,.F.);
#861 = EDGE_CURVE('',#862,#854,#864,.T.);
#862 = VERTEX_POINT('',#863);
#863 = CARTESIAN_POINT('',(25.923009049187,8.1,99.));
#864 = LINE('',#865,#866);
#865 = CARTESIAN_POINT('',(25.923009049187,8.1,99.));
#866 = VECTOR('',#867,1.);
#867 = DIRECTION('',(0.714070539265,-0.700073756795,0.));
#868 = ORIENTED_EDGE('',*,*,#869,.T.);
#869 = EDGE_CURVE('',#862,#870,#872,.T.);
#870 = VERTEX_POINT('',#871);
#871 = CARTESIAN_POINT('',(24.35,8.1,99.));
#872 = LINE('',#873,#874);
#873 = CARTESIAN_POINT('',(25.923009049187,8.1,99.));
#874 = VECTOR('',#875,1.);
#875 = DIRECTION('',(-1.,0.,0.));
#876 = ORIENTED_EDGE('',*,*,#877,.T.);
#877 = EDGE_CURVE('',#870,#878,#880,.T.);
#878 = VERTEX_POINT('',#879);
#879 = CARTESIAN_POINT('',(24.35,8.687778772506,99.));
#880 = LINE('',#881,#882);
#881 = CARTESIAN_POINT('',(24.35,8.1,99.));
#882 = VECTOR('',#883,1.);
#883 = DIRECTION('',(0.,1.,0.));
#884 = ORIENTED_EDGE('',*,*,#885,.F.);
#885 = EDGE_CURVE('',#886,#878,#888,.T.);
#886 = VERTEX_POINT('',#887);
#887 = CARTESIAN_POINT('',(22.,9.,99.));
#888 = CIRCLE('',#889,9.);
#889 = AXIS2_PLACEMENT_3D('',#890,#891,#892);
#890 = CARTESIAN_POINT('',(22.,0.,99.));
#891 = DIRECTION('',(0.,0.,-1.));
#892 = DIRECTION('',(1.,0.,0.));
#893 = ORIENTED_EDGE('',*,*,#894,.F.);
#894 = EDGE_CURVE('',#895,#886,#897,.T.);
#895 = VERTEX_POINT('',#896);
#896 = CARTESIAN_POINT('',(14.75,9.,99.));
#897 = LINE('',#898,#899);
#898 = CARTESIAN_POINT('',(0.,9.,99.));
#899 = VECTOR('',#900,1.);
#900 = DIRECTION('',(1.,0.,0.));
#901 = ORIENTED_EDGE('',*,*,#902,.T.);
#902 = EDGE_CURVE('',#895,#903,#905,.T.);
#903 = VERTEX_POINT('',#904);
#904 = CARTESIAN_POINT('',(14.75,7.75,99.));
#905 = LINE('',#906,#907);
#906 = CARTESIAN_POINT('',(14.75,9.,99.));
#907 = VECTOR('',#908,1.);
#908 = DIRECTION('',(0.,-1.,0.));
#909 = ORIENTED_EDGE('',*,*,#910,.T.);
#910 = EDGE_CURVE('',#903,#911,#913,.T.);
#911 = VERTEX_POINT('',#912);
#912 = CARTESIAN_POINT('',(12.75,7.75,99.));
#913 = LINE('',#914,#915);
#914 = CARTESIAN_POINT('',(14.75,7.75,99.));
#915 = VECTOR('',#916,1.);
#916 = DIRECTION('',(-1.,0.,0.));
#917 = ORIENTED_EDGE('',*,*,#918,.T.);
#918 = EDGE_CURVE('',#911,#919,#921,.T.);
#919 = VERTEX_POINT('',#920);
#920 = CARTESIAN_POINT('',(12.75,9.,99.));
#921 = LINE('',#922,#923);
#922 = CARTESIAN_POINT('',(12.75,7.75,99.));
#923 = VECTOR('',#924,1.);
#924 = DIRECTION('',(0.,1.,0.));
#925 = ORIENTED_EDGE('',*,*,#926,.F.);
#926 = EDGE_CURVE('',#724,#919,#927,.T.);
#927 = LINE('',#928,#929);
#928 = CARTESIAN_POINT('',(0.,9.,99.));
#929 = VECTOR('',#930,1.);
#930 = DIRECTION('',(1.,0.,0.));
#931 = FACE_BOUND('',#932,.F.);
#932 = EDGE_LOOP('',(#933));
#933 = ORIENTED_EDGE('',*,*,#934,.T.);
#934 = EDGE_CURVE('',#935,#935,#937,.T.);
#935 = VERTEX_POINT('',#936);
#936 = CARTESIAN_POINT('',(8.,0.,99.));
#937 = CIRCLE('',#938,8.);
#938 = AXIS2_PLACEMENT_3D('',#939,#940,#941);
#939 = CARTESIAN_POINT('',(0.,0.,99.));
#940 = DIRECTION('',(0.,0.,-1.));
#941 = DIRECTION('',(1.,0.,0.));
#942 = FACE_BOUND('',#943,.F.);
#943 = EDGE_LOOP('',(#944,#945,#946,#947,#948,#949,#950,#951));
#944 = ORIENTED_EDGE('',*,*,#459,.T.);
#945 = ORIENTED_EDGE('',*,*,#435,.T.);
#946 = ORIENTED_EDGE('',*,*,#491,.T.);
#947 = ORIENTED_EDGE('',*,*,#540,.T.);
#948 = ORIENTED_EDGE('',*,*,#589,.T.);
#949 = ORIENTED_EDGE('',*,*,#607,.T.);
#950 = ORIENTED_EDGE('',*,*,#557,.T.);
#951 = ORIENTED_EDGE('',*,*,#509,.T.);
#952 = FACE_BOUND('',#953,.F.);
#953 = EDGE_LOOP('',(#954,#964,#972,#980));
#954 = ORIENTED_EDGE('',*,*,#955,.F.);
#955 = EDGE_CURVE('',#956,#958,#960,.T.);
#956 = VERTEX_POINT('',#957);
#957 = CARTESIAN_POINT('',(13.75,6.75,99.));
#958 = VERTEX_POINT('',#959);
#959 = CARTESIAN_POINT('',(13.75,5.25,99.));
#960 = LINE('',#961,#962);
#961 = CARTESIAN_POINT('',(13.75,6.75,99.));
#962 = VECTOR('',#963,1.);
#963 = DIRECTION('',(0.,-1.,0.));
#964 = ORIENTED_EDGE('',*,*,#965,.F.);
#965 = EDGE_CURVE('',#966,#956,#968,.T.);
#966 = VERTEX_POINT('',#967);
#967 = CARTESIAN_POINT('',(15.75,6.75,99.));
#968 = LINE('',#969,#970);
#969 = CARTESIAN_POINT('',(15.75,6.75,99.));
#970 = VECTOR('',#971,1.);
#971 = DIRECTION('',(-1.,0.,0.));
#972 = ORIENTED_EDGE('',*,*,#973,.F.);
#973 = EDGE_CURVE('',#974,#966,#976,.T.);
#974 = VERTEX_POINT('',#975);
#975 = CARTESIAN_POINT('',(15.75,5.25,99.));
#976 = LINE('',#977,#978);
#977 = CARTESIAN_POINT('',(15.75,5.25,99.));
#978 = VECTOR('',#979,1.);
#979 = DIRECTION('',(0.,1.,0.));
#980 = ORIENTED_EDGE('',*,*,#981,.F.);
#981 = EDGE_CURVE('',#958,#974,#982,.T.);
#982 = LINE('',#983,#984);
#983 = CARTESIAN_POINT('',(13.75,5.25,99.));
#984 = VECTOR('',#985,1.);
#985 = DIRECTION('',(1.,0.,0.));
#986 = PLANE('',#987);
#987 = AXIS2_PLACEMENT_3D('',#988,#989,#990);
#988 = CARTESIAN_POINT('',(11.,-2.5E-16,99.));
#989 = DIRECTION('',(0.,0.,1.));
#990 = DIRECTION('',(1.,0.,0.));
#991 = ADVANCED_FACE('',(#992,#998),#1034,.F.);
#992 = FACE_BOUND('',#993,.F.);
#993 = EDGE_LOOP('',(#994,#995,#996,#997));
#994 = ORIENTED_EDGE('',*,*,#664,.T.);
#995 = ORIENTED_EDGE('',*,*,#640,.T.);
#996 = ORIENTED_EDGE('',*,*,#689,.T.);
#997 = ORIENTED_EDGE('',*,*,#707,.F.);
#998 = FACE_BOUND('',#999,.F.);
#999 = EDGE_LOOP('',(#1000,#1010,#1019,#1027));
#1000 = ORIENTED_EDGE('',*,*,#1001,.F.);
#1001 = EDGE_CURVE('',#1002,#1004,#1006,.T.);
#1002 = VERTEX_POINT('',#1003);
#1003 = CARTESIAN_POINT('',(22.,10.45,99.));
#1004 = VERTEX_POINT('',#1005);
#1005 = CARTESIAN_POINT('',(7.105427357601E-15,10.45,99.));
#1006 = LINE('',#1007,#1008);
#1007 = CARTESIAN_POINT('',(22.,10.45,99.));
#1008 = VECTOR('',#1009,1.);
#1009 = DIRECTION('',(-1.,0.,0.));
#1010 = ORIENTED_EDGE('',*,*,#1011,.T.);
#1011 = EDGE_CURVE('',#1002,#1012,#1014,.T.);
#1012 = VERTEX_POINT('',#1013);
#1013 = CARTESIAN_POINT('',(22.000000000004,-10.45,99.));
#1014 = CIRCLE('',#1015,10.45);
#1015 = AXIS2_PLACEMENT_3D('',#1016,#1017,#1018);
#1016 = CARTESIAN_POINT('',(22.,0.,99.));
#1017 = DIRECTION('',(0.,0.,-1.));
#1018 = DIRECTION('',(1.,0.,0.));
#1019 = ORIENTED_EDGE('',*,*,#1020,.T.);
#1020 = EDGE_CURVE('',#1012,#1021,#1023,.T.);
#1021 = VERTEX_POINT('',#1022);
#1022 = CARTESIAN_POINT('',(4.401812248034E-12,-10.45,99.));
#1023 = LINE('',#1024,#1025);
#1024 = CARTESIAN_POINT('',(22.000000000004,-10.45,99.));
#1025 = VECTOR('',#1026,1.);
#1026 = DIRECTION('',(-1.,0.,0.));
#1027 = ORIENTED_EDGE('',*,*,#1028,.T.);
#1028 = EDGE_CURVE('',#1021,#1004,#1029,.T.);
#1029 = CIRCLE('',#1030,10.45);
#1030 = AXIS2_PLACEMENT_3D('',#1031,#1032,#1033);
#1031 = CARTESIAN_POINT('',(0.,0.,99.));
#1032 = DIRECTION('',(0.,0.,-1.));
#1033 = DIRECTION('',(1.,0.,0.));
#1034 = PLANE('',#1035);
#1035 = AXIS2_PLACEMENT_3D('',#1036,#1037,#1038);
#1036 = CARTESIAN_POINT('',(11.,-2.5E-16,99.));
#1037 = DIRECTION('',(0.,0.,1.));
#1038 = DIRECTION('',(1.,0.,0.));
#1039 = ADVANCED_FACE('',(#1040),#1083,.F.);
#1040 = FACE_BOUND('',#1041,.T.);
#1041 = EDGE_LOOP('',(#1042,#1043,#1051,#1060,#1068,#1077));
#1042 = ORIENTED_EDGE('',*,*,#721,.F.);
#1043 = ORIENTED_EDGE('',*,*,#1044,.T.);
#1044 = EDGE_CURVE('',#722,#1045,#1047,.T.);
#1045 = VERTEX_POINT('',#1046);
#1046 = CARTESIAN_POINT('',(-3.79074549528E-12,-9.,89.));
#1047 = LINE('',#1048,#1049);
#1048 = CARTESIAN_POINT('',(-3.79075E-12,-9.,99.));
#1049 = VECTOR('',#1050,1.);
#1050 = DIRECTION('',(0.,0.,-1.));
#1051 = ORIENTED_EDGE('',*,*,#1052,.T.);
#1052 = EDGE_CURVE('',#1045,#1053,#1055,.T.);
#1053 = VERTEX_POINT('',#1054);
#1054 = CARTESIAN_POINT('',(-2.,8.774964387392,89.));
#1055 = CIRCLE('',#1056,9.);
#1056 = AXIS2_PLACEMENT_3D('',#1057,#1058,#1059);
#1057 = CARTESIAN_POINT('',(0.,0.,89.));
#1058 = DIRECTION('',(0.,0.,-1.));
#1059 = DIRECTION('',(1.,0.,0.));
#1060 = ORIENTED_EDGE('',*,*,#1061,.T.);
#1061 = EDGE_CURVE('',#1053,#1062,#1064,.T.);
#1062 = VERTEX_POINT('',#1063);
#1063 = CARTESIAN_POINT('',(-2.,8.774964387392,94.));
#1064 = LINE('',#1065,#1066);
#1065 = CARTESIAN_POINT('',(-2.,8.774964387392,99.));
#1066 = VECTOR('',#1067,1.);
#1067 = DIRECTION('',(0.,0.,1.));
#1068 = ORIENTED_EDGE('',*,*,#1069,.F.);
#1069 = EDGE_CURVE('',#1070,#1062,#1072,.T.);
#1070 = VERTEX_POINT('',#1071);
#1071 = CARTESIAN_POINT('',(0.,9.,94.));
#1072 = CIRCLE('',#1073,9.);
#1073 = AXIS2_PLACEMENT_3D('',#1074,#1075,#1076);
#1074 = CARTESIAN_POINT('',(0.,0.,94.));
#1075 = DIRECTION('',(0.,0.,1.));
#1076 = DIRECTION('',(1.,0.,0.));
#1077 = ORIENTED_EDGE('',*,*,#1078,.F.);
#1078 = EDGE_CURVE('',#724,#1070,#1079,.T.);
#1079 = LINE('',#1080,#1081);
#1080 = CARTESIAN_POINT('',(0.,9.,99.));
#1081 = VECTOR('',#1082,1.);
#1082 = DIRECTION('',(0.,0.,-1.));
#1083 = CYLINDRICAL_SURFACE('',#1084,9.);
#1084 = AXIS2_PLACEMENT_3D('',#1085,#1086,#1087);
#1085 = CARTESIAN_POINT('',(0.,0.,99.));
#1086 = DIRECTION('',(0.,0.,1.));
#1087 = DIRECTION('',(1.,0.,0.));
#1088 = ADVANCED_FACE('',(#1089,#1130,#1164),#1198,.T.);
#1089 = FACE_BOUND('',#1090,.T.);
#1090 = EDGE_LOOP('',(#1091,#1092,#1093,#1101,#1107,#1108,#1116,#1124));
#1091 = ORIENTED_EDGE('',*,*,#926,.F.);
#1092 = ORIENTED_EDGE('',*,*,#1078,.T.);
#1093 = ORIENTED_EDGE('',*,*,#1094,.F.);
#1094 = EDGE_CURVE('',#1095,#1070,#1097,.T.);
#1095 = VERTEX_POINT('',#1096);
#1096 = CARTESIAN_POINT('',(22.,9.,94.));
#1097 = LINE('',#1098,#1099);
#1098 = CARTESIAN_POINT('',(-1.,9.,94.));
#1099 = VECTOR('',#1100,1.);
#1100 = DIRECTION('',(-1.,0.,0.));
#1101 = ORIENTED_EDGE('',*,*,#1102,.F.);
#1102 = EDGE_CURVE('',#886,#1095,#1103,.T.);
#1103 = LINE('',#1104,#1105);
#1104 = CARTESIAN_POINT('',(22.,9.,99.));
#1105 = VECTOR('',#1106,1.);
#1106 = DIRECTION('',(0.,0.,-1.));
#1107 = ORIENTED_EDGE('',*,*,#894,.F.);
#1108 = ORIENTED_EDGE('',*,*,#1109,.T.);
#1109 = EDGE_CURVE('',#895,#1110,#1112,.T.);
#1110 = VERTEX_POINT('',#1111);
#1111 = CARTESIAN_POINT('',(14.75,9.,97.25));
#1112 = LINE('',#1113,#1114);
#1113 = CARTESIAN_POINT('',(14.75,9.,99.));
#1114 = VECTOR('',#1115,1.);
#1115 = DIRECTION('',(0.,0.,-1.));
#1116 = ORIENTED_EDGE('',*,*,#1117,.F.);
#1117 = EDGE_CURVE('',#1118,#1110,#1120,.T.);
#1118 = VERTEX_POINT('',#1119);
#1119 = CARTESIAN_POINT('',(12.75,9.,97.25));
#1120 = LINE('',#1121,#1122);
#1121 = CARTESIAN_POINT('',(12.75,9.,97.25));
#1122 = VECTOR('',#1123,1.);
#1123 = DIRECTION('',(1.,0.,0.));
#1124 = ORIENTED_EDGE('',*,*,#1125,.F.);
#1125 = EDGE_CURVE('',#919,#1118,#1126,.T.);
#1126 = LINE('',#1127,#1128);
#1127 = CARTESIAN_POINT('',(12.75,9.,99.));
#1128 = VECTOR('',#1129,1.);
#1129 = DIRECTION('',(0.,0.,-1.));
#1130 = FACE_BOUND('',#1131,.T.);
#1131 = EDGE_LOOP('',(#1132,#1142,#1150,#1158));
#1132 = ORIENTED_EDGE('',*,*,#1133,.F.);
#1133 = EDGE_CURVE('',#1134,#1136,#1138,.T.);
#1134 = VERTEX_POINT('',#1135);
#1135 = CARTESIAN_POINT('',(3.500000000008,9.,95.));
#1136 = VERTEX_POINT('',#1137);
#1137 = CARTESIAN_POINT('',(3.500000000008,9.,97.));
#1138 = LINE('',#1139,#1140);
#1139 = CARTESIAN_POINT('',(3.500000000008,9.,98.));
#1140 = VECTOR('',#1141,1.);
#1141 = DIRECTION('',(0.,0.,1.));
#1142 = ORIENTED_EDGE('',*,*,#1143,.F.);
#1143 = EDGE_CURVE('',#1144,#1134,#1146,.T.);
#1144 = VERTEX_POINT('',#1145);
#1145 = CARTESIAN_POINT('',(2.,9.,95.));
#1146 = LINE('',#1147,#1148);
#1147 = CARTESIAN_POINT('',(1.750000000004,9.,95.));
#1148 = VECTOR('',#1149,1.);
#1149 = DIRECTION('',(1.,0.,0.));
#1150 = ORIENTED_EDGE('',*,*,#1151,.F.);
#1151 = EDGE_CURVE('',#1152,#1144,#1154,.T.);
#1152 = VERTEX_POINT('',#1153);
#1153 = CARTESIAN_POINT('',(2.,9.,97.));
#1154 = LINE('',#1155,#1156);
#1155 = CARTESIAN_POINT('',(2.,9.,97.));
#1156 = VECTOR('',#1157,1.);
#1157 = DIRECTION('',(-0.,-0.,-1.));
#1158 = ORIENTED_EDGE('',*,*,#1159,.F.);
#1159 = EDGE_CURVE('',#1136,#1152,#1160,.T.);
#1160 = LINE('',#1161,#1162);
#1161 = CARTESIAN_POINT('',(1.,9.,97.));
#1162 = VECTOR('',#1163,1.);
#1163 = DIRECTION('',(-1.,0.,0.));
#1164 = FACE_BOUND('',#1165,.T.);
#1165 = EDGE_LOOP('',(#1166,#1176,#1184,#1192));
#1166 = ORIENTED_EDGE('',*,*,#1167,.F.);
#1167 = EDGE_CURVE('',#1168,#1170,#1172,.T.);
#1168 = VERTEX_POINT('',#1169);
#1169 = CARTESIAN_POINT('',(20.,9.,95.));
#1170 = VERTEX_POINT('',#1171);
#1171 = CARTESIAN_POINT('',(20.,9.,97.));
#1172 = LINE('',#1173,#1174);
#1173 = CARTESIAN_POINT('',(20.,9.,98.));
#1174 = VECTOR('',#1175,1.);
#1175 = DIRECTION('',(0.,0.,1.));
#1176 = ORIENTED_EDGE('',*,*,#1177,.F.);
#1177 = EDGE_CURVE('',#1178,#1168,#1180,.T.);
#1178 = VERTEX_POINT('',#1179);
#1179 = CARTESIAN_POINT('',(18.5,9.,95.));
#1180 = LINE('',#1181,#1182);
#1181 = CARTESIAN_POINT('',(10.,9.,95.));
#1182 = VECTOR('',#1183,1.);
#1183 = DIRECTION('',(1.,0.,0.));
#1184 = ORIENTED_EDGE('',*,*,#1185,.F.);
#1185 = EDGE_CURVE('',#1186,#1178,#1188,.T.);
#1186 = VERTEX_POINT('',#1187);
#1187 = CARTESIAN_POINT('',(18.5,9.,97.));
#1188 = LINE('',#1189,#1190);
#1189 = CARTESIAN_POINT('',(18.5,9.,97.));
#1190 = VECTOR('',#1191,1.);
#1191 = DIRECTION('',(-0.,-0.,-1.));
#1192 = ORIENTED_EDGE('',*,*,#1193,.F.);
#1193 = EDGE_CURVE('',#1170,#1186,#1194,.T.);
#1194 = LINE('',#1195,#1196);
#1195 = CARTESIAN_POINT('',(9.25,9.,97.));
#1196 = VECTOR('',#1197,1.);
#1197 = DIRECTION('',(-1.,0.,0.));
#1198 = PLANE('',#1199);
#1199 = AXIS2_PLACEMENT_3D('',#1200,#1201,#1202);
#1200 = CARTESIAN_POINT('',(0.,9.,99.));
#1201 = DIRECTION('',(0.,-1.,0.));
#1202 = DIRECTION('',(1.,0.,0.));
#1203 = ADVANCED_FACE('',(#1204),#1222,.F.);
#1204 = FACE_BOUND('',#1205,.F.);
#1205 = EDGE_LOOP('',(#1206,#1214,#1220,#1221));
#1206 = ORIENTED_EDGE('',*,*,#1207,.T.);
#1207 = EDGE_CURVE('',#911,#1208,#1210,.T.);
#1208 = VERTEX_POINT('',#1209);
#1209 = CARTESIAN_POINT('',(12.75,7.75,97.25));
#1210 = LINE('',#1211,#1212);
#1211 = CARTESIAN_POINT('',(12.75,7.75,99.));
#1212 = VECTOR('',#1213,1.);
#1213 = DIRECTION('',(0.,0.,-1.));
#1214 = ORIENTED_EDGE('',*,*,#1215,.T.);
#1215 = EDGE_CURVE('',#1208,#1118,#1216,.T.);
#1216 = LINE('',#1217,#1218);
#1217 = CARTESIAN_POINT('',(12.75,7.75,97.25));
#1218 = VECTOR('',#1219,1.);
#1219 = DIRECTION('',(0.,1.,0.));
#1220 = ORIENTED_EDGE('',*,*,#1125,.F.);
#1221 = ORIENTED_EDGE('',*,*,#918,.F.);
#1222 = PLANE('',#1223);
#1223 = AXIS2_PLACEMENT_3D('',#1224,#1225,#1226);
#1224 = CARTESIAN_POINT('',(12.75,7.75,99.));
#1225 = DIRECTION('',(1.,0.,0.));
#1226 = DIRECTION('',(0.,1.,0.));
#1227 = ADVANCED_FACE('',(#1228),#1246,.F.);
#1228 = FACE_BOUND('',#1229,.F.);
#1229 = EDGE_LOOP('',(#1230,#1238,#1244,#1245));
#1230 = ORIENTED_EDGE('',*,*,#1231,.T.);
#1231 = EDGE_CURVE('',#903,#1232,#1234,.T.);
#1232 = VERTEX_POINT('',#1233);
#1233 = CARTESIAN_POINT('',(14.75,7.75,97.25));
#1234 = LINE('',#1235,#1236);
#1235 = CARTESIAN_POINT('',(14.75,7.75,99.));
#1236 = VECTOR('',#1237,1.);
#1237 = DIRECTION('',(0.,0.,-1.));
#1238 = ORIENTED_EDGE('',*,*,#1239,.T.);
#1239 = EDGE_CURVE('',#1232,#1208,#1240,.T.);
#1240 = LINE('',#1241,#1242);
#1241 = CARTESIAN_POINT('',(14.75,7.75,97.25));
#1242 = VECTOR('',#1243,1.);
#1243 = DIRECTION('',(-1.,0.,0.));
#1244 = ORIENTED_EDGE('',*,*,#1207,.F.);
#1245 = ORIENTED_EDGE('',*,*,#910,.F.);
#1246 = PLANE('',#1247);
#1247 = AXIS2_PLACEMENT_3D('',#1248,#1249,#1250);
#1248 = CARTESIAN_POINT('',(14.75,7.75,99.));
#1249 = DIRECTION('',(0.,1.,0.));
#1250 = DIRECTION('',(-1.,0.,0.));
#1251 = ADVANCED_FACE('',(#1252),#1263,.F.);
#1252 = FACE_BOUND('',#1253,.F.);
#1253 = EDGE_LOOP('',(#1254,#1255,#1261,#1262));
#1254 = ORIENTED_EDGE('',*,*,#1109,.T.);
#1255 = ORIENTED_EDGE('',*,*,#1256,.T.);
#1256 = EDGE_CURVE('',#1110,#1232,#1257,.T.);
#1257 = LINE('',#1258,#1259);
#1258 = CARTESIAN_POINT('',(14.75,9.,97.25));
#1259 = VECTOR('',#1260,1.);
#1260 = DIRECTION('',(0.,-1.,0.));
#1261 = ORIENTED_EDGE('',*,*,#1231,.F.);
#1262 = ORIENTED_EDGE('',*,*,#902,.F.);
#1263 = PLANE('',#1264);
#1264 = AXIS2_PLACEMENT_3D('',#1265,#1266,#1267);
#1265 = CARTESIAN_POINT('',(14.75,9.,99.));
#1266 = DIRECTION('',(-1.,-0.,-0.));
#1267 = DIRECTION('',(0.,-1.,0.));
#1268 = ADVANCED_FACE('',(#1269),#1322,.F.);
#1269 = FACE_BOUND('',#1270,.T.);
#1270 = EDGE_LOOP('',(#1271,#1272,#1273,#1282,#1290,#1299,#1307,#1316));
#1271 = ORIENTED_EDGE('',*,*,#885,.F.);
#1272 = ORIENTED_EDGE('',*,*,#1102,.T.);
#1273 = ORIENTED_EDGE('',*,*,#1274,.F.);
#1274 = EDGE_CURVE('',#1275,#1095,#1277,.T.);
#1275 = VERTEX_POINT('',#1276);
#1276 = CARTESIAN_POINT('',(24.,8.774964387392,94.));
#1277 = CIRCLE('',#1278,9.);
#1278 = AXIS2_PLACEMENT_3D('',#1279,#1280,#1281);
#1279 = CARTESIAN_POINT('',(22.,0.,94.));
#1280 = DIRECTION('',(0.,0.,1.));
#1281 = DIRECTION('',(1.,0.,0.));
#1282 = ORIENTED_EDGE('',*,*,#1283,.F.);
#1283 = EDGE_CURVE('',#1284,#1275,#1286,.T.);
#1284 = VERTEX_POINT('',#1285);
#1285 = CARTESIAN_POINT('',(24.,8.774964387392,89.));
#1286 = LINE('',#1287,#1288);
#1287 = CARTESIAN_POINT('',(24.,8.774964387392,99.));
#1288 = VECTOR('',#1289,1.);
#1289 = DIRECTION('',(0.,0.,1.));
#1290 = ORIENTED_EDGE('',*,*,#1291,.T.);
#1291 = EDGE_CURVE('',#1284,#1292,#1294,.T.);
#1292 = VERTEX_POINT('',#1293);
#1293 = CARTESIAN_POINT('',(25.923009049187,8.1,89.));
#1294 = CIRCLE('',#1295,9.);
#1295 = AXIS2_PLACEMENT_3D('',#1296,#1297,#1298);
#1296 = CARTESIAN_POINT('',(22.,0.,89.));
#1297 = DIRECTION('',(0.,0.,-1.));
#1298 = DIRECTION('',(1.,0.,0.));
#1299 = ORIENTED_EDGE('',*,*,#1300,.F.);
#1300 = EDGE_CURVE('',#1301,#1292,#1303,.T.);
#1301 = VERTEX_POINT('',#1302);
#1302 = CARTESIAN_POINT('',(25.923009049187,8.1,97.25));
#1303 = LINE('',#1304,#1305);
#1304 = CARTESIAN_POINT('',(25.923009049187,8.1,99.));
#1305 = VECTOR('',#1306,1.);
#1306 = DIRECTION('',(-0.,-0.,-1.));
#1307 = ORIENTED_EDGE('',*,*,#1308,.F.);
#1308 = EDGE_CURVE('',#1309,#1301,#1311,.T.);
#1309 = VERTEX_POINT('',#1310);
#1310 = CARTESIAN_POINT('',(24.35,8.687778772506,97.25));
#1311 = CIRCLE('',#1312,9.);
#1312 = AXIS2_PLACEMENT_3D('',#1313,#1314,#1315);
#1313 = CARTESIAN_POINT('',(22.,5.E-15,97.25));
#1314 = DIRECTION('',(0.,0.,-1.));
#1315 = DIRECTION('',(1.,0.,0.));
#1316 = ORIENTED_EDGE('',*,*,#1317,.F.);
#1317 = EDGE_CURVE('',#878,#1309,#1318,.T.);
#1318 = LINE('',#1319,#1320);
#1319 = CARTESIAN_POINT('',(24.35,8.687778772506,99.));
#1320 = VECTOR('',#1321,1.);
#1321 = DIRECTION('',(0.,0.,-1.));
#1322 = CYLINDRICAL_SURFACE('',#1323,9.);
#1323 = AXIS2_PLACEMENT_3D('',#1324,#1325,#1326);
#1324 = CARTESIAN_POINT('',(22.,0.,99.));
#1325 = DIRECTION('',(0.,0.,1.));
#1326 = DIRECTION('',(1.,0.,0.));
#1327 = ADVANCED_FACE('',(#1328),#1346,.F.);
#1328 = FACE_BOUND('',#1329,.F.);
#1329 = EDGE_LOOP('',(#1330,#1338,#1344,#1345));
#1330 = ORIENTED_EDGE('',*,*,#1331,.T.);
#1331 = EDGE_CURVE('',#870,#1332,#1334,.T.);
#1332 = VERTEX_POINT('',#1333);
#1333 = CARTESIAN_POINT('',(24.35,8.1,97.25));
#1334 = LINE('',#1335,#1336);
#1335 = CARTESIAN_POINT('',(24.35,8.1,99.));
#1336 = VECTOR('',#1337,1.);
#1337 = DIRECTION('',(0.,0.,-1.));
#1338 = ORIENTED_EDGE('',*,*,#1339,.T.);
#1339 = EDGE_CURVE('',#1332,#1309,#1340,.T.);
#1340 = LINE('',#1341,#1342);
#1341 = CARTESIAN_POINT('',(24.35,8.1,97.25));
#1342 = VECTOR('',#1343,1.);
#1343 = DIRECTION('',(0.,1.,0.));
#1344 = ORIENTED_EDGE('',*,*,#1317,.F.);
#1345 = ORIENTED_EDGE('',*,*,#877,.F.);
#1346 = PLANE('',#1347);
#1347 = AXIS2_PLACEMENT_3D('',#1348,#1349,#1350);
#1348 = CARTESIAN_POINT('',(24.35,8.1,99.));
#1349 = DIRECTION('',(1.,0.,0.));
#1350 = DIRECTION('',(0.,1.,0.));
#1351 = ADVANCED_FACE('',(#1352),#1368,.F.);
#1352 = FACE_BOUND('',#1353,.F.);
#1353 = EDGE_LOOP('',(#1354,#1360,#1366,#1367));
#1354 = ORIENTED_EDGE('',*,*,#1355,.T.);
#1355 = EDGE_CURVE('',#862,#1301,#1356,.T.);
#1356 = LINE('',#1357,#1358);
#1357 = CARTESIAN_POINT('',(25.923009049187,8.1,99.));
#1358 = VECTOR('',#1359,1.);
#1359 = DIRECTION('',(-0.,-0.,-1.));
#1360 = ORIENTED_EDGE('',*,*,#1361,.T.);
#1361 = EDGE_CURVE('',#1301,#1332,#1362,.T.);
#1362 = LINE('',#1363,#1364);
#1363 = CARTESIAN_POINT('',(25.923009049187,8.1,97.25));
#1364 = VECTOR('',#1365,1.);
#1365 = DIRECTION('',(-1.,0.,0.));
#1366 = ORIENTED_EDGE('',*,*,#1331,.F.);
#1367 = ORIENTED_EDGE('',*,*,#869,.F.);
#1368 = PLANE('',#1369);
#1369 = AXIS2_PLACEMENT_3D('',#1370,#1371,#1372);
#1370 = CARTESIAN_POINT('',(25.923009049187,8.1,99.));
#1371 = DIRECTION('',(0.,1.,0.));
#1372 = DIRECTION('',(-1.,0.,0.));
#1373 = ADVANCED_FACE('',(#1374),#1392,.F.);
#1374 = FACE_BOUND('',#1375,.F.);
#1375 = EDGE_LOOP('',(#1376,#1384,#1391));
#1376 = ORIENTED_EDGE('',*,*,#1377,.T.);
#1377 = EDGE_CURVE('',#854,#1378,#1380,.T.);
#1378 = VERTEX_POINT('',#1379);
#1379 = CARTESIAN_POINT('',(27.300000000003,7.273926037564,99.));
#1380 = LINE('',#1381,#1382);
#1381 = CARTESIAN_POINT('',(27.3,6.75,99.));
#1382 = VECTOR('',#1383,1.);
#1383 = DIRECTION('',(0.,1.,0.));
#1384 = ORIENTED_EDGE('',*,*,#1385,.F.);
#1385 = EDGE_CURVE('',#862,#1378,#1386,.T.);
#1386 = CIRCLE('',#1387,9.);
#1387 = AXIS2_PLACEMENT_3D('',#1388,#1389,#1390);
#1388 = CARTESIAN_POINT('',(22.,0.,99.));
#1389 = DIRECTION('',(0.,0.,-1.));
#1390 = DIRECTION('',(1.,0.,0.));
#1391 = ORIENTED_EDGE('',*,*,#861,.T.);
#1392 = PLANE('',#1393);
#1393 = AXIS2_PLACEMENT_3D('',#1394,#1395,#1396);
#1394 = CARTESIAN_POINT('',(11.,-2.5E-16,99.));
#1395 = DIRECTION('',(0.,0.,1.));
#1396 = DIRECTION('',(1.,0.,0.));
#1397 = ADVANCED_FACE('',(#1398),#1423,.F.);
#1398 = FACE_BOUND('',#1399,.F.);
#1399 = EDGE_LOOP('',(#1400,#1401,#1409,#1417));
#1400 = ORIENTED_EDGE('',*,*,#853,.F.);
#1401 = ORIENTED_EDGE('',*,*,#1402,.T.);
#1402 = EDGE_CURVE('',#846,#1403,#1405,.T.);
#1403 = VERTEX_POINT('',#1404);
#1404 = CARTESIAN_POINT('',(26.311612227462,6.75,97.25));
#1405 = LINE('',#1406,#1407);
#1406 = CARTESIAN_POINT('',(26.311612227462,6.75,99.));
#1407 = VECTOR('',#1408,1.);
#1408 = DIRECTION('',(0.,-1.2E-16,-1.));
#1409 = ORIENTED_EDGE('',*,*,#1410,.T.);
#1410 = EDGE_CURVE('',#1403,#1411,#1413,.T.);
#1411 = VERTEX_POINT('',#1412);
#1412 = CARTESIAN_POINT('',(27.3,6.75,97.25));
#1413 = LINE('',#1414,#1415);
#1414 = CARTESIAN_POINT('',(24.35,6.75,97.25));
#1415 = VECTOR('',#1416,1.);
#1416 = DIRECTION('',(1.,0.,0.));
#1417 = ORIENTED_EDGE('',*,*,#1418,.F.);
#1418 = EDGE_CURVE('',#854,#1411,#1419,.T.);
#1419 = LINE('',#1420,#1421);
#1420 = CARTESIAN_POINT('',(27.3,6.75,99.));
#1421 = VECTOR('',#1422,1.);
#1422 = DIRECTION('',(0.,-1.2E-16,-1.));
#1423 = PLANE('',#1424);
#1424 = AXIS2_PLACEMENT_3D('',#1425,#1426,#1427);
#1425 = CARTESIAN_POINT('',(24.35,6.75,99.));
#1426 = DIRECTION('',(0.,-1.,0.));
#1427 = DIRECTION('',(1.,0.,0.));
#1428 = ADVANCED_FACE('',(#1429),#1447,.F.);
#1429 = FACE_BOUND('',#1430,.F.);
#1430 = EDGE_LOOP('',(#1431,#1432,#1440,#1446));
#1431 = ORIENTED_EDGE('',*,*,#845,.F.);
#1432 = ORIENTED_EDGE('',*,*,#1433,.T.);
#1433 = EDGE_CURVE('',#838,#1434,#1436,.T.);
#1434 = VERTEX_POINT('',#1435);
#1435 = CARTESIAN_POINT('',(24.35,6.75,97.25));
#1436 = LINE('',#1437,#1438);
#1437 = CARTESIAN_POINT('',(24.35,6.75,99.));
#1438 = VECTOR('',#1439,1.);
#1439 = DIRECTION('',(0.,0.,-1.));
#1440 = ORIENTED_EDGE('',*,*,#1441,.T.);
#1441 = EDGE_CURVE('',#1434,#1403,#1442,.T.);
#1442 = LINE('',#1443,#1444);
#1443 = CARTESIAN_POINT('',(24.35,6.75,97.25));
#1444 = VECTOR('',#1445,1.);
#1445 = DIRECTION('',(1.,0.,0.));
#1446 = ORIENTED_EDGE('',*,*,#1402,.F.);
#1447 = PLANE('',#1448);
#1448 = AXIS2_PLACEMENT_3D('',#1449,#1450,#1451);
#1449 = CARTESIAN_POINT('',(24.35,6.75,99.));
#1450 = DIRECTION('',(0.,-1.,0.));
#1451 = DIRECTION('',(1.,0.,0.));
#1452 = ADVANCED_FACE('',(#1453),#1471,.F.);
#1453 = FACE_BOUND('',#1454,.F.);
#1454 = EDGE_LOOP('',(#1455,#1463,#1469,#1470));
#1455 = ORIENTED_EDGE('',*,*,#1456,.T.);
#1456 = EDGE_CURVE('',#830,#1457,#1459,.T.);
#1457 = VERTEX_POINT('',#1458);
#1458 = CARTESIAN_POINT('',(24.35,5.25,97.25));
#1459 = LINE('',#1460,#1461);
#1460 = CARTESIAN_POINT('',(24.35,5.25,99.));
#1461 = VECTOR('',#1462,1.);
#1462 = DIRECTION('',(0.,0.,-1.));
#1463 = ORIENTED_EDGE('',*,*,#1464,.T.);
#1464 = EDGE_CURVE('',#1457,#1434,#1465,.T.);
#1465 = LINE('',#1466,#1467);
#1466 = CARTESIAN_POINT('',(24.35,5.25,97.25));
#1467 = VECTOR('',#1468,1.);
#1468 = DIRECTION('',(0.,1.,0.));
#1469 = ORIENTED_EDGE('',*,*,#1433,.F.);
#1470 = ORIENTED_EDGE('',*,*,#837,.F.);
#1471 = PLANE('',#1472);
#1472 = AXIS2_PLACEMENT_3D('',#1473,#1474,#1475);
#1473 = CARTESIAN_POINT('',(24.35,5.25,99.));
#1474 = DIRECTION('',(1.,0.,0.));
#1475 = DIRECTION('',(0.,1.,0.));
#1476 = ADVANCED_FACE('',(#1477),#1495,.F.);
#1477 = FACE_BOUND('',#1478,.F.);
#1478 = EDGE_LOOP('',(#1479,#1480,#1488,#1494));
#1479 = ORIENTED_EDGE('',*,*,#829,.F.);
#1480 = ORIENTED_EDGE('',*,*,#1481,.F.);
#1481 = EDGE_CURVE('',#1482,#822,#1484,.T.);
#1482 = VERTEX_POINT('',#1483);
#1483 = CARTESIAN_POINT('',(28.421165131496,5.25,97.25));
#1484 = LINE('',#1485,#1486);
#1485 = CARTESIAN_POINT('',(28.421165131496,5.25,99.));
#1486 = VECTOR('',#1487,1.);
#1487 = DIRECTION('',(1.7E-16,0.,1.));
#1488 = ORIENTED_EDGE('',*,*,#1489,.T.);
#1489 = EDGE_CURVE('',#1482,#1457,#1490,.T.);
#1490 = LINE('',#1491,#1492);
#1491 = CARTESIAN_POINT('',(29.310095758607,5.25,97.25));
#1492 = VECTOR('',#1493,1.);
#1493 = DIRECTION('',(-1.,0.,0.));
#1494 = ORIENTED_EDGE('',*,*,#1456,.F.);
#1495 = PLANE('',#1496);
#1496 = AXIS2_PLACEMENT_3D('',#1497,#1498,#1499);
#1497 = CARTESIAN_POINT('',(29.310095758607,5.25,99.));
#1498 = DIRECTION('',(0.,1.,0.));
#1499 = DIRECTION('',(-1.,0.,0.));
#1500 = ADVANCED_FACE('',(#1501),#1533,.T.);
#1501 = FACE_BOUND('',#1502,.T.);
#1502 = EDGE_LOOP('',(#1503,#1504,#1505,#1511,#1519,#1527));
#1503 = ORIENTED_EDGE('',*,*,#821,.F.);
#1504 = ORIENTED_EDGE('',*,*,#1481,.F.);
#1505 = ORIENTED_EDGE('',*,*,#1506,.F.);
#1506 = EDGE_CURVE('',#1403,#1482,#1507,.T.);
#1507 = LINE('',#1508,#1509);
#1508 = CARTESIAN_POINT('',(24.454702969927,8.070357446819,97.25));
#1509 = VECTOR('',#1510,1.);
#1510 = DIRECTION('',(0.814978406484,-0.579491326048,0.));
#1511 = ORIENTED_EDGE('',*,*,#1512,.T.);
#1512 = EDGE_CURVE('',#1403,#1513,#1515,.T.);
#1513 = VERTEX_POINT('',#1514);
#1514 = CARTESIAN_POINT('',(26.311612227462,6.75,89.));
#1515 = LINE('',#1516,#1517);
#1516 = CARTESIAN_POINT('',(26.311612227462,6.75,99.));
#1517 = VECTOR('',#1518,1.);
#1518 = DIRECTION('',(0.,-1.2E-16,-1.));
#1519 = ORIENTED_EDGE('',*,*,#1520,.F.);
#1520 = EDGE_CURVE('',#1521,#1513,#1523,.T.);
#1521 = VERTEX_POINT('',#1522);
#1522 = CARTESIAN_POINT('',(29.764373932406,4.294909849139,89.));
#1523 = LINE('',#1524,#1525);
#1524 = CARTESIAN_POINT('',(22.820624969177,9.23227047419,89.));
#1525 = VECTOR('',#1526,1.);
#1526 = DIRECTION('',(-0.814978406484,0.579491326048,0.));
#1527 = ORIENTED_EDGE('',*,*,#1528,.F.);
#1528 = EDGE_CURVE('',#814,#1521,#1529,.T.);
#1529 = LINE('',#1530,#1531);
#1530 = CARTESIAN_POINT('',(29.764373932406,4.294909849139,99.));
#1531 = VECTOR('',#1532,1.);
#1532 = DIRECTION('',(0.,-1.2E-16,-1.));
#1533 = PLANE('',#1534);
#1534 = AXIS2_PLACEMENT_3D('',#1535,#1536,#1537);
#1535 = CARTESIAN_POINT('',(26.311612227462,6.75,99.));
#1536 = DIRECTION('',(-0.579491326048,-0.814978406484,1.E-16));
#1537 = DIRECTION('',(0.814978406484,-0.579491326048,7.E-17));
#1538 = ADVANCED_FACE('',(#1539),#1557,.F.);
#1539 = FACE_BOUND('',#1540,.F.);
#1540 = EDGE_LOOP('',(#1541,#1542,#1550,#1556));
#1541 = ORIENTED_EDGE('',*,*,#813,.F.);
#1542 = ORIENTED_EDGE('',*,*,#1543,.T.);
#1543 = EDGE_CURVE('',#806,#1544,#1546,.T.);
#1544 = VERTEX_POINT('',#1545);
#1545 = CARTESIAN_POINT('',(29.764373932406,0.8,89.));
#1546 = LINE('',#1547,#1548);
#1547 = CARTESIAN_POINT('',(29.764373932406,0.8,99.));
#1548 = VECTOR('',#1549,1.);
#1549 = DIRECTION('',(0.,-1.2E-16,-1.));
#1550 = ORIENTED_EDGE('',*,*,#1551,.F.);
#1551 = EDGE_CURVE('',#1521,#1544,#1552,.T.);
#1552 = LINE('',#1553,#1554);
#1553 = CARTESIAN_POINT('',(29.764373932406,0.4,89.));
#1554 = VECTOR('',#1555,1.);
#1555 = DIRECTION('',(0.,-1.,0.));
#1556 = ORIENTED_EDGE('',*,*,#1528,.F.);
#1557 = PLANE('',#1558);
#1558 = AXIS2_PLACEMENT_3D('',#1559,#1560,#1561);
#1559 = CARTESIAN_POINT('',(29.764373932406,0.8,99.));
#1560 = DIRECTION('',(1.,0.,0.));
#1561 = DIRECTION('',(0.,1.,-1.2E-16));
#1562 = ADVANCED_FACE('',(#1563),#1581,.F.);
#1563 = FACE_BOUND('',#1564,.F.);
#1564 = EDGE_LOOP('',(#1565,#1566,#1574,#1580));
#1565 = ORIENTED_EDGE('',*,*,#805,.F.);
#1566 = ORIENTED_EDGE('',*,*,#1567,.T.);
#1567 = EDGE_CURVE('',#797,#1568,#1570,.T.);
#1568 = VERTEX_POINT('',#1569);
#1569 = CARTESIAN_POINT('',(30.964373932406,0.8,89.));
#1570 = LINE('',#1571,#1572);
#1571 = CARTESIAN_POINT('',(30.964373932406,0.8,99.));
#1572 = VECTOR('',#1573,1.);
#1573 = DIRECTION('',(0.,-1.2E-16,-1.));
#1574 = ORIENTED_EDGE('',*,*,#1575,.F.);
#1575 = EDGE_CURVE('',#1544,#1568,#1576,.T.);
#1576 = LINE('',#1577,#1578);
#1577 = CARTESIAN_POINT('',(20.982186966203,0.8,89.));
#1578 = VECTOR('',#1579,1.);
#1579 = DIRECTION('',(1.,0.,0.));
#1580 = ORIENTED_EDGE('',*,*,#1543,.F.);
#1581 = PLANE('',#1582);
#1582 = AXIS2_PLACEMENT_3D('',#1583,#1584,#1585);
#1583 = CARTESIAN_POINT('',(30.964373932406,0.8,99.));
#1584 = DIRECTION('',(0.,1.,-1.2E-16));
#1585 = DIRECTION('',(-1.,0.,0.));
#1586 = ADVANCED_FACE('',(#1587),#1614,.F.);
#1587 = FACE_BOUND('',#1588,.T.);
#1588 = EDGE_LOOP('',(#1589,#1590,#1591,#1600,#1608));
#1589 = ORIENTED_EDGE('',*,*,#796,.F.);
#1590 = ORIENTED_EDGE('',*,*,#1567,.T.);
#1591 = ORIENTED_EDGE('',*,*,#1592,.T.);
#1592 = EDGE_CURVE('',#1568,#1593,#1595,.T.);
#1593 = VERTEX_POINT('',#1594);
#1594 = CARTESIAN_POINT('',(30.988742959947,-0.45,89.));
#1595 = CIRCLE('',#1596,9.);
#1596 = AXIS2_PLACEMENT_3D('',#1597,#1598,#1599);
#1597 = CARTESIAN_POINT('',(22.,0.,89.));
#1598 = DIRECTION('',(0.,0.,-1.));
#1599 = DIRECTION('',(1.,0.,0.));
#1600 = ORIENTED_EDGE('',*,*,#1601,.F.);
#1601 = EDGE_CURVE('',#1602,#1593,#1604,.T.);
#1602 = VERTEX_POINT('',#1603);
#1603 = CARTESIAN_POINT('',(30.988742959947,-0.45,97.));
#1604 = LINE('',#1605,#1606);
#1605 = CARTESIAN_POINT('',(30.988742959944,-0.450000000019,99.));
#1606 = VECTOR('',#1607,1.);
#1607 = DIRECTION('',(0.,-1.2E-16,-1.));
#1608 = ORIENTED_EDGE('',*,*,#1609,.F.);
#1609 = EDGE_CURVE('',#789,#1602,#1610,.T.);
#1610 = LINE('',#1611,#1612);
#1611 = CARTESIAN_POINT('',(30.988742959947,-0.45,99.));
#1612 = VECTOR('',#1613,1.);
#1613 = DIRECTION('',(0.,0.,-1.));
#1614 = CYLINDRICAL_SURFACE('',#1615,9.);
#1615 = AXIS2_PLACEMENT_3D('',#1616,#1617,#1618);
#1616 = CARTESIAN_POINT('',(22.,0.,99.));
#1617 = DIRECTION('',(0.,0.,1.));
#1618 = DIRECTION('',(1.,0.,0.));
#1619 = ADVANCED_FACE('',(#1620),#1638,.F.);
#1620 = FACE_BOUND('',#1621,.F.);
#1621 = EDGE_LOOP('',(#1622,#1623,#1631,#1637));
#1622 = ORIENTED_EDGE('',*,*,#788,.F.);
#1623 = ORIENTED_EDGE('',*,*,#1624,.T.);
#1624 = EDGE_CURVE('',#781,#1625,#1627,.T.);
#1625 = VERTEX_POINT('',#1626);
#1626 = CARTESIAN_POINT('',(29.788742959963,-0.45,97.));
#1627 = LINE('',#1628,#1629);
#1628 = CARTESIAN_POINT('',(29.788742959963,-0.45,99.));
#1629 = VECTOR('',#1630,1.);
#1630 = DIRECTION('',(0.,-1.2E-16,-1.));
#1631 = ORIENTED_EDGE('',*,*,#1632,.T.);
#1632 = EDGE_CURVE('',#1625,#1602,#1633,.T.);
#1633 = LINE('',#1634,#1635);
#1634 = CARTESIAN_POINT('',(27.945153254429,-0.45,97.));
#1635 = VECTOR('',#1636,1.);
#1636 = DIRECTION('',(1.,1.5E-16,0.));
#1637 = ORIENTED_EDGE('',*,*,#1609,.F.);
#1638 = PLANE('',#1639);
#1639 = AXIS2_PLACEMENT_3D('',#1640,#1641,#1642);
#1640 = CARTESIAN_POINT('',(27.945153254429,-0.45,99.));
#1641 = DIRECTION('',(1.5E-16,-1.,0.));
#1642 = DIRECTION('',(1.,1.5E-16,0.));
#1643 = ADVANCED_FACE('',(#1644),#1662,.F.);
#1644 = FACE_BOUND('',#1645,.F.);
#1645 = EDGE_LOOP('',(#1646,#1647,#1655,#1661));
#1646 = ORIENTED_EDGE('',*,*,#780,.F.);
#1647 = ORIENTED_EDGE('',*,*,#1648,.T.);
#1648 = EDGE_CURVE('',#773,#1649,#1651,.T.);
#1649 = VERTEX_POINT('',#1650);
#1650 = CARTESIAN_POINT('',(27.945153254429,-0.45,97.));
#1651 = LINE('',#1652,#1653);
#1652 = CARTESIAN_POINT('',(27.945153254429,-0.45,99.));
#1653 = VECTOR('',#1654,1.);
#1654 = DIRECTION('',(0.,0.,-1.));
#1655 = ORIENTED_EDGE('',*,*,#1656,.T.);
#1656 = EDGE_CURVE('',#1649,#1625,#1657,.T.);
#1657 = LINE('',#1658,#1659);
#1658 = CARTESIAN_POINT('',(27.945153254429,-0.45,97.));
#1659 = VECTOR('',#1660,1.);
#1660 = DIRECTION('',(1.,1.5E-16,0.));
#1661 = ORIENTED_EDGE('',*,*,#1624,.F.);
#1662 = PLANE('',#1663);
#1663 = AXIS2_PLACEMENT_3D('',#1664,#1665,#1666);
#1664 = CARTESIAN_POINT('',(27.945153254429,-0.45,99.));
#1665 = DIRECTION('',(1.5E-16,-1.,0.));
#1666 = DIRECTION('',(1.,1.5E-16,0.));
#1667 = ADVANCED_FACE('',(#1668),#1686,.F.);
#1668 = FACE_BOUND('',#1669,.F.);
#1669 = EDGE_LOOP('',(#1670,#1678,#1684,#1685));
#1670 = ORIENTED_EDGE('',*,*,#1671,.T.);
#1671 = EDGE_CURVE('',#765,#1672,#1674,.T.);
#1672 = VERTEX_POINT('',#1673);
#1673 = CARTESIAN_POINT('',(27.945153254429,-2.45,97.));
#1674 = LINE('',#1675,#1676);
#1675 = CARTESIAN_POINT('',(27.945153254429,-2.45,99.));
#1676 = VECTOR('',#1677,1.);
#1677 = DIRECTION('',(0.,0.,-1.));
#1678 = ORIENTED_EDGE('',*,*,#1679,.T.);
#1679 = EDGE_CURVE('',#1672,#1649,#1680,.T.);
#1680 = LINE('',#1681,#1682);
#1681 = CARTESIAN_POINT('',(27.945153254429,-2.45,97.));
#1682 = VECTOR('',#1683,1.);
#1683 = DIRECTION('',(0.,1.,0.));
#1684 = ORIENTED_EDGE('',*,*,#1648,.F.);
#1685 = ORIENTED_EDGE('',*,*,#772,.F.);
#1686 = PLANE('',#1687);
#1687 = AXIS2_PLACEMENT_3D('',#1688,#1689,#1690);
#1688 = CARTESIAN_POINT('',(27.945153254429,-2.45,99.));
#1689 = DIRECTION('',(1.,0.,0.));
#1690 = DIRECTION('',(0.,1.,0.));
#1691 = ADVANCED_FACE('',(#1692),#1710,.F.);
#1692 = FACE_BOUND('',#1693,.F.);
#1693 = EDGE_LOOP('',(#1694,#1702,#1708,#1709));
#1694 = ORIENTED_EDGE('',*,*,#1695,.T.);
#1695 = EDGE_CURVE('',#757,#1696,#1698,.T.);
#1696 = VERTEX_POINT('',#1697);
#1697 = CARTESIAN_POINT('',(16.745153254429,-2.45,97.));
#1698 = LINE('',#1699,#1700);
#1699 = CARTESIAN_POINT('',(16.745153254429,-2.45,99.));
#1700 = VECTOR('',#1701,1.);
#1701 = DIRECTION('',(0.,0.,-1.));
#1702 = ORIENTED_EDGE('',*,*,#1703,.T.);
#1703 = EDGE_CURVE('',#1696,#1672,#1704,.T.);
#1704 = LINE('',#1705,#1706);
#1705 = CARTESIAN_POINT('',(16.745153254429,-2.45,97.));
#1706 = VECTOR('',#1707,1.);
#1707 = DIRECTION('',(1.,0.,0.));
#1708 = ORIENTED_EDGE('',*,*,#1671,.F.);
#1709 = ORIENTED_EDGE('',*,*,#764,.F.);
#1710 = PLANE('',#1711);
#1711 = AXIS2_PLACEMENT_3D('',#1712,#1713,#1714);
#1712 = CARTESIAN_POINT('',(16.745153254429,-2.45,99.));
#1713 = DIRECTION('',(0.,-1.,0.));
#1714 = DIRECTION('',(1.,0.,0.));
#1715 = ADVANCED_FACE('',(#1716),#1734,.F.);
#1716 = FACE_BOUND('',#1717,.F.);
#1717 = EDGE_LOOP('',(#1718,#1726,#1732,#1733));
#1718 = ORIENTED_EDGE('',*,*,#1719,.T.);
#1719 = EDGE_CURVE('',#749,#1720,#1722,.T.);
#1720 = VERTEX_POINT('',#1721);
#1721 = CARTESIAN_POINT('',(16.745153254429,-0.45,97.));
#1722 = LINE('',#1723,#1724);
#1723 = CARTESIAN_POINT('',(16.745153254429,-0.45,99.));
#1724 = VECTOR('',#1725,1.);
#1725 = DIRECTION('',(0.,0.,-1.));
#1726 = ORIENTED_EDGE('',*,*,#1727,.T.);
#1727 = EDGE_CURVE('',#1720,#1696,#1728,.T.);
#1728 = LINE('',#1729,#1730);
#1729 = CARTESIAN_POINT('',(16.745153254429,-0.45,97.));
#1730 = VECTOR('',#1731,1.);
#1731 = DIRECTION('',(0.,-1.,0.));
#1732 = ORIENTED_EDGE('',*,*,#1695,.F.);
#1733 = ORIENTED_EDGE('',*,*,#756,.F.);
#1734 = PLANE('',#1735);
#1735 = AXIS2_PLACEMENT_3D('',#1736,#1737,#1738);
#1736 = CARTESIAN_POINT('',(16.745153254429,-0.45,99.));
#1737 = DIRECTION('',(-1.,-0.,-0.));
#1738 = DIRECTION('',(0.,-1.,0.));
#1739 = ADVANCED_FACE('',(#1740),#1758,.F.);
#1740 = FACE_BOUND('',#1741,.F.);
#1741 = EDGE_LOOP('',(#1742,#1750,#1756,#1757));
#1742 = ORIENTED_EDGE('',*,*,#1743,.T.);
#1743 = EDGE_CURVE('',#741,#1744,#1746,.T.);
#1744 = VERTEX_POINT('',#1745);
#1745 = CARTESIAN_POINT('',(13.75,-0.45,97.));
#1746 = LINE('',#1747,#1748);
#1747 = CARTESIAN_POINT('',(13.75,-0.45,99.));
#1748 = VECTOR('',#1749,1.);
#1749 = DIRECTION('',(0.,0.,-1.));
#1750 = ORIENTED_EDGE('',*,*,#1751,.T.);
#1751 = EDGE_CURVE('',#1744,#1720,#1752,.T.);
#1752 = LINE('',#1753,#1754);
#1753 = CARTESIAN_POINT('',(13.75,-0.45,97.));
#1754 = VECTOR('',#1755,1.);
#1755 = DIRECTION('',(1.,0.,0.));
#1756 = ORIENTED_EDGE('',*,*,#1719,.F.);
#1757 = ORIENTED_EDGE('',*,*,#748,.F.);
#1758 = PLANE('',#1759);
#1759 = AXIS2_PLACEMENT_3D('',#1760,#1761,#1762);
#1760 = CARTESIAN_POINT('',(13.75,-0.45,99.));
#1761 = DIRECTION('',(0.,-1.,0.));
#1762 = DIRECTION('',(1.,0.,0.));
#1763 = ADVANCED_FACE('',(#1764),#1782,.T.);
#1764 = FACE_BOUND('',#1765,.T.);
#1765 = EDGE_LOOP('',(#1766,#1767,#1775,#1781));
#1766 = ORIENTED_EDGE('',*,*,#1743,.T.);
#1767 = ORIENTED_EDGE('',*,*,#1768,.T.);
#1768 = EDGE_CURVE('',#1744,#1769,#1771,.T.);
#1769 = VERTEX_POINT('',#1770);
#1770 = CARTESIAN_POINT('',(13.75,-9.,97.));
#1771 = LINE('',#1772,#1773);
#1772 = CARTESIAN_POINT('',(13.75,-0.45,97.));
#1773 = VECTOR('',#1774,1.);
#1774 = DIRECTION('',(0.,-1.,0.));
#1775 = ORIENTED_EDGE('',*,*,#1776,.F.);
#1776 = EDGE_CURVE('',#733,#1769,#1777,.T.);
#1777 = LINE('',#1778,#1779);
#1778 = CARTESIAN_POINT('',(13.75,-9.,99.));
#1779 = VECTOR('',#1780,1.);
#1780 = DIRECTION('',(0.,0.,-1.));
#1781 = ORIENTED_EDGE('',*,*,#740,.F.);
#1782 = PLANE('',#1783);
#1783 = AXIS2_PLACEMENT_3D('',#1784,#1785,#1786);
#1784 = CARTESIAN_POINT('',(13.75,-0.45,99.));
#1785 = DIRECTION('',(-1.,-0.,-0.));
#1786 = DIRECTION('',(0.,-1.,0.));
#1787 = ADVANCED_FACE('',(#1788,#1863),#1897,.T.);
#1788 = FACE_BOUND('',#1789,.T.);
#1789 = EDGE_LOOP('',(#1790,#1791,#1792,#1793,#1801,#1809,#1817,#1825,
    #1833,#1841,#1849,#1857));
#1790 = ORIENTED_EDGE('',*,*,#1044,.F.);
#1791 = ORIENTED_EDGE('',*,*,#732,.T.);
#1792 = ORIENTED_EDGE('',*,*,#1776,.T.);
#1793 = ORIENTED_EDGE('',*,*,#1794,.T.);
#1794 = EDGE_CURVE('',#1769,#1795,#1797,.T.);
#1795 = VERTEX_POINT('',#1796);
#1796 = CARTESIAN_POINT('',(18.5,-9.,97.));
#1797 = LINE('',#1798,#1799);
#1798 = CARTESIAN_POINT('',(13.75,-9.,97.));
#1799 = VECTOR('',#1800,1.);
#1800 = DIRECTION('',(1.,0.,0.));
#1801 = ORIENTED_EDGE('',*,*,#1802,.T.);
#1802 = EDGE_CURVE('',#1795,#1803,#1805,.T.);
#1803 = VERTEX_POINT('',#1804);
#1804 = CARTESIAN_POINT('',(18.5,-9.,95.));
#1805 = LINE('',#1806,#1807);
#1806 = CARTESIAN_POINT('',(18.5,-9.,97.));
#1807 = VECTOR('',#1808,1.);
#1808 = DIRECTION('',(-0.,-0.,-1.));
#1809 = ORIENTED_EDGE('',*,*,#1810,.T.);
#1810 = EDGE_CURVE('',#1803,#1811,#1813,.T.);
#1811 = VERTEX_POINT('',#1812);
#1812 = CARTESIAN_POINT('',(20.,-9.,95.));
#1813 = LINE('',#1814,#1815);
#1814 = CARTESIAN_POINT('',(9.999999999998,-9.,95.));
#1815 = VECTOR('',#1816,1.);
#1816 = DIRECTION('',(1.,0.,0.));
#1817 = ORIENTED_EDGE('',*,*,#1818,.T.);
#1818 = EDGE_CURVE('',#1811,#1819,#1821,.T.);
#1819 = VERTEX_POINT('',#1820);
#1820 = CARTESIAN_POINT('',(20.,-9.,97.));
#1821 = LINE('',#1822,#1823);
#1822 = CARTESIAN_POINT('',(20.,-9.,98.));
#1823 = VECTOR('',#1824,1.);
#1824 = DIRECTION('',(0.,0.,1.));
#1825 = ORIENTED_EDGE('',*,*,#1826,.T.);
#1826 = EDGE_CURVE('',#1819,#1827,#1829,.T.);
#1827 = VERTEX_POINT('',#1828);
#1828 = CARTESIAN_POINT('',(21.999999999996,-9.,97.));
#1829 = LINE('',#1830,#1831);
#1830 = CARTESIAN_POINT('',(13.75,-9.,97.));
#1831 = VECTOR('',#1832,1.);
#1832 = DIRECTION('',(1.,0.,0.));
#1833 = ORIENTED_EDGE('',*,*,#1834,.T.);
#1834 = EDGE_CURVE('',#1827,#1835,#1837,.T.);
#1835 = VERTEX_POINT('',#1836);
#1836 = CARTESIAN_POINT('',(21.999999999996,-9.,68.9));
#1837 = LINE('',#1838,#1839);
#1838 = CARTESIAN_POINT('',(21.999999999996,-9.,99.));
#1839 = VECTOR('',#1840,1.);
#1840 = DIRECTION('',(0.,0.,-1.));
#1841 = ORIENTED_EDGE('',*,*,#1842,.F.);
#1842 = EDGE_CURVE('',#1843,#1835,#1845,.T.);
#1843 = VERTEX_POINT('',#1844);
#1844 = CARTESIAN_POINT('',(9.,-9.,68.9));
#1845 = LINE('',#1846,#1847);
#1846 = CARTESIAN_POINT('',(16.499999999998,-9.,68.9));
#1847 = VECTOR('',#1848,1.);
#1848 = DIRECTION('',(1.,0.,0.));
#1849 = ORIENTED_EDGE('',*,*,#1850,.F.);
#1850 = EDGE_CURVE('',#1851,#1843,#1853,.T.);
#1851 = VERTEX_POINT('',#1852);
#1852 = CARTESIAN_POINT('',(9.,-9.,89.));
#1853 = LINE('',#1854,#1855);
#1854 = CARTESIAN_POINT('',(9.,-9.,89.));
#1855 = VECTOR('',#1856,1.);
#1856 = DIRECTION('',(0.,0.,-1.));
#1857 = ORIENTED_EDGE('',*,*,#1858,.F.);
#1858 = EDGE_CURVE('',#1045,#1851,#1859,.T.);
#1859 = LINE('',#1860,#1861);
#1860 = CARTESIAN_POINT('',(-3.79075E-12,-9.,89.));
#1861 = VECTOR('',#1862,1.);
#1862 = DIRECTION('',(1.,0.,0.));
#1863 = FACE_BOUND('',#1864,.T.);
#1864 = EDGE_LOOP('',(#1865,#1875,#1883,#1891));
#1865 = ORIENTED_EDGE('',*,*,#1866,.T.);
#1866 = EDGE_CURVE('',#1867,#1869,#1871,.T.);
#1867 = VERTEX_POINT('',#1868);
#1868 = CARTESIAN_POINT('',(3.500000000008,-9.,95.));
#1869 = VERTEX_POINT('',#1870);
#1870 = CARTESIAN_POINT('',(3.500000000008,-9.,97.));
#1871 = LINE('',#1872,#1873);
#1872 = CARTESIAN_POINT('',(3.500000000008,-9.,98.));
#1873 = VECTOR('',#1874,1.);
#1874 = DIRECTION('',(0.,0.,1.));
#1875 = ORIENTED_EDGE('',*,*,#1876,.T.);
#1876 = EDGE_CURVE('',#1869,#1877,#1879,.T.);
#1877 = VERTEX_POINT('',#1878);
#1878 = CARTESIAN_POINT('',(2.,-9.,97.));
#1879 = LINE('',#1880,#1881);
#1880 = CARTESIAN_POINT('',(0.999999999998,-9.,97.));
#1881 = VECTOR('',#1882,1.);
#1882 = DIRECTION('',(-1.,0.,0.));
#1883 = ORIENTED_EDGE('',*,*,#1884,.T.);
#1884 = EDGE_CURVE('',#1877,#1885,#1887,.T.);
#1885 = VERTEX_POINT('',#1886);
#1886 = CARTESIAN_POINT('',(2.,-9.,95.));
#1887 = LINE('',#1888,#1889);
#1888 = CARTESIAN_POINT('',(2.,-9.,97.));
#1889 = VECTOR('',#1890,1.);
#1890 = DIRECTION('',(-0.,-0.,-1.));
#1891 = ORIENTED_EDGE('',*,*,#1892,.T.);
#1892 = EDGE_CURVE('',#1885,#1867,#1893,.T.);
#1893 = LINE('',#1894,#1895);
#1894 = CARTESIAN_POINT('',(1.750000000002,-9.,95.));
#1895 = VECTOR('',#1896,1.);
#1896 = DIRECTION('',(1.,0.,0.));
#1897 = PLANE('',#1898);
#1898 = AXIS2_PLACEMENT_3D('',#1899,#1900,#1901);
#1899 = CARTESIAN_POINT('',(12.736084452972,-9.,85.686084452976));
#1900 = DIRECTION('',(0.,1.,0.));
#1901 = DIRECTION('',(0.,0.,1.));
#1902 = ADVANCED_FACE('',(#1903),#1922,.F.);
#1903 = FACE_BOUND('',#1904,.F.);
#1904 = EDGE_LOOP('',(#1905,#1913,#1920,#1921));
#1905 = ORIENTED_EDGE('',*,*,#1906,.T.);
#1906 = EDGE_CURVE('',#935,#1907,#1909,.T.);
#1907 = VERTEX_POINT('',#1908);
#1908 = CARTESIAN_POINT('',(8.,0.,100.5));
#1909 = LINE('',#1910,#1911);
#1910 = CARTESIAN_POINT('',(8.,0.,99.));
#1911 = VECTOR('',#1912,1.);
#1912 = DIRECTION('',(0.,0.,1.));
#1913 = ORIENTED_EDGE('',*,*,#1914,.T.);
#1914 = EDGE_CURVE('',#1907,#1907,#1915,.T.);
#1915 = CIRCLE('',#1916,8.);
#1916 = AXIS2_PLACEMENT_3D('',#1917,#1918,#1919);
#1917 = CARTESIAN_POINT('',(0.,0.,100.5));
#1918 = DIRECTION('',(0.,0.,-1.));
#1919 = DIRECTION('',(1.,0.,0.));
#1920 = ORIENTED_EDGE('',*,*,#1906,.F.);
#1921 = ORIENTED_EDGE('',*,*,#934,.F.);
#1922 = CYLINDRICAL_SURFACE('',#1923,8.);
#1923 = AXIS2_PLACEMENT_3D('',#1924,#1925,#1926);
#1924 = CARTESIAN_POINT('',(0.,0.,99.));
#1925 = DIRECTION('',(0.,0.,-1.));
#1926 = DIRECTION('',(1.,0.,0.));
#1927 = ADVANCED_FACE('',(#1928),#1953,.T.);
#1928 = FACE_BOUND('',#1929,.T.);
#1929 = EDGE_LOOP('',(#1930,#1938,#1946,#1952));
#1930 = ORIENTED_EDGE('',*,*,#1931,.T.);
#1931 = EDGE_CURVE('',#956,#1932,#1934,.T.);
#1932 = VERTEX_POINT('',#1933);
#1933 = CARTESIAN_POINT('',(13.75,6.75,97.25));
#1934 = LINE('',#1935,#1936);
#1935 = CARTESIAN_POINT('',(13.75,6.75,99.));
#1936 = VECTOR('',#1937,1.);
#1937 = DIRECTION('',(0.,0.,-1.));
#1938 = ORIENTED_EDGE('',*,*,#1939,.T.);
#1939 = EDGE_CURVE('',#1932,#1940,#1942,.T.);
#1940 = VERTEX_POINT('',#1941);
#1941 = CARTESIAN_POINT('',(13.75,5.25,97.25));
#1942 = LINE('',#1943,#1944);
#1943 = CARTESIAN_POINT('',(13.75,6.75,97.25));
#1944 = VECTOR('',#1945,1.);
#1945 = DIRECTION('',(0.,-1.,0.));
#1946 = ORIENTED_EDGE('',*,*,#1947,.F.);
#1947 = EDGE_CURVE('',#958,#1940,#1948,.T.);
#1948 = LINE('',#1949,#1950);
#1949 = CARTESIAN_POINT('',(13.75,5.25,99.));
#1950 = VECTOR('',#1951,1.);
#1951 = DIRECTION('',(0.,0.,-1.));
#1952 = ORIENTED_EDGE('',*,*,#955,.F.);
#1953 = PLANE('',#1954);
#1954 = AXIS2_PLACEMENT_3D('',#1955,#1956,#1957);
#1955 = CARTESIAN_POINT('',(13.75,6.75,99.));
#1956 = DIRECTION('',(-1.,-0.,-0.));
#1957 = DIRECTION('',(0.,-1.,0.));
#1958 = ADVANCED_FACE('',(#1959),#1977,.T.);
#1959 = FACE_BOUND('',#1960,.T.);
#1960 = EDGE_LOOP('',(#1961,#1969,#1975,#1976));
#1961 = ORIENTED_EDGE('',*,*,#1962,.T.);
#1962 = EDGE_CURVE('',#966,#1963,#1965,.T.);
#1963 = VERTEX_POINT('',#1964);
#1964 = CARTESIAN_POINT('',(15.75,6.75,97.25));
#1965 = LINE('',#1966,#1967);
#1966 = CARTESIAN_POINT('',(15.75,6.75,99.));
#1967 = VECTOR('',#1968,1.);
#1968 = DIRECTION('',(0.,0.,-1.));
#1969 = ORIENTED_EDGE('',*,*,#1970,.T.);
#1970 = EDGE_CURVE('',#1963,#1932,#1971,.T.);
#1971 = LINE('',#1972,#1973);
#1972 = CARTESIAN_POINT('',(15.75,6.75,97.25));
#1973 = VECTOR('',#1974,1.);
#1974 = DIRECTION('',(-1.,0.,0.));
#1975 = ORIENTED_EDGE('',*,*,#1931,.F.);
#1976 = ORIENTED_EDGE('',*,*,#965,.F.);
#1977 = PLANE('',#1978);
#1978 = AXIS2_PLACEMENT_3D('',#1979,#1980,#1981);
#1979 = CARTESIAN_POINT('',(15.75,6.75,99.));
#1980 = DIRECTION('',(0.,1.,0.));
#1981 = DIRECTION('',(-1.,0.,0.));
#1982 = ADVANCED_FACE('',(#1983),#2001,.T.);
#1983 = FACE_BOUND('',#1984,.T.);
#1984 = EDGE_LOOP('',(#1985,#1986,#1994,#2000));
#1985 = ORIENTED_EDGE('',*,*,#1947,.T.);
#1986 = ORIENTED_EDGE('',*,*,#1987,.T.);
#1987 = EDGE_CURVE('',#1940,#1988,#1990,.T.);
#1988 = VERTEX_POINT('',#1989);
#1989 = CARTESIAN_POINT('',(15.75,5.25,97.25));
#1990 = LINE('',#1991,#1992);
#1991 = CARTESIAN_POINT('',(13.75,5.25,97.25));
#1992 = VECTOR('',#1993,1.);
#1993 = DIRECTION('',(1.,0.,0.));
#1994 = ORIENTED_EDGE('',*,*,#1995,.F.);
#1995 = EDGE_CURVE('',#974,#1988,#1996,.T.);
#1996 = LINE('',#1997,#1998);
#1997 = CARTESIAN_POINT('',(15.75,5.25,99.));
#1998 = VECTOR('',#1999,1.);
#1999 = DIRECTION('',(0.,0.,-1.));
#2000 = ORIENTED_EDGE('',*,*,#981,.F.);
#2001 = PLANE('',#2002);
#2002 = AXIS2_PLACEMENT_3D('',#2003,#2004,#2005);
#2003 = CARTESIAN_POINT('',(13.75,5.25,99.));
#2004 = DIRECTION('',(0.,-1.,0.));
#2005 = DIRECTION('',(1.,0.,0.));
#2006 = ADVANCED_FACE('',(#2007),#2018,.T.);
#2007 = FACE_BOUND('',#2008,.T.);
#2008 = EDGE_LOOP('',(#2009,#2010,#2016,#2017));
#2009 = ORIENTED_EDGE('',*,*,#1995,.T.);
#2010 = ORIENTED_EDGE('',*,*,#2011,.T.);
#2011 = EDGE_CURVE('',#1988,#1963,#2012,.T.);
#2012 = LINE('',#2013,#2014);
#2013 = CARTESIAN_POINT('',(15.75,5.25,97.25));
#2014 = VECTOR('',#2015,1.);
#2015 = DIRECTION('',(0.,1.,0.));
#2016 = ORIENTED_EDGE('',*,*,#1962,.F.);
#2017 = ORIENTED_EDGE('',*,*,#973,.F.);
#2018 = PLANE('',#2019);
#2019 = AXIS2_PLACEMENT_3D('',#2020,#2021,#2022);
#2020 = CARTESIAN_POINT('',(15.75,5.25,99.));
#2021 = DIRECTION('',(1.,0.,0.));
#2022 = DIRECTION('',(0.,1.,0.));
#2023 = ADVANCED_FACE('',(#2024,#2049,#2083),#2117,.T.);
#2024 = FACE_BOUND('',#2025,.T.);
#2025 = EDGE_LOOP('',(#2026,#2027,#2035,#2043));
#2026 = ORIENTED_EDGE('',*,*,#1001,.F.);
#2027 = ORIENTED_EDGE('',*,*,#2028,.T.);
#2028 = EDGE_CURVE('',#1002,#2029,#2031,.T.);
#2029 = VERTEX_POINT('',#2030);
#2030 = CARTESIAN_POINT('',(22.,10.45,94.));
#2031 = LINE('',#2032,#2033);
#2032 = CARTESIAN_POINT('',(22.,10.45,99.));
#2033 = VECTOR('',#2034,1.);
#2034 = DIRECTION('',(0.,0.,-1.));
#2035 = ORIENTED_EDGE('',*,*,#2036,.F.);
#2036 = EDGE_CURVE('',#2037,#2029,#2039,.T.);
#2037 = VERTEX_POINT('',#2038);
#2038 = CARTESIAN_POINT('',(7.105427357601E-15,10.45,94.));
#2039 = LINE('',#2040,#2041);
#2040 = CARTESIAN_POINT('',(-2.,10.45,94.));
#2041 = VECTOR('',#2042,1.);
#2042 = DIRECTION('',(1.,0.,0.));
#2043 = ORIENTED_EDGE('',*,*,#2044,.F.);
#2044 = EDGE_CURVE('',#1004,#2037,#2045,.T.);
#2045 = LINE('',#2046,#2047);
#2046 = CARTESIAN_POINT('',(7.11E-15,10.45,99.));
#2047 = VECTOR('',#2048,1.);
#2048 = DIRECTION('',(0.,0.,-1.));
#2049 = FACE_BOUND('',#2050,.T.);
#2050 = EDGE_LOOP('',(#2051,#2061,#2069,#2077));
#2051 = ORIENTED_EDGE('',*,*,#2052,.F.);
#2052 = EDGE_CURVE('',#2053,#2055,#2057,.T.);
#2053 = VERTEX_POINT('',#2054);
#2054 = CARTESIAN_POINT('',(3.500000000008,10.45,97.));
#2055 = VERTEX_POINT('',#2056);
#2056 = CARTESIAN_POINT('',(3.500000000008,10.45,95.));
#2057 = LINE('',#2058,#2059);
#2058 = CARTESIAN_POINT('',(3.500000000008,10.45,97.));
#2059 = VECTOR('',#2060,1.);
#2060 = DIRECTION('',(0.,0.,-1.));
#2061 = ORIENTED_EDGE('',*,*,#2062,.F.);
#2062 = EDGE_CURVE('',#2063,#2053,#2065,.T.);
#2063 = VERTEX_POINT('',#2064);
#2064 = CARTESIAN_POINT('',(2.,10.45,97.));
#2065 = LINE('',#2066,#2067);
#2066 = CARTESIAN_POINT('',(2.,10.45,97.));
#2067 = VECTOR('',#2068,1.);
#2068 = DIRECTION('',(1.,0.,0.));
#2069 = ORIENTED_EDGE('',*,*,#2070,.F.);
#2070 = EDGE_CURVE('',#2071,#2063,#2073,.T.);
#2071 = VERTEX_POINT('',#2072);
#2072 = CARTESIAN_POINT('',(2.,10.45,95.));
#2073 = LINE('',#2074,#2075);
#2074 = CARTESIAN_POINT('',(2.,10.45,95.));
#2075 = VECTOR('',#2076,1.);
#2076 = DIRECTION('',(0.,0.,1.));
#2077 = ORIENTED_EDGE('',*,*,#2078,.F.);
#2078 = EDGE_CURVE('',#2055,#2071,#2079,.T.);
#2079 = LINE('',#2080,#2081);
#2080 = CARTESIAN_POINT('',(3.500000000008,10.45,95.));
#2081 = VECTOR('',#2082,1.);
#2082 = DIRECTION('',(-1.,0.,0.));
#2083 = FACE_BOUND('',#2084,.T.);
#2084 = EDGE_LOOP('',(#2085,#2095,#2103,#2111));
#2085 = ORIENTED_EDGE('',*,*,#2086,.F.);
#2086 = EDGE_CURVE('',#2087,#2089,#2091,.T.);
#2087 = VERTEX_POINT('',#2088);
#2088 = CARTESIAN_POINT('',(20.,10.45,97.));
#2089 = VERTEX_POINT('',#2090);
#2090 = CARTESIAN_POINT('',(20.,10.45,95.));
#2091 = LINE('',#2092,#2093);
#2092 = CARTESIAN_POINT('',(20.,10.45,97.));
#2093 = VECTOR('',#2094,1.);
#2094 = DIRECTION('',(0.,0.,-1.));
#2095 = ORIENTED_EDGE('',*,*,#2096,.F.);
#2096 = EDGE_CURVE('',#2097,#2087,#2099,.T.);
#2097 = VERTEX_POINT('',#2098);
#2098 = CARTESIAN_POINT('',(18.5,10.45,97.));
#2099 = LINE('',#2100,#2101);
#2100 = CARTESIAN_POINT('',(18.5,10.45,97.));
#2101 = VECTOR('',#2102,1.);
#2102 = DIRECTION('',(1.,0.,0.));
#2103 = ORIENTED_EDGE('',*,*,#2104,.F.);
#2104 = EDGE_CURVE('',#2105,#2097,#2107,.T.);
#2105 = VERTEX_POINT('',#2106);
#2106 = CARTESIAN_POINT('',(18.5,10.45,95.));
#2107 = LINE('',#2108,#2109);
#2108 = CARTESIAN_POINT('',(18.5,10.45,95.));
#2109 = VECTOR('',#2110,1.);
#2110 = DIRECTION('',(0.,0.,1.));
#2111 = ORIENTED_EDGE('',*,*,#2112,.F.);
#2112 = EDGE_CURVE('',#2089,#2105,#2113,.T.);
#2113 = LINE('',#2114,#2115);
#2114 = CARTESIAN_POINT('',(20.,10.45,95.));
#2115 = VECTOR('',#2116,1.);
#2116 = DIRECTION('',(-1.,0.,0.));
#2117 = PLANE('',#2118);
#2118 = AXIS2_PLACEMENT_3D('',#2119,#2120,#2121);
#2119 = CARTESIAN_POINT('',(22.,10.45,99.));
#2120 = DIRECTION('',(0.,1.,0.));
#2121 = DIRECTION('',(-1.,0.,0.));
#2122 = ADVANCED_FACE('',(#2123),#2159,.T.);
#2123 = FACE_BOUND('',#2124,.F.);
#2124 = EDGE_LOOP('',(#2125,#2126,#2134,#2143,#2151,#2158));
#2125 = ORIENTED_EDGE('',*,*,#1028,.F.);
#2126 = ORIENTED_EDGE('',*,*,#2127,.T.);
#2127 = EDGE_CURVE('',#1021,#2128,#2130,.T.);
#2128 = VERTEX_POINT('',#2129);
#2129 = CARTESIAN_POINT('',(4.401812248034E-12,-10.45,89.));
#2130 = LINE('',#2131,#2132);
#2131 = CARTESIAN_POINT('',(4.40181E-12,-10.45,99.));
#2132 = VECTOR('',#2133,1.);
#2133 = DIRECTION('',(0.,0.,-1.));
#2134 = ORIENTED_EDGE('',*,*,#2135,.T.);
#2135 = EDGE_CURVE('',#2128,#2136,#2138,.T.);
#2136 = VERTEX_POINT('',#2137);
#2137 = CARTESIAN_POINT('',(-2.,10.256826994739,89.));
#2138 = CIRCLE('',#2139,10.45);
#2139 = AXIS2_PLACEMENT_3D('',#2140,#2141,#2142);
#2140 = CARTESIAN_POINT('',(0.,0.,89.));
#2141 = DIRECTION('',(0.,0.,-1.));
#2142 = DIRECTION('',(1.,0.,0.));
#2143 = ORIENTED_EDGE('',*,*,#2144,.T.);
#2144 = EDGE_CURVE('',#2136,#2145,#2147,.T.);
#2145 = VERTEX_POINT('',#2146);
#2146 = CARTESIAN_POINT('',(-2.,10.256826994739,94.));
#2147 = LINE('',#2148,#2149);
#2148 = CARTESIAN_POINT('',(-2.,10.256826994739,99.));
#2149 = VECTOR('',#2150,1.);
#2150 = DIRECTION('',(0.,0.,1.));
#2151 = ORIENTED_EDGE('',*,*,#2152,.F.);
#2152 = EDGE_CURVE('',#2037,#2145,#2153,.T.);
#2153 = CIRCLE('',#2154,10.45);
#2154 = AXIS2_PLACEMENT_3D('',#2155,#2156,#2157);
#2155 = CARTESIAN_POINT('',(0.,0.,94.));
#2156 = DIRECTION('',(0.,0.,1.));
#2157 = DIRECTION('',(1.,0.,0.));
#2158 = ORIENTED_EDGE('',*,*,#2044,.F.);
#2159 = CYLINDRICAL_SURFACE('',#2160,10.45);
#2160 = AXIS2_PLACEMENT_3D('',#2161,#2162,#2163);
#2161 = CARTESIAN_POINT('',(0.,0.,99.));
#2162 = DIRECTION('',(0.,0.,1.));
#2163 = DIRECTION('',(1.,0.,0.));
#2164 = ADVANCED_FACE('',(#2165,#2191,#2225),#2259,.F.);
#2165 = FACE_BOUND('',#2166,.F.);
#2166 = EDGE_LOOP('',(#2167,#2175,#2183,#2189,#2190));
#2167 = ORIENTED_EDGE('',*,*,#2168,.T.);
#2168 = EDGE_CURVE('',#1012,#2169,#2171,.T.);
#2169 = VERTEX_POINT('',#2170);
#2170 = CARTESIAN_POINT('',(22.000000000004,-10.45,89.));
#2171 = LINE('',#2172,#2173);
#2172 = CARTESIAN_POINT('',(22.000000000004,-10.45,99.));
#2173 = VECTOR('',#2174,1.);
#2174 = DIRECTION('',(0.,0.,-1.));
#2175 = ORIENTED_EDGE('',*,*,#2176,.T.);
#2176 = EDGE_CURVE('',#2169,#2177,#2179,.T.);
#2177 = VERTEX_POINT('',#2178);
#2178 = CARTESIAN_POINT('',(9.,-10.45,89.));
#2179 = LINE('',#2180,#2181);
#2180 = CARTESIAN_POINT('',(22.000000000004,-10.45,89.));
#2181 = VECTOR('',#2182,1.);
#2182 = DIRECTION('',(-1.,0.,0.));
#2183 = ORIENTED_EDGE('',*,*,#2184,.T.);
#2184 = EDGE_CURVE('',#2177,#2128,#2185,.T.);
#2185 = LINE('',#2186,#2187);
#2186 = CARTESIAN_POINT('',(22.000000000004,-10.45,89.));
#2187 = VECTOR('',#2188,1.);
#2188 = DIRECTION('',(-1.,0.,0.));
#2189 = ORIENTED_EDGE('',*,*,#2127,.F.);
#2190 = ORIENTED_EDGE('',*,*,#1020,.F.);
#2191 = FACE_BOUND('',#2192,.F.);
#2192 = EDGE_LOOP('',(#2193,#2203,#2211,#2219));
#2193 = ORIENTED_EDGE('',*,*,#2194,.F.);
#2194 = EDGE_CURVE('',#2195,#2197,#2199,.T.);
#2195 = VERTEX_POINT('',#2196);
#2196 = CARTESIAN_POINT('',(3.500000000008,-10.45,97.));
#2197 = VERTEX_POINT('',#2198);
#2198 = CARTESIAN_POINT('',(3.500000000008,-10.45,95.));
#2199 = LINE('',#2200,#2201);
#2200 = CARTESIAN_POINT('',(3.500000000008,-10.45,98.));
#2201 = VECTOR('',#2202,1.);
#2202 = DIRECTION('',(0.,0.,-1.));
#2203 = ORIENTED_EDGE('',*,*,#2204,.F.);
#2204 = EDGE_CURVE('',#2205,#2195,#2207,.T.);
#2205 = VERTEX_POINT('',#2206);
#2206 = CARTESIAN_POINT('',(2.,-10.45,97.));
#2207 = LINE('',#2208,#2209);
#2208 = CARTESIAN_POINT('',(12.000000000002,-10.45,97.));
#2209 = VECTOR('',#2210,1.);
#2210 = DIRECTION('',(1.,0.,0.));
#2211 = ORIENTED_EDGE('',*,*,#2212,.F.);
#2212 = EDGE_CURVE('',#2213,#2205,#2215,.T.);
#2213 = VERTEX_POINT('',#2214);
#2214 = CARTESIAN_POINT('',(2.,-10.45,95.));
#2215 = LINE('',#2216,#2217);
#2216 = CARTESIAN_POINT('',(2.,-10.45,97.));
#2217 = VECTOR('',#2218,1.);
#2218 = DIRECTION('',(0.,0.,1.));
#2219 = ORIENTED_EDGE('',*,*,#2220,.F.);
#2220 = EDGE_CURVE('',#2197,#2213,#2221,.T.);
#2221 = LINE('',#2222,#2223);
#2222 = CARTESIAN_POINT('',(12.750000000006,-10.45,95.));
#2223 = VECTOR('',#2224,1.);
#2224 = DIRECTION('',(-1.,0.,0.));
#2225 = FACE_BOUND('',#2226,.F.);
#2226 = EDGE_LOOP('',(#2227,#2237,#2245,#2253));
#2227 = ORIENTED_EDGE('',*,*,#2228,.F.);
#2228 = EDGE_CURVE('',#2229,#2231,#2233,.T.);
#2229 = VERTEX_POINT('',#2230);
#2230 = CARTESIAN_POINT('',(20.,-10.45,97.));
#2231 = VERTEX_POINT('',#2232);
#2232 = CARTESIAN_POINT('',(20.,-10.45,95.));
#2233 = LINE('',#2234,#2235);
#2234 = CARTESIAN_POINT('',(20.,-10.45,98.));
#2235 = VECTOR('',#2236,1.);
#2236 = DIRECTION('',(0.,0.,-1.));
#2237 = ORIENTED_EDGE('',*,*,#2238,.F.);
#2238 = EDGE_CURVE('',#2239,#2229,#2241,.T.);
#2239 = VERTEX_POINT('',#2240);
#2240 = CARTESIAN_POINT('',(18.5,-10.45,97.));
#2241 = LINE('',#2242,#2243);
#2242 = CARTESIAN_POINT('',(20.250000000002,-10.45,97.));
#2243 = VECTOR('',#2244,1.);
#2244 = DIRECTION('',(1.,0.,0.));
#2245 = ORIENTED_EDGE('',*,*,#2246,.F.);
#2246 = EDGE_CURVE('',#2247,#2239,#2249,.T.);
#2247 = VERTEX_POINT('',#2248);
#2248 = CARTESIAN_POINT('',(18.5,-10.45,95.));
#2249 = LINE('',#2250,#2251);
#2250 = CARTESIAN_POINT('',(18.5,-10.45,97.));
#2251 = VECTOR('',#2252,1.);
#2252 = DIRECTION('',(0.,0.,1.));
#2253 = ORIENTED_EDGE('',*,*,#2254,.F.);
#2254 = EDGE_CURVE('',#2231,#2247,#2255,.T.);
#2255 = LINE('',#2256,#2257);
#2256 = CARTESIAN_POINT('',(21.000000000002,-10.45,95.));
#2257 = VECTOR('',#2258,1.);
#2258 = DIRECTION('',(-1.,0.,0.));
#2259 = PLANE('',#2260);
#2260 = AXIS2_PLACEMENT_3D('',#2261,#2262,#2263);
#2261 = CARTESIAN_POINT('',(22.000000000004,-10.45,99.));
#2262 = DIRECTION('',(0.,1.,0.));
#2263 = DIRECTION('',(-1.,0.,0.));
#2264 = ADVANCED_FACE('',(#2265),#2319,.T.);
#2265 = FACE_BOUND('',#2266,.F.);
#2266 = EDGE_LOOP('',(#2267,#2278,#2284,#2285,#2286,#2287,#2296,#2304,
    #2313));
#2267 = ORIENTED_EDGE('',*,*,#2268,.F.);
#2268 = EDGE_CURVE('',#2269,#2271,#2273,.T.);
#2269 = VERTEX_POINT('',#2270);
#2270 = CARTESIAN_POINT('',(22.000000000004,-10.45,68.9));
#2271 = VERTEX_POINT('',#2272);
#2272 = CARTESIAN_POINT('',(32.440306508911,-0.45,68.9));
#2273 = CIRCLE('',#2274,10.45);
#2274 = AXIS2_PLACEMENT_3D('',#2275,#2276,#2277);
#2275 = CARTESIAN_POINT('',(22.,0.,68.9));
#2276 = DIRECTION('',(0.,0.,1.));
#2277 = DIRECTION('',(1.,0.,0.));
#2278 = ORIENTED_EDGE('',*,*,#2279,.F.);
#2279 = EDGE_CURVE('',#2169,#2269,#2280,.T.);
#2280 = LINE('',#2281,#2282);
#2281 = CARTESIAN_POINT('',(22.000000000004,-10.45,89.));
#2282 = VECTOR('',#2283,1.);
#2283 = DIRECTION('',(0.,0.,-1.));
#2284 = ORIENTED_EDGE('',*,*,#2168,.F.);
#2285 = ORIENTED_EDGE('',*,*,#1011,.F.);
#2286 = ORIENTED_EDGE('',*,*,#2028,.T.);
#2287 = ORIENTED_EDGE('',*,*,#2288,.F.);
#2288 = EDGE_CURVE('',#2289,#2029,#2291,.T.);
#2289 = VERTEX_POINT('',#2290);
#2290 = CARTESIAN_POINT('',(24.,10.256826994739,94.));
#2291 = CIRCLE('',#2292,10.45);
#2292 = AXIS2_PLACEMENT_3D('',#2293,#2294,#2295);
#2293 = CARTESIAN_POINT('',(22.,0.,94.));
#2294 = DIRECTION('',(0.,0.,1.));
#2295 = DIRECTION('',(1.,0.,0.));
#2296 = ORIENTED_EDGE('',*,*,#2297,.F.);
#2297 = EDGE_CURVE('',#2298,#2289,#2300,.T.);
#2298 = VERTEX_POINT('',#2299);
#2299 = CARTESIAN_POINT('',(24.,10.256826994739,89.));
#2300 = LINE('',#2301,#2302);
#2301 = CARTESIAN_POINT('',(24.,10.256826994739,99.));
#2302 = VECTOR('',#2303,1.);
#2303 = DIRECTION('',(0.,0.,1.));
#2304 = ORIENTED_EDGE('',*,*,#2305,.T.);
#2305 = EDGE_CURVE('',#2298,#2306,#2308,.T.);
#2306 = VERTEX_POINT('',#2307);
#2307 = CARTESIAN_POINT('',(32.440306508911,-0.45,89.));
#2308 = CIRCLE('',#2309,10.45);
#2309 = AXIS2_PLACEMENT_3D('',#2310,#2311,#2312);
#2310 = CARTESIAN_POINT('',(22.,0.,89.));
#2311 = DIRECTION('',(0.,0.,-1.));
#2312 = DIRECTION('',(1.,0.,0.));
#2313 = ORIENTED_EDGE('',*,*,#2314,.T.);
#2314 = EDGE_CURVE('',#2306,#2271,#2315,.T.);
#2315 = LINE('',#2316,#2317);
#2316 = CARTESIAN_POINT('',(32.440306508911,-0.45,89.));
#2317 = VECTOR('',#2318,1.);
#2318 = DIRECTION('',(0.,0.,-1.));
#2319 = CYLINDRICAL_SURFACE('',#2320,10.45);
#2320 = AXIS2_PLACEMENT_3D('',#2321,#2322,#2323);
#2321 = CARTESIAN_POINT('',(22.,0.,99.));
#2322 = DIRECTION('',(0.,0.,1.));
#2323 = DIRECTION('',(1.,0.,0.));
#2324 = ADVANCED_FACE('',(#2325),#2345,.F.);
#2325 = FACE_BOUND('',#2326,.F.);
#2326 = EDGE_LOOP('',(#2327,#2328,#2334,#2335,#2336,#2337,#2343,#2344));
#2327 = ORIENTED_EDGE('',*,*,#2152,.T.);
#2328 = ORIENTED_EDGE('',*,*,#2329,.T.);
#2329 = EDGE_CURVE('',#2145,#1062,#2330,.T.);
#2330 = LINE('',#2331,#2332);
#2331 = CARTESIAN_POINT('',(-2.,10.45,94.));
#2332 = VECTOR('',#2333,1.);
#2333 = DIRECTION('',(0.,-1.,2.2E-16));
#2334 = ORIENTED_EDGE('',*,*,#1069,.F.);
#2335 = ORIENTED_EDGE('',*,*,#1094,.F.);
#2336 = ORIENTED_EDGE('',*,*,#1274,.F.);
#2337 = ORIENTED_EDGE('',*,*,#2338,.F.);
#2338 = EDGE_CURVE('',#2289,#1275,#2339,.T.);
#2339 = LINE('',#2340,#2341);
#2340 = CARTESIAN_POINT('',(24.,10.45,94.));
#2341 = VECTOR('',#2342,1.);
#2342 = DIRECTION('',(0.,-1.,2.2E-16));
#2343 = ORIENTED_EDGE('',*,*,#2288,.T.);
#2344 = ORIENTED_EDGE('',*,*,#2036,.F.);
#2345 = PLANE('',#2346);
#2346 = AXIS2_PLACEMENT_3D('',#2347,#2348,#2349);
#2347 = CARTESIAN_POINT('',(-2.,10.45,94.));
#2348 = DIRECTION('',(0.,2.2E-16,1.));
#2349 = DIRECTION('',(1.,0.,0.));
#2350 = ADVANCED_FACE('',(#2351),#2362,.F.);
#2351 = FACE_BOUND('',#2352,.F.);
#2352 = EDGE_LOOP('',(#2353,#2354,#2360,#2361));
#2353 = ORIENTED_EDGE('',*,*,#2144,.F.);
#2354 = ORIENTED_EDGE('',*,*,#2355,.T.);
#2355 = EDGE_CURVE('',#2136,#1053,#2356,.T.);
#2356 = LINE('',#2357,#2358);
#2357 = CARTESIAN_POINT('',(-2.,10.45,89.));
#2358 = VECTOR('',#2359,1.);
#2359 = DIRECTION('',(0.,-1.,2.2E-16));
#2360 = ORIENTED_EDGE('',*,*,#1061,.T.);
#2361 = ORIENTED_EDGE('',*,*,#2329,.F.);
#2362 = PLANE('',#2363);
#2363 = AXIS2_PLACEMENT_3D('',#2364,#2365,#2366);
#2364 = CARTESIAN_POINT('',(-2.,10.45,89.));
#2365 = DIRECTION('',(-1.,0.,0.));
#2366 = DIRECTION('',(0.,2.2E-16,1.));
#2367 = ADVANCED_FACE('',(#2368),#2381,.F.);
#2368 = FACE_BOUND('',#2369,.F.);
#2369 = EDGE_LOOP('',(#2370,#2371,#2372,#2373,#2379,#2380));
#2370 = ORIENTED_EDGE('',*,*,#2355,.F.);
#2371 = ORIENTED_EDGE('',*,*,#2135,.F.);
#2372 = ORIENTED_EDGE('',*,*,#2184,.F.);
#2373 = ORIENTED_EDGE('',*,*,#2374,.F.);
#2374 = EDGE_CURVE('',#1851,#2177,#2375,.T.);
#2375 = LINE('',#2376,#2377);
#2376 = CARTESIAN_POINT('',(9.,-9.,89.));
#2377 = VECTOR('',#2378,1.);
#2378 = DIRECTION('',(1.18E-15,-1.,0.));
#2379 = ORIENTED_EDGE('',*,*,#1858,.F.);
#2380 = ORIENTED_EDGE('',*,*,#1052,.T.);
#2381 = PLANE('',#2382);
#2382 = AXIS2_PLACEMENT_3D('',#2383,#2384,#2385);
#2383 = CARTESIAN_POINT('',(11.,-2.8E-16,89.));
#2384 = DIRECTION('',(0.,0.,1.));
#2385 = DIRECTION('',(1.,0.,0.));
#2386 = ADVANCED_FACE('',(#2387),#2393,.F.);
#2387 = FACE_BOUND('',#2388,.T.);
#2388 = EDGE_LOOP('',(#2389,#2390,#2391,#2392));
#2389 = ORIENTED_EDGE('',*,*,#1256,.T.);
#2390 = ORIENTED_EDGE('',*,*,#1239,.T.);
#2391 = ORIENTED_EDGE('',*,*,#1215,.T.);
#2392 = ORIENTED_EDGE('',*,*,#1117,.T.);
#2393 = PLANE('',#2394);
#2394 = AXIS2_PLACEMENT_3D('',#2395,#2396,#2397);
#2395 = CARTESIAN_POINT('',(20.748226827886,6.789542098694,97.25));
#2396 = DIRECTION('',(0.,0.,1.));
#2397 = DIRECTION('',(1.,0.,0.));
#2398 = ADVANCED_FACE('',(#2399),#2415,.F.);
#2399 = FACE_BOUND('',#2400,.F.);
#2400 = EDGE_LOOP('',(#2401,#2402,#2408,#2409));
#2401 = ORIENTED_EDGE('',*,*,#2052,.F.);
#2402 = ORIENTED_EDGE('',*,*,#2403,.T.);
#2403 = EDGE_CURVE('',#2053,#1136,#2404,.T.);
#2404 = LINE('',#2405,#2406);
#2405 = CARTESIAN_POINT('',(3.500000000008,10.45,97.));
#2406 = VECTOR('',#2407,1.);
#2407 = DIRECTION('',(0.,-1.,2.2E-16));
#2408 = ORIENTED_EDGE('',*,*,#1133,.F.);
#2409 = ORIENTED_EDGE('',*,*,#2410,.F.);
#2410 = EDGE_CURVE('',#2055,#1134,#2411,.T.);
#2411 = LINE('',#2412,#2413);
#2412 = CARTESIAN_POINT('',(3.500000000008,10.45,95.));
#2413 = VECTOR('',#2414,1.);
#2414 = DIRECTION('',(0.,-1.,2.2E-16));
#2415 = PLANE('',#2416);
#2416 = AXIS2_PLACEMENT_3D('',#2417,#2418,#2419);
#2417 = CARTESIAN_POINT('',(3.500000000008,10.45,97.));
#2418 = DIRECTION('',(1.,0.,0.));
#2419 = DIRECTION('',(0.,-2.2E-16,-1.));
#2420 = ADVANCED_FACE('',(#2421),#2432,.F.);
#2421 = FACE_BOUND('',#2422,.F.);
#2422 = EDGE_LOOP('',(#2423,#2424,#2425,#2426));
#2423 = ORIENTED_EDGE('',*,*,#2078,.F.);
#2424 = ORIENTED_EDGE('',*,*,#2410,.T.);
#2425 = ORIENTED_EDGE('',*,*,#1143,.F.);
#2426 = ORIENTED_EDGE('',*,*,#2427,.F.);
#2427 = EDGE_CURVE('',#2071,#1144,#2428,.T.);
#2428 = LINE('',#2429,#2430);
#2429 = CARTESIAN_POINT('',(2.,10.45,95.));
#2430 = VECTOR('',#2431,1.);
#2431 = DIRECTION('',(0.,-1.,2.2E-16));
#2432 = PLANE('',#2433);
#2433 = AXIS2_PLACEMENT_3D('',#2434,#2435,#2436);
#2434 = CARTESIAN_POINT('',(3.500000000008,10.45,95.));
#2435 = DIRECTION('',(-0.,-2.2E-16,-1.));
#2436 = DIRECTION('',(-1.,0.,0.));
#2437 = ADVANCED_FACE('',(#2438),#2449,.F.);
#2438 = FACE_BOUND('',#2439,.F.);
#2439 = EDGE_LOOP('',(#2440,#2441,#2447,#2448));
#2440 = ORIENTED_EDGE('',*,*,#2062,.F.);
#2441 = ORIENTED_EDGE('',*,*,#2442,.T.);
#2442 = EDGE_CURVE('',#2063,#1152,#2443,.T.);
#2443 = LINE('',#2444,#2445);
#2444 = CARTESIAN_POINT('',(2.,10.45,97.));
#2445 = VECTOR('',#2446,1.);
#2446 = DIRECTION('',(0.,-1.,2.2E-16));
#2447 = ORIENTED_EDGE('',*,*,#1159,.F.);
#2448 = ORIENTED_EDGE('',*,*,#2403,.F.);
#2449 = PLANE('',#2450);
#2450 = AXIS2_PLACEMENT_3D('',#2451,#2452,#2453);
#2451 = CARTESIAN_POINT('',(2.,10.45,97.));
#2452 = DIRECTION('',(0.,2.2E-16,1.));
#2453 = DIRECTION('',(1.,0.,0.));
#2454 = ADVANCED_FACE('',(#2455),#2461,.F.);
#2455 = FACE_BOUND('',#2456,.F.);
#2456 = EDGE_LOOP('',(#2457,#2458,#2459,#2460));
#2457 = ORIENTED_EDGE('',*,*,#2070,.F.);
#2458 = ORIENTED_EDGE('',*,*,#2427,.T.);
#2459 = ORIENTED_EDGE('',*,*,#1151,.F.);
#2460 = ORIENTED_EDGE('',*,*,#2442,.F.);
#2461 = PLANE('',#2462);
#2462 = AXIS2_PLACEMENT_3D('',#2463,#2464,#2465);
#2463 = CARTESIAN_POINT('',(2.,10.45,95.));
#2464 = DIRECTION('',(-1.,0.,0.));
#2465 = DIRECTION('',(0.,2.2E-16,1.));
#2466 = ADVANCED_FACE('',(#2467),#2483,.F.);
#2467 = FACE_BOUND('',#2468,.F.);
#2468 = EDGE_LOOP('',(#2469,#2470,#2476,#2477));
#2469 = ORIENTED_EDGE('',*,*,#2086,.F.);
#2470 = ORIENTED_EDGE('',*,*,#2471,.T.);
#2471 = EDGE_CURVE('',#2087,#1170,#2472,.T.);
#2472 = LINE('',#2473,#2474);
#2473 = CARTESIAN_POINT('',(20.,10.45,97.));
#2474 = VECTOR('',#2475,1.);
#2475 = DIRECTION('',(0.,-1.,2.2E-16));
#2476 = ORIENTED_EDGE('',*,*,#1167,.F.);
#2477 = ORIENTED_EDGE('',*,*,#2478,.F.);
#2478 = EDGE_CURVE('',#2089,#1168,#2479,.T.);
#2479 = LINE('',#2480,#2481);
#2480 = CARTESIAN_POINT('',(20.,10.45,95.));
#2481 = VECTOR('',#2482,1.);
#2482 = DIRECTION('',(0.,-1.,2.2E-16));
#2483 = PLANE('',#2484);
#2484 = AXIS2_PLACEMENT_3D('',#2485,#2486,#2487);
#2485 = CARTESIAN_POINT('',(20.,10.45,97.));
#2486 = DIRECTION('',(1.,0.,0.));
#2487 = DIRECTION('',(0.,-2.2E-16,-1.));
#2488 = ADVANCED_FACE('',(#2489),#2500,.F.);
#2489 = FACE_BOUND('',#2490,.F.);
#2490 = EDGE_LOOP('',(#2491,#2492,#2493,#2494));
#2491 = ORIENTED_EDGE('',*,*,#2112,.F.);
#2492 = ORIENTED_EDGE('',*,*,#2478,.T.);
#2493 = ORIENTED_EDGE('',*,*,#1177,.F.);
#2494 = ORIENTED_EDGE('',*,*,#2495,.F.);
#2495 = EDGE_CURVE('',#2105,#1178,#2496,.T.);
#2496 = LINE('',#2497,#2498);
#2497 = CARTESIAN_POINT('',(18.5,10.45,95.));
#2498 = VECTOR('',#2499,1.);
#2499 = DIRECTION('',(0.,-1.,2.2E-16));
#2500 = PLANE('',#2501);
#2501 = AXIS2_PLACEMENT_3D('',#2502,#2503,#2504);
#2502 = CARTESIAN_POINT('',(20.,10.45,95.));
#2503 = DIRECTION('',(-0.,-2.2E-16,-1.));
#2504 = DIRECTION('',(-1.,0.,0.));
#2505 = ADVANCED_FACE('',(#2506),#2517,.F.);
#2506 = FACE_BOUND('',#2507,.F.);
#2507 = EDGE_LOOP('',(#2508,#2509,#2515,#2516));
#2508 = ORIENTED_EDGE('',*,*,#2096,.F.);
#2509 = ORIENTED_EDGE('',*,*,#2510,.T.);
#2510 = EDGE_CURVE('',#2097,#1186,#2511,.T.);
#2511 = LINE('',#2512,#2513);
#2512 = CARTESIAN_POINT('',(18.5,10.45,97.));
#2513 = VECTOR('',#2514,1.);
#2514 = DIRECTION('',(0.,-1.,2.2E-16));
#2515 = ORIENTED_EDGE('',*,*,#1193,.F.);
#2516 = ORIENTED_EDGE('',*,*,#2471,.F.);
#2517 = PLANE('',#2518);
#2518 = AXIS2_PLACEMENT_3D('',#2519,#2520,#2521);
#2519 = CARTESIAN_POINT('',(18.5,10.45,97.));
#2520 = DIRECTION('',(0.,2.2E-16,1.));
#2521 = DIRECTION('',(1.,0.,0.));
#2522 = ADVANCED_FACE('',(#2523),#2529,.F.);
#2523 = FACE_BOUND('',#2524,.F.);
#2524 = EDGE_LOOP('',(#2525,#2526,#2527,#2528));
#2525 = ORIENTED_EDGE('',*,*,#2104,.F.);
#2526 = ORIENTED_EDGE('',*,*,#2495,.T.);
#2527 = ORIENTED_EDGE('',*,*,#1185,.F.);
#2528 = ORIENTED_EDGE('',*,*,#2510,.F.);
#2529 = PLANE('',#2530);
#2530 = AXIS2_PLACEMENT_3D('',#2531,#2532,#2533);
#2531 = CARTESIAN_POINT('',(18.5,10.45,95.));
#2532 = DIRECTION('',(-1.,0.,0.));
#2533 = DIRECTION('',(0.,2.2E-16,1.));
#2534 = ADVANCED_FACE('',(#2535),#2540,.F.);
#2535 = FACE_BOUND('',#2536,.T.);
#2536 = EDGE_LOOP('',(#2537,#2538,#2539));
#2537 = ORIENTED_EDGE('',*,*,#1361,.T.);
#2538 = ORIENTED_EDGE('',*,*,#1339,.T.);
#2539 = ORIENTED_EDGE('',*,*,#1308,.T.);
#2540 = PLANE('',#2541);
#2541 = AXIS2_PLACEMENT_3D('',#2542,#2543,#2544);
#2542 = CARTESIAN_POINT('',(20.748226827886,6.789542098694,97.25));
#2543 = DIRECTION('',(0.,0.,1.));
#2544 = DIRECTION('',(1.,0.,0.));
#2545 = ADVANCED_FACE('',(#2546),#2572,.F.);
#2546 = FACE_BOUND('',#2547,.F.);
#2547 = EDGE_LOOP('',(#2548,#2556,#2564,#2570,#2571));
#2548 = ORIENTED_EDGE('',*,*,#2549,.F.);
#2549 = EDGE_CURVE('',#2550,#862,#2552,.T.);
#2550 = VERTEX_POINT('',#2551);
#2551 = CARTESIAN_POINT('',(27.3,8.1,99.));
#2552 = LINE('',#2553,#2554);
#2553 = CARTESIAN_POINT('',(27.3,8.1,99.));
#2554 = VECTOR('',#2555,1.);
#2555 = DIRECTION('',(-1.,0.,0.));
#2556 = ORIENTED_EDGE('',*,*,#2557,.T.);
#2557 = EDGE_CURVE('',#2550,#2558,#2560,.T.);
#2558 = VERTEX_POINT('',#2559);
#2559 = CARTESIAN_POINT('',(27.3,8.1,89.));
#2560 = LINE('',#2561,#2562);
#2561 = CARTESIAN_POINT('',(27.3,8.1,99.));
#2562 = VECTOR('',#2563,1.);
#2563 = DIRECTION('',(-0.,-0.,-1.));
#2564 = ORIENTED_EDGE('',*,*,#2565,.F.);
#2565 = EDGE_CURVE('',#1292,#2558,#2566,.T.);
#2566 = LINE('',#2567,#2568);
#2567 = CARTESIAN_POINT('',(19.15,8.1,89.));
#2568 = VECTOR('',#2569,1.);
#2569 = DIRECTION('',(1.,0.,0.));
#2570 = ORIENTED_EDGE('',*,*,#1300,.F.);
#2571 = ORIENTED_EDGE('',*,*,#1355,.F.);
#2572 = PLANE('',#2573);
#2573 = AXIS2_PLACEMENT_3D('',#2574,#2575,#2576);
#2574 = CARTESIAN_POINT('',(27.3,8.1,99.));
#2575 = DIRECTION('',(0.,1.,0.));
#2576 = DIRECTION('',(-1.,0.,0.));
#2577 = ADVANCED_FACE('',(#2578),#2629,.F.);
#2578 = FACE_BOUND('',#2579,.F.);
#2579 = EDGE_LOOP('',(#2580,#2581,#2587,#2588,#2589,#2597,#2606,#2615,
    #2622,#2623));
#2580 = ORIENTED_EDGE('',*,*,#2305,.F.);
#2581 = ORIENTED_EDGE('',*,*,#2582,.T.);
#2582 = EDGE_CURVE('',#2298,#1284,#2583,.T.);
#2583 = LINE('',#2584,#2585);
#2584 = CARTESIAN_POINT('',(24.,10.45,89.));
#2585 = VECTOR('',#2586,1.);
#2586 = DIRECTION('',(0.,-1.,2.2E-16));
#2587 = ORIENTED_EDGE('',*,*,#1291,.T.);
#2588 = ORIENTED_EDGE('',*,*,#2565,.T.);
#2589 = ORIENTED_EDGE('',*,*,#2590,.T.);
#2590 = EDGE_CURVE('',#2558,#2591,#2593,.T.);
#2591 = VERTEX_POINT('',#2592);
#2592 = CARTESIAN_POINT('',(27.300000000003,7.273926037564,89.));
#2593 = LINE('',#2594,#2595);
#2594 = CARTESIAN_POINT('',(27.3,3.375,89.));
#2595 = VECTOR('',#2596,1.);
#2596 = DIRECTION('',(0.,-1.,0.));
#2597 = ORIENTED_EDGE('',*,*,#2598,.T.);
#2598 = EDGE_CURVE('',#2591,#2599,#2601,.T.);
#2599 = VERTEX_POINT('',#2600);
#2600 = CARTESIAN_POINT('',(29.764373932406,4.551318208802,89.));
#2601 = CIRCLE('',#2602,9.);
#2602 = AXIS2_PLACEMENT_3D('',#2603,#2604,#2605);
#2603 = CARTESIAN_POINT('',(22.,0.,89.));
#2604 = DIRECTION('',(0.,0.,-1.));
#2605 = DIRECTION('',(1.,0.,0.));
#2606 = ORIENTED_EDGE('',*,*,#2607,.T.);
#2607 = EDGE_CURVE('',#2599,#2608,#2610,.T.);
#2608 = VERTEX_POINT('',#2609);
#2609 = CARTESIAN_POINT('',(29.996527107718,4.129837068882,89.));
#2610 = CIRCLE('',#2611,9.);
#2611 = AXIS2_PLACEMENT_3D('',#2612,#2613,#2614);
#2612 = CARTESIAN_POINT('',(22.,0.,89.));
#2613 = DIRECTION('',(0.,0.,-1.));
#2614 = DIRECTION('',(1.,0.,0.));
#2615 = ORIENTED_EDGE('',*,*,#2616,.T.);
#2616 = EDGE_CURVE('',#2608,#1568,#2617,.T.);
#2617 = CIRCLE('',#2618,9.);
#2618 = AXIS2_PLACEMENT_3D('',#2619,#2620,#2621);
#2619 = CARTESIAN_POINT('',(22.,0.,89.));
#2620 = DIRECTION('',(0.,0.,-1.));
#2621 = DIRECTION('',(1.,0.,0.));
#2622 = ORIENTED_EDGE('',*,*,#1592,.T.);
#2623 = ORIENTED_EDGE('',*,*,#2624,.T.);
#2624 = EDGE_CURVE('',#1593,#2306,#2625,.T.);
#2625 = LINE('',#2626,#2627);
#2626 = CARTESIAN_POINT('',(30.988742959947,-0.45,89.));
#2627 = VECTOR('',#2628,1.);
#2628 = DIRECTION('',(1.,0.,0.));
#2629 = PLANE('',#2630);
#2630 = AXIS2_PLACEMENT_3D('',#2631,#2632,#2633);
#2631 = CARTESIAN_POINT('',(11.,-2.8E-16,89.));
#2632 = DIRECTION('',(0.,0.,1.));
#2633 = DIRECTION('',(1.,0.,0.));
#2634 = ADVANCED_FACE('',(#2635),#2641,.F.);
#2635 = FACE_BOUND('',#2636,.F.);
#2636 = EDGE_LOOP('',(#2637,#2638,#2639,#2640));
#2637 = ORIENTED_EDGE('',*,*,#2297,.T.);
#2638 = ORIENTED_EDGE('',*,*,#2338,.T.);
#2639 = ORIENTED_EDGE('',*,*,#1283,.F.);
#2640 = ORIENTED_EDGE('',*,*,#2582,.F.);
#2641 = PLANE('',#2642);
#2642 = AXIS2_PLACEMENT_3D('',#2643,#2644,#2645);
#2643 = CARTESIAN_POINT('',(24.,10.45,94.));
#2644 = DIRECTION('',(1.,0.,0.));
#2645 = DIRECTION('',(0.,-2.2E-16,-1.));
#2646 = ADVANCED_FACE('',(#2647),#2671,.T.);
#2647 = FACE_BOUND('',#2648,.T.);
#2648 = EDGE_LOOP('',(#2649,#2650,#2656,#2664,#2670));
#2649 = ORIENTED_EDGE('',*,*,#1377,.T.);
#2650 = ORIENTED_EDGE('',*,*,#2651,.F.);
#2651 = EDGE_CURVE('',#2591,#1378,#2652,.T.);
#2652 = LINE('',#2653,#2654);
#2653 = CARTESIAN_POINT('',(27.3,7.273926037567,99.));
#2654 = VECTOR('',#2655,1.);
#2655 = DIRECTION('',(0.,0.,1.));
#2656 = ORIENTED_EDGE('',*,*,#2657,.F.);
#2657 = EDGE_CURVE('',#2658,#2591,#2660,.T.);
#2658 = VERTEX_POINT('',#2659);
#2659 = CARTESIAN_POINT('',(27.3,6.75,89.));
#2660 = LINE('',#2661,#2662);
#2661 = CARTESIAN_POINT('',(27.29999999996,3.636963018677,89.));
#2662 = VECTOR('',#2663,1.);
#2663 = DIRECTION('',(1.272614E-11,1.,0.));
#2664 = ORIENTED_EDGE('',*,*,#2665,.F.);
#2665 = EDGE_CURVE('',#1411,#2658,#2666,.T.);
#2666 = LINE('',#2667,#2668);
#2667 = CARTESIAN_POINT('',(27.3,6.75,99.));
#2668 = VECTOR('',#2669,1.);
#2669 = DIRECTION('',(0.,-1.2E-16,-1.));
#2670 = ORIENTED_EDGE('',*,*,#1418,.F.);
#2671 = PLANE('',#2672);
#2672 = AXIS2_PLACEMENT_3D('',#2673,#2674,#2675);
#2673 = CARTESIAN_POINT('',(27.300000000007,7.273926037561,99.));
#2674 = DIRECTION('',(-1.,1.272614E-11,0.));
#2675 = DIRECTION('',(-1.272614E-11,-1.,1.2E-16));
#2676 = ADVANCED_FACE('',(#2677),#2687,.F.);
#2677 = FACE_BOUND('',#2678,.F.);
#2678 = EDGE_LOOP('',(#2679,#2680,#2686));
#2679 = ORIENTED_EDGE('',*,*,#1385,.T.);
#2680 = ORIENTED_EDGE('',*,*,#2681,.T.);
#2681 = EDGE_CURVE('',#1378,#2550,#2682,.T.);
#2682 = LINE('',#2683,#2684);
#2683 = CARTESIAN_POINT('',(27.3,6.75,99.));
#2684 = VECTOR('',#2685,1.);
#2685 = DIRECTION('',(0.,1.,0.));
#2686 = ORIENTED_EDGE('',*,*,#2549,.T.);
#2687 = PLANE('',#2688);
#2688 = AXIS2_PLACEMENT_3D('',#2689,#2690,#2691);
#2689 = CARTESIAN_POINT('',(26.811160201676,7.624655677082,99.));
#2690 = DIRECTION('',(0.,0.,1.));
#2691 = DIRECTION('',(1.,0.,0.));
#2692 = ADVANCED_FACE('',(#2693),#2704,.F.);
#2693 = FACE_BOUND('',#2694,.F.);
#2694 = EDGE_LOOP('',(#2695,#2696,#2697,#2703));
#2695 = ORIENTED_EDGE('',*,*,#1410,.F.);
#2696 = ORIENTED_EDGE('',*,*,#1512,.T.);
#2697 = ORIENTED_EDGE('',*,*,#2698,.F.);
#2698 = EDGE_CURVE('',#2658,#1513,#2699,.T.);
#2699 = LINE('',#2700,#2701);
#2700 = CARTESIAN_POINT('',(18.655806113731,6.75,89.));
#2701 = VECTOR('',#2702,1.);
#2702 = DIRECTION('',(-1.,0.,0.));
#2703 = ORIENTED_EDGE('',*,*,#2665,.F.);
#2704 = PLANE('',#2705);
#2705 = AXIS2_PLACEMENT_3D('',#2706,#2707,#2708);
#2706 = CARTESIAN_POINT('',(26.311612227462,6.75,99.));
#2707 = DIRECTION('',(0.,-1.,1.2E-16));
#2708 = DIRECTION('',(1.,0.,0.));
#2709 = ADVANCED_FACE('',(#2710),#2716,.F.);
#2710 = FACE_BOUND('',#2711,.F.);
#2711 = EDGE_LOOP('',(#2712,#2713,#2714,#2715));
#2712 = ORIENTED_EDGE('',*,*,#1441,.F.);
#2713 = ORIENTED_EDGE('',*,*,#1464,.F.);
#2714 = ORIENTED_EDGE('',*,*,#1489,.F.);
#2715 = ORIENTED_EDGE('',*,*,#1506,.F.);
#2716 = PLANE('',#2717);
#2717 = AXIS2_PLACEMENT_3D('',#2718,#2719,#2720);
#2718 = CARTESIAN_POINT('',(20.748226827886,6.789542098694,97.25));
#2719 = DIRECTION('',(0.,0.,1.));
#2720 = DIRECTION('',(1.,0.,0.));
#2721 = ADVANCED_FACE('',(#2722),#2734,.F.);
#2722 = FACE_BOUND('',#2723,.F.);
#2723 = EDGE_LOOP('',(#2724,#2725,#2726,#2727,#2733));
#2724 = ORIENTED_EDGE('',*,*,#2657,.F.);
#2725 = ORIENTED_EDGE('',*,*,#2698,.T.);
#2726 = ORIENTED_EDGE('',*,*,#1520,.F.);
#2727 = ORIENTED_EDGE('',*,*,#2728,.F.);
#2728 = EDGE_CURVE('',#2599,#1521,#2729,.T.);
#2729 = LINE('',#2730,#2731);
#2730 = CARTESIAN_POINT('',(29.764373932406,0.4,89.));
#2731 = VECTOR('',#2732,1.);
#2732 = DIRECTION('',(0.,-1.,0.));
#2733 = ORIENTED_EDGE('',*,*,#2598,.F.);
#2734 = PLANE('',#2735);
#2735 = AXIS2_PLACEMENT_3D('',#2736,#2737,#2738);
#2736 = CARTESIAN_POINT('',(11.,-2.8E-16,89.));
#2737 = DIRECTION('',(0.,0.,1.));
#2738 = DIRECTION('',(1.,0.,0.));
#2739 = ADVANCED_FACE('',(#2740),#2751,.F.);
#2740 = FACE_BOUND('',#2741,.F.);
#2741 = EDGE_LOOP('',(#2742,#2748,#2749,#2750));
#2742 = ORIENTED_EDGE('',*,*,#2743,.T.);
#2743 = EDGE_CURVE('',#2608,#1521,#2744,.T.);
#2744 = LINE('',#2745,#2746);
#2745 = CARTESIAN_POINT('',(22.820624969177,9.23227047419,89.));
#2746 = VECTOR('',#2747,1.);
#2747 = DIRECTION('',(-0.814978406484,0.579491326048,0.));
#2748 = ORIENTED_EDGE('',*,*,#1551,.T.);
#2749 = ORIENTED_EDGE('',*,*,#1575,.T.);
#2750 = ORIENTED_EDGE('',*,*,#2616,.F.);
#2751 = PLANE('',#2752);
#2752 = AXIS2_PLACEMENT_3D('',#2753,#2754,#2755);
#2753 = CARTESIAN_POINT('',(11.,-2.8E-16,89.));
#2754 = DIRECTION('',(0.,0.,1.));
#2755 = DIRECTION('',(1.,0.,0.));
#2756 = ADVANCED_FACE('',(#2757),#2783,.F.);
#2757 = FACE_BOUND('',#2758,.F.);
#2758 = EDGE_LOOP('',(#2759,#2760,#2768,#2776,#2782));
#2759 = ORIENTED_EDGE('',*,*,#1632,.F.);
#2760 = ORIENTED_EDGE('',*,*,#2761,.T.);
#2761 = EDGE_CURVE('',#1625,#2762,#2764,.T.);
#2762 = VERTEX_POINT('',#2763);
#2763 = CARTESIAN_POINT('',(29.788742959963,-0.45,87.));
#2764 = LINE('',#2765,#2766);
#2765 = CARTESIAN_POINT('',(29.788742959963,-0.45,99.));
#2766 = VECTOR('',#2767,1.);
#2767 = DIRECTION('',(0.,-1.2E-16,-1.));
#2768 = ORIENTED_EDGE('',*,*,#2769,.F.);
#2769 = EDGE_CURVE('',#2770,#2762,#2772,.T.);
#2770 = VERTEX_POINT('',#2771);
#2771 = CARTESIAN_POINT('',(30.988742959944,-0.450000000019,87.));
#2772 = LINE('',#2773,#2774);
#2773 = CARTESIAN_POINT('',(20.394371479981,-0.45,87.));
#2774 = VECTOR('',#2775,1.);
#2775 = DIRECTION('',(-1.,0.,0.));
#2776 = ORIENTED_EDGE('',*,*,#2777,.F.);
#2777 = EDGE_CURVE('',#1593,#2770,#2778,.T.);
#2778 = LINE('',#2779,#2780);
#2779 = CARTESIAN_POINT('',(30.988742959947,-0.45,89.));
#2780 = VECTOR('',#2781,1.);
#2781 = DIRECTION('',(0.,0.,-1.));
#2782 = ORIENTED_EDGE('',*,*,#1601,.F.);
#2783 = PLANE('',#2784);
#2784 = AXIS2_PLACEMENT_3D('',#2785,#2786,#2787);
#2785 = CARTESIAN_POINT('',(29.788742959963,-0.45,99.));
#2786 = DIRECTION('',(0.,-1.,1.2E-16));
#2787 = DIRECTION('',(1.,0.,0.));
#2788 = ADVANCED_FACE('',(#2789),#2820,.F.);
#2789 = FACE_BOUND('',#2790,.F.);
#2790 = EDGE_LOOP('',(#2791,#2792,#2793,#2794,#2800,#2801,#2810,#2816,
    #2817,#2818,#2819));
#2791 = ORIENTED_EDGE('',*,*,#1751,.F.);
#2792 = ORIENTED_EDGE('',*,*,#1768,.T.);
#2793 = ORIENTED_EDGE('',*,*,#1794,.T.);
#2794 = ORIENTED_EDGE('',*,*,#2795,.F.);
#2795 = EDGE_CURVE('',#1819,#1795,#2796,.T.);
#2796 = LINE('',#2797,#2798);
#2797 = CARTESIAN_POINT('',(9.249999999998,-9.,97.));
#2798 = VECTOR('',#2799,1.);
#2799 = DIRECTION('',(-1.,0.,0.));
#2800 = ORIENTED_EDGE('',*,*,#1826,.T.);
#2801 = ORIENTED_EDGE('',*,*,#2802,.F.);
#2802 = EDGE_CURVE('',#2803,#1827,#2805,.T.);
#2803 = VERTEX_POINT('',#2804);
#2804 = CARTESIAN_POINT('',(29.788742959965,-4.509488119905,97.));
#2805 = CIRCLE('',#2806,9.);
#2806 = AXIS2_PLACEMENT_3D('',#2807,#2808,#2809);
#2807 = CARTESIAN_POINT('',(22.,0.,97.));
#2808 = DIRECTION('',(0.,0.,-1.));
#2809 = DIRECTION('',(1.,0.,0.));
#2810 = ORIENTED_EDGE('',*,*,#2811,.F.);
#2811 = EDGE_CURVE('',#1625,#2803,#2812,.T.);
#2812 = LINE('',#2813,#2814);
#2813 = CARTESIAN_POINT('',(29.788742959963,-2.444094028123,97.));
#2814 = VECTOR('',#2815,1.);
#2815 = DIRECTION('',(0.,-1.,0.));
#2816 = ORIENTED_EDGE('',*,*,#1656,.F.);
#2817 = ORIENTED_EDGE('',*,*,#1679,.F.);
#2818 = ORIENTED_EDGE('',*,*,#1703,.F.);
#2819 = ORIENTED_EDGE('',*,*,#1727,.F.);
#2820 = PLANE('',#2821);
#2821 = AXIS2_PLACEMENT_3D('',#2822,#2823,#2824);
#2822 = CARTESIAN_POINT('',(21.567092919124,-4.438188056247,97.));
#2823 = DIRECTION('',(0.,0.,1.));
#2824 = DIRECTION('',(1.,0.,0.));
#2825 = ADVANCED_FACE('',(#2826),#2852,.T.);
#2826 = FACE_BOUND('',#2827,.T.);
#2827 = EDGE_LOOP('',(#2828,#2829,#2830,#2838,#2846));
#2828 = ORIENTED_EDGE('',*,*,#2374,.F.);
#2829 = ORIENTED_EDGE('',*,*,#1850,.T.);
#2830 = ORIENTED_EDGE('',*,*,#2831,.F.);
#2831 = EDGE_CURVE('',#2832,#1843,#2834,.T.);
#2832 = VERTEX_POINT('',#2833);
#2833 = CARTESIAN_POINT('',(9.,-10.5,68.9));
#2834 = LINE('',#2835,#2836);
#2835 = CARTESIAN_POINT('',(9.,-4.5,68.9));
#2836 = VECTOR('',#2837,1.);
#2837 = DIRECTION('',(-1.18E-15,1.,0.));
#2838 = ORIENTED_EDGE('',*,*,#2839,.F.);
#2839 = EDGE_CURVE('',#2840,#2832,#2842,.T.);
#2840 = VERTEX_POINT('',#2841);
#2841 = CARTESIAN_POINT('',(9.,-10.5,89.));
#2842 = LINE('',#2843,#2844);
#2843 = CARTESIAN_POINT('',(9.,-10.5,89.));
#2844 = VECTOR('',#2845,1.);
#2845 = DIRECTION('',(0.,0.,-1.));
#2846 = ORIENTED_EDGE('',*,*,#2847,.F.);
#2847 = EDGE_CURVE('',#2177,#2840,#2848,.T.);
#2848 = LINE('',#2849,#2850);
#2849 = CARTESIAN_POINT('',(9.,-9.,89.));
#2850 = VECTOR('',#2851,1.);
#2851 = DIRECTION('',(1.18E-15,-1.,0.));
#2852 = PLANE('',#2853);
#2853 = AXIS2_PLACEMENT_3D('',#2854,#2855,#2856);
#2854 = CARTESIAN_POINT('',(9.,-9.,89.));
#2855 = DIRECTION('',(-1.,-1.18E-15,-0.));
#2856 = DIRECTION('',(1.18E-15,-1.,0.));
#2857 = ADVANCED_FACE('',(#2858),#2884,.F.);
#2858 = FACE_BOUND('',#2859,.F.);
#2859 = EDGE_LOOP('',(#2860,#2869,#2870,#2871,#2877,#2878));
#2860 = ORIENTED_EDGE('',*,*,#2861,.F.);
#2861 = EDGE_CURVE('',#1835,#2862,#2864,.T.);
#2862 = VERTEX_POINT('',#2863);
#2863 = CARTESIAN_POINT('',(30.988742959947,-0.45,68.9));
#2864 = CIRCLE('',#2865,9.);
#2865 = AXIS2_PLACEMENT_3D('',#2866,#2867,#2868);
#2866 = CARTESIAN_POINT('',(22.,0.,68.9));
#2867 = DIRECTION('',(0.,0.,1.));
#2868 = DIRECTION('',(1.,0.,0.));
#2869 = ORIENTED_EDGE('',*,*,#1842,.F.);
#2870 = ORIENTED_EDGE('',*,*,#2831,.F.);
#2871 = ORIENTED_EDGE('',*,*,#2872,.F.);
#2872 = EDGE_CURVE('',#2269,#2832,#2873,.T.);
#2873 = LINE('',#2874,#2875);
#2874 = CARTESIAN_POINT('',(10.020177216313,-10.49607624147,68.9));
#2875 = VECTOR('',#2876,1.);
#2876 = DIRECTION('',(-0.999992603632,-3.846125398585E-03,0.));
#2877 = ORIENTED_EDGE('',*,*,#2268,.T.);
#2878 = ORIENTED_EDGE('',*,*,#2879,.T.);
#2879 = EDGE_CURVE('',#2271,#2862,#2880,.T.);
#2880 = LINE('',#2881,#2882);
#2881 = CARTESIAN_POINT('',(20.994371479974,-0.45,68.9));
#2882 = VECTOR('',#2883,1.);
#2883 = DIRECTION('',(-1.,0.,0.));
#2884 = PLANE('',#2885);
#2885 = AXIS2_PLACEMENT_3D('',#2886,#2887,#2888);
#2886 = CARTESIAN_POINT('',(11.,-5.E-16,68.9));
#2887 = DIRECTION('',(0.,0.,1.));
#2888 = DIRECTION('',(1.,0.,0.));
#2889 = ADVANCED_FACE('',(#2890),#2916,.F.);
#2890 = FACE_BOUND('',#2891,.T.);
#2891 = EDGE_LOOP('',(#2892,#2901,#2907,#2908,#2909,#2910));
#2892 = ORIENTED_EDGE('',*,*,#2893,.T.);
#2893 = EDGE_CURVE('',#2894,#2770,#2896,.T.);
#2894 = VERTEX_POINT('',#2895);
#2895 = CARTESIAN_POINT('',(29.788742959963,-4.509488119903,87.));
#2896 = CIRCLE('',#2897,8.999961996976);
#2897 = AXIS2_PLACEMENT_3D('',#2898,#2899,#2900);
#2898 = CARTESIAN_POINT('',(22.00003749573,-1.108387907887E-05,87.));
#2899 = DIRECTION('',(-0.,1.2E-16,1.));
#2900 = DIRECTION('',(1.,0.,0.));
#2901 = ORIENTED_EDGE('',*,*,#2902,.T.);
#2902 = EDGE_CURVE('',#2770,#2862,#2903,.T.);
#2903 = LINE('',#2904,#2905);
#2904 = CARTESIAN_POINT('',(30.988742959947,-0.45,89.));
#2905 = VECTOR('',#2906,1.);
#2906 = DIRECTION('',(0.,0.,-1.));
#2907 = ORIENTED_EDGE('',*,*,#2861,.F.);
#2908 = ORIENTED_EDGE('',*,*,#1834,.F.);
#2909 = ORIENTED_EDGE('',*,*,#2802,.F.);
#2910 = ORIENTED_EDGE('',*,*,#2911,.T.);
#2911 = EDGE_CURVE('',#2803,#2894,#2912,.T.);
#2912 = LINE('',#2913,#2914);
#2913 = CARTESIAN_POINT('',(29.788742959963,-4.509488119903,99.));
#2914 = VECTOR('',#2915,1.);
#2915 = DIRECTION('',(0.,-1.2E-16,-1.));
#2916 = CYLINDRICAL_SURFACE('',#2917,9.);
#2917 = AXIS2_PLACEMENT_3D('',#2918,#2919,#2920);
#2918 = CARTESIAN_POINT('',(22.,0.,99.));
#2919 = DIRECTION('',(0.,0.,1.));
#2920 = DIRECTION('',(1.,0.,0.));
#2921 = ADVANCED_FACE('',(#2922),#2938,.F.);
#2922 = FACE_BOUND('',#2923,.F.);
#2923 = EDGE_LOOP('',(#2924,#2925,#2931,#2932));
#2924 = ORIENTED_EDGE('',*,*,#1818,.T.);
#2925 = ORIENTED_EDGE('',*,*,#2926,.T.);
#2926 = EDGE_CURVE('',#1819,#2229,#2927,.T.);
#2927 = LINE('',#2928,#2929);
#2928 = CARTESIAN_POINT('',(20.,10.45,97.));
#2929 = VECTOR('',#2930,1.);
#2930 = DIRECTION('',(0.,-1.,2.2E-16));
#2931 = ORIENTED_EDGE('',*,*,#2228,.T.);
#2932 = ORIENTED_EDGE('',*,*,#2933,.F.);
#2933 = EDGE_CURVE('',#1811,#2231,#2934,.T.);
#2934 = LINE('',#2935,#2936);
#2935 = CARTESIAN_POINT('',(20.,10.45,95.));
#2936 = VECTOR('',#2937,1.);
#2937 = DIRECTION('',(0.,-1.,2.2E-16));
#2938 = PLANE('',#2939);
#2939 = AXIS2_PLACEMENT_3D('',#2940,#2941,#2942);
#2940 = CARTESIAN_POINT('',(20.,10.45,97.));
#2941 = DIRECTION('',(1.,0.,0.));
#2942 = DIRECTION('',(0.,-2.2E-16,-1.));
#2943 = ADVANCED_FACE('',(#2944),#2955,.F.);
#2944 = FACE_BOUND('',#2945,.F.);
#2945 = EDGE_LOOP('',(#2946,#2947,#2948,#2949));
#2946 = ORIENTED_EDGE('',*,*,#1810,.T.);
#2947 = ORIENTED_EDGE('',*,*,#2933,.T.);
#2948 = ORIENTED_EDGE('',*,*,#2254,.T.);
#2949 = ORIENTED_EDGE('',*,*,#2950,.F.);
#2950 = EDGE_CURVE('',#1803,#2247,#2951,.T.);
#2951 = LINE('',#2952,#2953);
#2952 = CARTESIAN_POINT('',(18.5,10.45,95.));
#2953 = VECTOR('',#2954,1.);
#2954 = DIRECTION('',(0.,-1.,2.2E-16));
#2955 = PLANE('',#2956);
#2956 = AXIS2_PLACEMENT_3D('',#2957,#2958,#2959);
#2957 = CARTESIAN_POINT('',(20.,10.45,95.));
#2958 = DIRECTION('',(-0.,-2.2E-16,-1.));
#2959 = DIRECTION('',(-1.,0.,0.));
#2960 = ADVANCED_FACE('',(#2961),#2972,.F.);
#2961 = FACE_BOUND('',#2962,.F.);
#2962 = EDGE_LOOP('',(#2963,#2964,#2965,#2966));
#2963 = ORIENTED_EDGE('',*,*,#1802,.T.);
#2964 = ORIENTED_EDGE('',*,*,#2950,.T.);
#2965 = ORIENTED_EDGE('',*,*,#2246,.T.);
#2966 = ORIENTED_EDGE('',*,*,#2967,.F.);
#2967 = EDGE_CURVE('',#1795,#2239,#2968,.T.);
#2968 = LINE('',#2969,#2970);
#2969 = CARTESIAN_POINT('',(18.5,10.45,97.));
#2970 = VECTOR('',#2971,1.);
#2971 = DIRECTION('',(0.,-1.,2.2E-16));
#2972 = PLANE('',#2973);
#2973 = AXIS2_PLACEMENT_3D('',#2974,#2975,#2976);
#2974 = CARTESIAN_POINT('',(18.5,10.45,95.));
#2975 = DIRECTION('',(-1.,0.,0.));
#2976 = DIRECTION('',(0.,2.2E-16,1.));
#2977 = ADVANCED_FACE('',(#2978),#2994,.F.);
#2978 = FACE_BOUND('',#2979,.F.);
#2979 = EDGE_LOOP('',(#2980,#2981,#2987,#2988));
#2980 = ORIENTED_EDGE('',*,*,#1866,.T.);
#2981 = ORIENTED_EDGE('',*,*,#2982,.T.);
#2982 = EDGE_CURVE('',#1869,#2195,#2983,.T.);
#2983 = LINE('',#2984,#2985);
#2984 = CARTESIAN_POINT('',(3.500000000008,10.45,97.));
#2985 = VECTOR('',#2986,1.);
#2986 = DIRECTION('',(0.,-1.,2.2E-16));
#2987 = ORIENTED_EDGE('',*,*,#2194,.T.);
#2988 = ORIENTED_EDGE('',*,*,#2989,.F.);
#2989 = EDGE_CURVE('',#1867,#2197,#2990,.T.);
#2990 = LINE('',#2991,#2992);
#2991 = CARTESIAN_POINT('',(3.500000000008,10.45,95.));
#2992 = VECTOR('',#2993,1.);
#2993 = DIRECTION('',(0.,-1.,2.2E-16));
#2994 = PLANE('',#2995);
#2995 = AXIS2_PLACEMENT_3D('',#2996,#2997,#2998);
#2996 = CARTESIAN_POINT('',(3.500000000008,10.45,97.));
#2997 = DIRECTION('',(1.,0.,0.));
#2998 = DIRECTION('',(0.,-2.2E-16,-1.));
#2999 = ADVANCED_FACE('',(#3000),#3011,.F.);
#3000 = FACE_BOUND('',#3001,.F.);
#3001 = EDGE_LOOP('',(#3002,#3003,#3004,#3005));
#3002 = ORIENTED_EDGE('',*,*,#1892,.T.);
#3003 = ORIENTED_EDGE('',*,*,#2989,.T.);
#3004 = ORIENTED_EDGE('',*,*,#2220,.T.);
#3005 = ORIENTED_EDGE('',*,*,#3006,.F.);
#3006 = EDGE_CURVE('',#1885,#2213,#3007,.T.);
#3007 = LINE('',#3008,#3009);
#3008 = CARTESIAN_POINT('',(2.,10.45,95.));
#3009 = VECTOR('',#3010,1.);
#3010 = DIRECTION('',(0.,-1.,2.2E-16));
#3011 = PLANE('',#3012);
#3012 = AXIS2_PLACEMENT_3D('',#3013,#3014,#3015);
#3013 = CARTESIAN_POINT('',(3.500000000008,10.45,95.));
#3014 = DIRECTION('',(-0.,-2.2E-16,-1.));
#3015 = DIRECTION('',(-1.,0.,0.));
#3016 = ADVANCED_FACE('',(#3017),#3028,.F.);
#3017 = FACE_BOUND('',#3018,.F.);
#3018 = EDGE_LOOP('',(#3019,#3020,#3026,#3027));
#3019 = ORIENTED_EDGE('',*,*,#1876,.T.);
#3020 = ORIENTED_EDGE('',*,*,#3021,.T.);
#3021 = EDGE_CURVE('',#1877,#2205,#3022,.T.);
#3022 = LINE('',#3023,#3024);
#3023 = CARTESIAN_POINT('',(2.,10.45,97.));
#3024 = VECTOR('',#3025,1.);
#3025 = DIRECTION('',(0.,-1.,2.2E-16));
#3026 = ORIENTED_EDGE('',*,*,#2204,.T.);
#3027 = ORIENTED_EDGE('',*,*,#2982,.F.);
#3028 = PLANE('',#3029);
#3029 = AXIS2_PLACEMENT_3D('',#3030,#3031,#3032);
#3030 = CARTESIAN_POINT('',(2.,10.45,97.));
#3031 = DIRECTION('',(0.,2.2E-16,1.));
#3032 = DIRECTION('',(1.,0.,0.));
#3033 = ADVANCED_FACE('',(#3034),#3040,.F.);
#3034 = FACE_BOUND('',#3035,.F.);
#3035 = EDGE_LOOP('',(#3036,#3037,#3038,#3039));
#3036 = ORIENTED_EDGE('',*,*,#1884,.T.);
#3037 = ORIENTED_EDGE('',*,*,#3006,.T.);
#3038 = ORIENTED_EDGE('',*,*,#2212,.T.);
#3039 = ORIENTED_EDGE('',*,*,#3021,.F.);
#3040 = PLANE('',#3041);
#3041 = AXIS2_PLACEMENT_3D('',#3042,#3043,#3044);
#3042 = CARTESIAN_POINT('',(2.,10.45,95.));
#3043 = DIRECTION('',(-1.,0.,0.));
#3044 = DIRECTION('',(0.,2.2E-16,1.));
#3045 = ADVANCED_FACE('',(#3046,#3049),#3060,.F.);
#3046 = FACE_BOUND('',#3047,.T.);
#3047 = EDGE_LOOP('',(#3048));
#3048 = ORIENTED_EDGE('',*,*,#1914,.T.);
#3049 = FACE_BOUND('',#3050,.F.);
#3050 = EDGE_LOOP('',(#3051));
#3051 = ORIENTED_EDGE('',*,*,#3052,.T.);
#3052 = EDGE_CURVE('',#3053,#3053,#3055,.T.);
#3053 = VERTEX_POINT('',#3054);
#3054 = CARTESIAN_POINT('',(4.25,0.,100.5));
#3055 = CIRCLE('',#3056,4.25);
#3056 = AXIS2_PLACEMENT_3D('',#3057,#3058,#3059);
#3057 = CARTESIAN_POINT('',(0.,0.,100.5));
#3058 = DIRECTION('',(0.,0.,-1.));
#3059 = DIRECTION('',(1.,0.,0.));
#3060 = PLANE('',#3061);
#3061 = AXIS2_PLACEMENT_3D('',#3062,#3063,#3064);
#3062 = CARTESIAN_POINT('',(0.,-6.1E-16,100.5));
#3063 = DIRECTION('',(0.,0.,1.));
#3064 = DIRECTION('',(1.,0.,0.));
#3065 = ADVANCED_FACE('',(#3066),#3072,.F.);
#3066 = FACE_BOUND('',#3067,.F.);
#3067 = EDGE_LOOP('',(#3068,#3069,#3070,#3071));
#3068 = ORIENTED_EDGE('',*,*,#1939,.T.);
#3069 = ORIENTED_EDGE('',*,*,#1987,.T.);
#3070 = ORIENTED_EDGE('',*,*,#2011,.T.);
#3071 = ORIENTED_EDGE('',*,*,#1970,.T.);
#3072 = PLANE('',#3073);
#3073 = AXIS2_PLACEMENT_3D('',#3074,#3075,#3076);
#3074 = CARTESIAN_POINT('',(20.748226827886,6.789542098694,97.25));
#3075 = DIRECTION('',(0.,0.,1.));
#3076 = DIRECTION('',(1.,0.,0.));
#3077 = ADVANCED_FACE('',(#3078),#3088,.T.);
#3078 = FACE_BOUND('',#3079,.T.);
#3079 = EDGE_LOOP('',(#3080,#3086,#3087));
#3080 = ORIENTED_EDGE('',*,*,#3081,.T.);
#3081 = EDGE_CURVE('',#2840,#2169,#3082,.T.);
#3082 = LINE('',#3083,#3084);
#3083 = CARTESIAN_POINT('',(9.,-10.5,89.));
#3084 = VECTOR('',#3085,1.);
#3085 = DIRECTION('',(0.999992603632,3.846125398585E-03,0.));
#3086 = ORIENTED_EDGE('',*,*,#2176,.T.);
#3087 = ORIENTED_EDGE('',*,*,#2847,.T.);
#3088 = PLANE('',#3089);
#3089 = AXIS2_PLACEMENT_3D('',#3090,#3091,#3092);
#3090 = CARTESIAN_POINT('',(22.020981099025,-7.760994138595,89.));
#3091 = DIRECTION('',(0.,0.,1.));
#3092 = DIRECTION('',(1.,0.,0.));
#3093 = ADVANCED_FACE('',(#3094),#3100,.F.);
#3094 = FACE_BOUND('',#3095,.F.);
#3095 = EDGE_LOOP('',(#3096,#3097,#3098,#3099));
#3096 = ORIENTED_EDGE('',*,*,#2795,.T.);
#3097 = ORIENTED_EDGE('',*,*,#2967,.T.);
#3098 = ORIENTED_EDGE('',*,*,#2238,.T.);
#3099 = ORIENTED_EDGE('',*,*,#2926,.F.);
#3100 = PLANE('',#3101);
#3101 = AXIS2_PLACEMENT_3D('',#3102,#3103,#3104);
#3102 = CARTESIAN_POINT('',(18.5,10.45,97.));
#3103 = DIRECTION('',(0.,2.2E-16,1.));
#3104 = DIRECTION('',(1.,0.,0.));
#3105 = ADVANCED_FACE('',(#3106),#3113,.F.);
#3106 = FACE_BOUND('',#3107,.F.);
#3107 = EDGE_LOOP('',(#3108,#3109,#3110,#3111,#3112));
#3108 = ORIENTED_EDGE('',*,*,#2624,.F.);
#3109 = ORIENTED_EDGE('',*,*,#2777,.T.);
#3110 = ORIENTED_EDGE('',*,*,#2902,.T.);
#3111 = ORIENTED_EDGE('',*,*,#2879,.F.);
#3112 = ORIENTED_EDGE('',*,*,#2314,.F.);
#3113 = PLANE('',#3114);
#3114 = AXIS2_PLACEMENT_3D('',#3115,#3116,#3117);
#3115 = CARTESIAN_POINT('',(30.988742959947,-0.45,89.));
#3116 = DIRECTION('',(0.,-1.,0.));
#3117 = DIRECTION('',(1.,0.,0.));
#3118 = ADVANCED_FACE('',(#3119),#3125,.T.);
#3119 = FACE_BOUND('',#3120,.T.);
#3120 = EDGE_LOOP('',(#3121,#3122,#3123,#3124));
#3121 = ORIENTED_EDGE('',*,*,#3081,.F.);
#3122 = ORIENTED_EDGE('',*,*,#2839,.T.);
#3123 = ORIENTED_EDGE('',*,*,#2872,.F.);
#3124 = ORIENTED_EDGE('',*,*,#2279,.F.);
#3125 = PLANE('',#3126);
#3126 = AXIS2_PLACEMENT_3D('',#3127,#3128,#3129);
#3127 = CARTESIAN_POINT('',(9.,-10.5,89.));
#3128 = DIRECTION('',(3.846125398585E-03,-0.999992603632,0.));
#3129 = DIRECTION('',(0.999992603632,3.846125398585E-03,0.));
#3130 = ADVANCED_FACE('',(#3131),#3137,.F.);
#3131 = FACE_BOUND('',#3132,.F.);
#3132 = EDGE_LOOP('',(#3133,#3134,#3135,#3136));
#3133 = ORIENTED_EDGE('',*,*,#2681,.F.);
#3134 = ORIENTED_EDGE('',*,*,#2651,.F.);
#3135 = ORIENTED_EDGE('',*,*,#2590,.F.);
#3136 = ORIENTED_EDGE('',*,*,#2557,.F.);
#3137 = PLANE('',#3138);
#3138 = AXIS2_PLACEMENT_3D('',#3139,#3140,#3141);
#3139 = CARTESIAN_POINT('',(27.3,6.75,99.));
#3140 = DIRECTION('',(1.,0.,0.));
#3141 = DIRECTION('',(0.,1.,0.));
#3142 = ADVANCED_FACE('',(#3143),#3148,.F.);
#3143 = FACE_BOUND('',#3144,.F.);
#3144 = EDGE_LOOP('',(#3145,#3146,#3147));
#3145 = ORIENTED_EDGE('',*,*,#2607,.F.);
#3146 = ORIENTED_EDGE('',*,*,#2728,.T.);
#3147 = ORIENTED_EDGE('',*,*,#2743,.F.);
#3148 = PLANE('',#3149);
#3149 = AXIS2_PLACEMENT_3D('',#3150,#3151,#3152);
#3150 = CARTESIAN_POINT('',(11.,-2.8E-16,89.));
#3151 = DIRECTION('',(0.,0.,1.));
#3152 = DIRECTION('',(1.,0.,0.));
#3153 = ADVANCED_FACE('',(#3154),#3164,.F.);
#3154 = FACE_BOUND('',#3155,.F.);
#3155 = EDGE_LOOP('',(#3156,#3157,#3158));
#3156 = ORIENTED_EDGE('',*,*,#2893,.T.);
#3157 = ORIENTED_EDGE('',*,*,#2769,.T.);
#3158 = ORIENTED_EDGE('',*,*,#3159,.F.);
#3159 = EDGE_CURVE('',#2894,#2762,#3160,.T.);
#3160 = LINE('',#3161,#3162);
#3161 = CARTESIAN_POINT('',(29.788742959963,-0.225,87.));
#3162 = VECTOR('',#3163,1.);
#3163 = DIRECTION('',(0.,1.,0.));
#3164 = PLANE('',#3165);
#3165 = AXIS2_PLACEMENT_3D('',#3166,#3167,#3168);
#3166 = CARTESIAN_POINT('',(11.,-5.2E-16,87.));
#3167 = DIRECTION('',(0.,0.,1.));
#3168 = DIRECTION('',(1.,0.,0.));
#3169 = ADVANCED_FACE('',(#3170),#3176,.T.);
#3170 = FACE_BOUND('',#3171,.T.);
#3171 = EDGE_LOOP('',(#3172,#3173,#3174,#3175));
#3172 = ORIENTED_EDGE('',*,*,#2811,.F.);
#3173 = ORIENTED_EDGE('',*,*,#2761,.T.);
#3174 = ORIENTED_EDGE('',*,*,#3159,.F.);
#3175 = ORIENTED_EDGE('',*,*,#2911,.F.);
#3176 = PLANE('',#3177);
#3177 = AXIS2_PLACEMENT_3D('',#3178,#3179,#3180);
#3178 = CARTESIAN_POINT('',(29.788742959963,-0.45,99.));
#3179 = DIRECTION('',(-1.,0.,0.));
#3180 = DIRECTION('',(0.,-1.,1.2E-16));
#3181 = ADVANCED_FACE('',(#3182),#3201,.T.);
#3182 = FACE_BOUND('',#3183,.T.);
#3183 = EDGE_LOOP('',(#3184,#3192,#3193,#3194));
#3184 = ORIENTED_EDGE('',*,*,#3185,.T.);
#3185 = EDGE_CURVE('',#3186,#3053,#3188,.T.);
#3186 = VERTEX_POINT('',#3187);
#3187 = CARTESIAN_POINT('',(4.25,0.,99.));
#3188 = LINE('',#3189,#3190);
#3189 = CARTESIAN_POINT('',(4.25,0.,99.));
#3190 = VECTOR('',#3191,1.);
#3191 = DIRECTION('',(0.,0.,1.));
#3192 = ORIENTED_EDGE('',*,*,#3052,.T.);
#3193 = ORIENTED_EDGE('',*,*,#3185,.F.);
#3194 = ORIENTED_EDGE('',*,*,#3195,.F.);
#3195 = EDGE_CURVE('',#3186,#3186,#3196,.T.);
#3196 = CIRCLE('',#3197,4.25);
#3197 = AXIS2_PLACEMENT_3D('',#3198,#3199,#3200);
#3198 = CARTESIAN_POINT('',(0.,0.,99.));
#3199 = DIRECTION('',(0.,0.,-1.));
#3200 = DIRECTION('',(1.,0.,0.));
#3201 = CYLINDRICAL_SURFACE('',#3202,4.25);
#3202 = AXIS2_PLACEMENT_3D('',#3203,#3204,#3205);
#3203 = CARTESIAN_POINT('',(0.,0.,99.));
#3204 = DIRECTION('',(0.,0.,-1.));
#3205 = DIRECTION('',(1.,0.,0.));
#3206 = ADVANCED_FACE('',(#3207,#3210),#3221,.F.);
#3207 = FACE_BOUND('',#3208,.F.);
#3208 = EDGE_LOOP('',(#3209));
#3209 = ORIENTED_EDGE('',*,*,#3195,.F.);
#3210 = FACE_BOUND('',#3211,.F.);
#3211 = EDGE_LOOP('',(#3212));
#3212 = ORIENTED_EDGE('',*,*,#3213,.T.);
#3213 = EDGE_CURVE('',#3214,#3214,#3216,.T.);
#3214 = VERTEX_POINT('',#3215);
#3215 = CARTESIAN_POINT('',(3.,0.,99.));
#3216 = CIRCLE('',#3217,3.);
#3217 = AXIS2_PLACEMENT_3D('',#3218,#3219,#3220);
#3218 = CARTESIAN_POINT('',(0.,0.,99.));
#3219 = DIRECTION('',(0.,0.,-1.));
#3220 = DIRECTION('',(1.,0.,0.));
#3221 = PLANE('',#3222);
#3222 = AXIS2_PLACEMENT_3D('',#3223,#3224,#3225);
#3223 = CARTESIAN_POINT('',(11.,-2.5E-16,99.));
#3224 = DIRECTION('',(0.,0.,1.));
#3225 = DIRECTION('',(1.,0.,0.));
#3226 = ADVANCED_FACE('',(#3227),#3246,.F.);
#3227 = FACE_BOUND('',#3228,.F.);
#3228 = EDGE_LOOP('',(#3229,#3237,#3244,#3245));
#3229 = ORIENTED_EDGE('',*,*,#3230,.T.);
#3230 = EDGE_CURVE('',#3214,#3231,#3233,.T.);
#3231 = VERTEX_POINT('',#3232);
#3232 = CARTESIAN_POINT('',(3.,0.,100.5));
#3233 = LINE('',#3234,#3235);
#3234 = CARTESIAN_POINT('',(3.,0.,99.));
#3235 = VECTOR('',#3236,1.);
#3236 = DIRECTION('',(0.,0.,1.));
#3237 = ORIENTED_EDGE('',*,*,#3238,.T.);
#3238 = EDGE_CURVE('',#3231,#3231,#3239,.T.);
#3239 = CIRCLE('',#3240,3.);
#3240 = AXIS2_PLACEMENT_3D('',#3241,#3242,#3243);
#3241 = CARTESIAN_POINT('',(0.,0.,100.5));
#3242 = DIRECTION('',(0.,0.,-1.));
#3243 = DIRECTION('',(1.,0.,0.));
#3244 = ORIENTED_EDGE('',*,*,#3230,.F.);
#3245 = ORIENTED_EDGE('',*,*,#3213,.F.);
#3246 = CYLINDRICAL_SURFACE('',#3247,3.);
#3247 = AXIS2_PLACEMENT_3D('',#3248,#3249,#3250);
#3248 = CARTESIAN_POINT('',(0.,0.,99.));
#3249 = DIRECTION('',(0.,0.,-1.));
#3250 = DIRECTION('',(1.,0.,0.));
#3251 = ADVANCED_FACE('',(#3252),#3255,.F.);
#3252 = FACE_BOUND('',#3253,.T.);
#3253 = EDGE_LOOP('',(#3254));
#3254 = ORIENTED_EDGE('',*,*,#3238,.T.);
#3255 = PLANE('',#3256);
#3256 = AXIS2_PLACEMENT_3D('',#3257,#3258,#3259);
#3257 = CARTESIAN_POINT('',(0.,-2.2E-16,100.5));
#3258 = DIRECTION('',(0.,0.,1.));
#3259 = DIRECTION('',(1.,0.,0.));
#3260 = ( GEOMETRIC_REPRESENTATION_CONTEXT(3) 
GLOBAL_UNCERTAINTY_ASSIGNED_CONTEXT((#3264)) 
GLOBAL_UNIT_ASSIGNED_CONTEXT((#3261,#3262,#3263)) REPRESENTATION_CONTEXT
('Context #1','3D Context with UNIT and UNCERTAINTY') );
#3261 = ( LENGTH_UNIT() NAMED_UNIT(*) SI_UNIT(.MILLI.,.METRE.) );
#3262 = ( NAMED_UNIT(*) PLANE_ANGLE_UNIT() SI_UNIT($,.RADIAN.) );
#3263 = ( NAMED_UNIT(*) SI_UNIT($,.STERADIAN.) SOLID_ANGLE_UNIT() );
#3264 = UNCERTAINTY_MEASURE_WITH_UNIT(LENGTH_MEASURE(1.E-05),#3261,
  'distance_accuracy_value','confusion accuracy');
#3265 = PRODUCT_RELATED_PRODUCT_CATEGORY('part',$,(#7));
#3266 = MECHANICAL_DESIGN_GEOMETRIC_PRESENTATION_REPRESENTATION('',(
    #3267),#3260);
#3267 = STYLED_ITEM('color',(#3268),#15);
#3268 = PRESENTATION_STYLE_ASSIGNMENT((#3269,#3275));
#3269 = SURFACE_STYLE_USAGE(.BOTH.,#3270);
#3270 = SURFACE_SIDE_STYLE('',(#3271));
#3271 = SURFACE_STYLE_FILL_AREA(#3272);
#3272 = FILL_AREA_STYLE('',(#3273));
#3273 = FILL_AREA_STYLE_COLOUR('',#3274);
#3274 = COLOUR_RGB('',0.447058818107,0.474509808674,0.501960817233);
#3275 = CURVE_STYLE('',#3276,POSITIVE_LENGTH_MEASURE(0.1),#3277);
#3276 = DRAUGHTING_PRE_DEFINED_CURVE_FONT('continuous');
#3277 = COLOUR_RGB('',9.803921802644E-02,9.803921802644E-02,
  9.803921802644E-02);
ENDSEC;
END-ISO-10303-21;
